{"type": "FeatureCollection", "features": [{"id": "0", "type": "Feature", "properties": {"building_id": "6184605", "area_m2": 4602.887303640413}, "geometry": {"type": "Polygon", "coordinates": [[[120.98004370000001, 14.59399], [120.9800442, 14.5939927], [120.9800572, 14.5940215], [120.98007670000001, 14.5940465], [120.98008839999999, 14.5940553], [120.9800939, 14.594059], [120.9801, 14.5940632], [120.9801222, 14.5940784], [120.9801292, 14.5940832], [120.98013610000001, 14.594088], [120.9801551, 14.5941009], [120.9801623, 14.5941059], [120.98016879999999, 14.5941104], [120.9801859, 14.5941221], [120.9801926, 14.5941266], [120.9801986, 14.5941307], [120.980216, 14.5941427], [120.9802229, 14.5941474], [120.98023029999999, 14.5941525], [120.9802455, 14.5941629], [120.98023989999999, 14.5941731], [120.9802645, 14.5941877], [120.9802726, 14.5941926], [120.98026860000002, 14.594199], [120.9802782, 14.5942046], [120.9802877, 14.5942102], [120.9802917, 14.5942038], [120.98031220000001, 14.5942161], [120.98030760000002, 14.5942294], [120.9803321, 14.5942367], [120.9803403, 14.5942393], [120.980344, 14.5942533], [120.98035870000001, 14.5942579], [120.98037370000002, 14.5942626], [120.98038440000002, 14.5942533], [120.9803873, 14.5942668], [120.98040229999998, 14.5942714], [120.9804173, 14.594276], [120.9804287, 14.5942674], [120.9804323, 14.5942807], [120.9804469, 14.5942855], [120.9804617, 14.5942903], [120.980473, 14.5942815], [120.98050530000002, 14.5942922], [120.9805091, 14.5942792], [120.9805414, 14.5942811], [120.980541, 14.5942874], [120.9805521, 14.594288], [120.98056330000001, 14.5942887], [120.9805637, 14.5942824], [120.98060110000002, 14.5942847], [120.9806018, 14.5942739], [120.980814, 14.5942788], [120.98084050000001, 14.5942772], [120.9808658, 14.5942694], [120.9808884, 14.5942558], [120.9809059, 14.5942384], [120.98091880000001, 14.5942176], [120.9809276, 14.5941949], [120.9809325, 14.5941963], [120.98101669999998, 14.5939362], [120.98103670000002, 14.593874], [120.981016, 14.5938677], [120.9810188, 14.5938588], [120.9809927, 14.5938509], [120.98098990000001, 14.5938598], [120.9809718, 14.5938544], [120.9809747, 14.5938455], [120.98097, 14.5938441], [120.9809565, 14.59384], [120.9809521, 14.5938387], [120.9809493, 14.5938475], [120.9809324, 14.5938424], [120.98093530000001, 14.5938336], [120.9809085, 14.5938255], [120.98090560000001, 14.5938344], [120.9808837, 14.5938277], [120.9808866, 14.5938189], [120.9808632, 14.5938118], [120.98086030000002, 14.5938207], [120.9808552, 14.5938191], [120.9808581, 14.5938103], [120.98083240000001, 14.5938025], [120.98082940000002, 14.5938113], [120.9808229, 14.5938093], [120.9808257, 14.5938005], [120.98080249999998, 14.5937934], [120.9807994, 14.5938023], [120.9807935, 14.5938005], [120.9807963, 14.5937916], [120.9807737, 14.5937848], [120.9807708, 14.5937936], [120.9807651, 14.5937919], [120.980768, 14.593783], [120.9807416, 14.593775], [120.9807387, 14.5937839], [120.98072089999998, 14.5937785], [120.98070670000001, 14.5937742], [120.98070430000001, 14.5937816], [120.98069380000001, 14.5937784], [120.9805959, 14.593749], [120.9805815, 14.5937447], [120.9805671, 14.5937403], [120.98045689999998, 14.5937071], [120.9804593, 14.5936995], [120.9804301, 14.5936906], [120.9804329, 14.5936817], [120.9804027, 14.5936726], [120.98039980000001, 14.5936815], [120.9803906, 14.5936787], [120.9803935, 14.5936697], [120.9803673, 14.5936618], [120.98036440000001, 14.5936708], [120.9803598, 14.5936694], [120.9803627, 14.5936604], [120.9803401, 14.5936536], [120.98033730000002, 14.5936626], [120.9803328, 14.5936612], [120.9803357, 14.5936523], [120.9803091, 14.5936442], [120.98030619999999, 14.5936532], [120.98029690000001, 14.5936504], [120.9802998, 14.5936415], [120.9803043, 14.5936275], [120.9802679, 14.5936165], [120.9802649, 14.593626], [120.9802634, 14.5936305], [120.9802606, 14.5936394], [120.9802491, 14.5936359], [120.98025190000001, 14.593627], [120.9802217, 14.5936179], [120.98021880000002, 14.5936268], [120.98020779999999, 14.5936234], [120.9802107, 14.5936146], [120.98018049999999, 14.5936054], [120.9801776, 14.5936143], [120.98016790000001, 14.5936114], [120.9801708, 14.5936025], [120.98014050000002, 14.5935934], [120.9801376, 14.5936022], [120.9801287, 14.5935988], [120.98010870000002, 14.5936603], [120.98009560000001, 14.5936571], [120.9800822, 14.5936604], [120.9800717, 14.5936693], [120.9800664, 14.5936818], [120.9800612, 14.5936802], [120.98003770000001, 14.5937529], [120.9800198, 14.5938084], [120.9800251, 14.59381], [120.98002240000001, 14.5938228], [120.98002590000002, 14.5938354], [120.9800348, 14.5938455], [120.9800475, 14.5938507], [120.9800301, 14.5939045], [120.9800379, 14.5939069], [120.9800332, 14.5939213], [120.9800418, 14.5939239], [120.9800384, 14.5939585], [120.98003970000002, 14.5939662], [120.9800416, 14.5939775], [120.98004370000001, 14.59399]], [[120.9802608, 14.5937067], [120.9804086, 14.5937516], [120.980373, 14.5938609], [120.9804126, 14.5938729], [120.98039520000002, 14.593927], [120.98031810000002, 14.5940323], [120.9802931, 14.5940152], [120.9803164, 14.5939834], [120.9802771, 14.5939564], [120.9802538, 14.5939882], [120.9801914, 14.5939454], [120.98018790000002, 14.5939231], [120.9802608, 14.5937067]], [[120.9808658, 14.5938906], [120.9807985, 14.5941088], [120.98078260000001, 14.5941252], [120.9807117, 14.5941259], [120.98071120000002, 14.5940845], [120.980662, 14.594085], [120.9806625, 14.5941265], [120.98062729999998, 14.5941269], [120.9806258, 14.5939978], [120.9806435, 14.5939431], [120.98068279999998, 14.5939551], [120.98071840000001, 14.5938458], [120.9808658, 14.5938906]]]}}, {"id": "1", "type": "Feature", "properties": {"building_id": "6203637", "area_m2": 833.5519675050233}, "geometry": {"type": "Polygon", "coordinates": [[[120.983868, 14.5965735], [120.98389510000001, 14.596569], [120.9839195, 14.5966825], [120.983955, 14.5966982], [120.98419120000001, 14.5966584], [120.984186, 14.5966296], [120.98420770000001, 14.5966259], [120.98416969999998, 14.5964152], [120.9838493, 14.5964693], [120.983868, 14.5965735]], [[120.98399649999999, 14.5965525], [120.9840734, 14.5965385], [120.98408340000002, 14.5965904], [120.9840066, 14.5966043], [120.98399649999999, 14.5965525]]]}}, {"id": "2", "type": "Feature", "properties": {"building_id": "15884799", "area_m2": 69.55277317499315}, "geometry": {"type": "Polygon", "coordinates": [[[120.98224439999998, 14.5959464], [120.9822922, 14.5959758], [120.9823493, 14.5958889], [120.9823015, 14.5958595], [120.98226380000001, 14.5959169], [120.98224439999998, 14.5959464]]]}}, {"id": "3", "type": "Feature", "properties": {"building_id": "19997827", "area_m2": 2751.201441566511}, "geometry": {"type": "Polygon", "coordinates": [[[120.97937930000002, 14.5985487], [120.9796526, 14.598803], [120.9797173, 14.5987988], [120.9797389, 14.5987661], [120.9797285, 14.5987596], [120.9799942, 14.5983735], [120.9799957, 14.5983169], [120.97981170000001, 14.5980604], [120.97941240000002, 14.598474], [120.9794009, 14.5984635], [120.9793753, 14.5984943], [120.97937930000002, 14.5985487]], [[120.9796682, 14.5985346], [120.979639, 14.598509], [120.97966680000002, 14.5984791], [120.9796546, 14.5984685], [120.97976520000002, 14.5983497], [120.9797528, 14.5983352], [120.97977250000001, 14.5983196], [120.9797992, 14.5983511], [120.9796682, 14.5985346]]]}}, {"id": "4", "type": "Feature", "properties": {"building_id": "20011375", "area_m2": 1374.7753955344012}, "geometry": {"type": "Polygon", "coordinates": [[[120.97856090000002, 14.5975695], [120.9785297, 14.5975416], [120.97868429999998, 14.5973758], [120.9787155, 14.5974037], [120.97879680000001, 14.5973144], [120.9788057, 14.5973049], [120.9785314, 14.5971613], [120.9785218, 14.5971748], [120.9782776, 14.5975107], [120.97845950000001, 14.5976812], [120.97856090000002, 14.5975695]], [[120.97856579999998, 14.5973304], [120.9784293, 14.5975175], [120.9784116, 14.5975053], [120.978548, 14.5973183], [120.97856579999998, 14.5973304]]]}}, {"id": "5", "type": "Feature", "properties": {"building_id": "20011376", "area_m2": 1232.0153393845094}, "geometry": {"type": "Polygon", "coordinates": [[[120.9779994, 14.5972645], [120.977994, 14.5972743], [120.9782086, 14.5974173], [120.9782589, 14.5974138], [120.97825820000001, 14.5974046], [120.9782575, 14.5973956], [120.978434, 14.597142], [120.9784258, 14.5971104], [120.97816559999998, 14.5969734], [120.9780042, 14.5972565], [120.9779994, 14.5972645]], [[120.97815610000002, 14.597183], [120.9781815, 14.5971449], [120.9782833, 14.5972086], [120.97825790000002, 14.5972466], [120.97815610000002, 14.597183]]]}}, {"id": "6", "type": "Feature", "properties": {"building_id": "27086772", "area_m2": 2283.2032174636843}, "geometry": {"type": "Polygon", "coordinates": [[[120.9839964, 14.5990316], [120.9839652, 14.5990389], [120.98397670000001, 14.5990846], [120.9839192, 14.599098], [120.98392560000002, 14.5991236], [120.9839189, 14.5991423], [120.98390769999999, 14.5991583], [120.9838895, 14.5991693], [120.98386680000002, 14.5991748], [120.9838472, 14.5991728], [120.9838257, 14.5991614], [120.9838121, 14.5991473], [120.9838067, 14.5991257], [120.9837434, 14.5991404], [120.9837317, 14.5990935], [120.9837, 14.5991009], [120.9836732, 14.5989937], [120.9836245, 14.5987981], [120.9835758, 14.5986025], [120.983606, 14.5985948], [120.98358819999999, 14.5985248], [120.9836563, 14.5985086], [120.9837086, 14.598498], [120.98376240000002, 14.5984855], [120.983825, 14.5984718], [120.98384170000001, 14.5985384], [120.98387229999999, 14.5985312], [120.983921, 14.5987278], [120.9839696, 14.5989243], [120.9839964, 14.5990316]]]}}, {"id": "7", "type": "Feature", "properties": {"building_id": "27650569", "area_m2": 5920.839941121299}, "geometry": {"type": "Polygon", "coordinates": [[[120.9786478, 14.5956374], [120.9786622, 14.5955926], [120.9785998, 14.5955602], [120.97855379999999, 14.5955103], [120.97852790000002, 14.5954482], [120.9785253, 14.5953813], [120.9785461, 14.5953175], [120.978588, 14.5952643], [120.97864610000002, 14.595228], [120.9787134, 14.5952127], [120.9787829, 14.5952207], [120.9787976, 14.5951709], [120.978892, 14.5951993], [120.9794308, 14.5953614], [120.9795317, 14.5953917], [120.9795149, 14.595444], [120.97957239999998, 14.5954707], [120.97961840000002, 14.5955134], [120.9796483, 14.5955679], [120.9796591, 14.5956287], [120.9796498, 14.5956898], [120.9796211, 14.5957449], [120.97957620000001, 14.5957886], [120.9795193, 14.5958166], [120.97945629999998, 14.5958259], [120.9793953, 14.5958163], [120.97938180000001, 14.5958582], [120.97934379999998, 14.5958467], [120.9786657, 14.5956428], [120.9786478, 14.5956374]]]}}, {"id": "8", "type": "Feature", "properties": {"building_id": "27790629", "area_m2": 4949.2542261730105}, "geometry": {"type": "Polygon", "coordinates": [[[120.9811458, 14.593682], [120.98117179999998, 14.5936054], [120.9812233, 14.5934542], [120.9812865, 14.5932686], [120.98049010000001, 14.5930114], [120.98048140000002, 14.5930366], [120.9804723, 14.593067], [120.9803501, 14.5930281], [120.9803047, 14.5931592], [120.98023, 14.59339], [120.9811458, 14.593682]]]}}, {"id": "9", "type": "Feature", "properties": {"building_id": "29370182", "area_m2": 1579.165770319223}, "geometry": {"type": "Polygon", "coordinates": [[[120.9820606, 14.5982863], [120.9818745, 14.598353], [120.9816874, 14.5984067], [120.98173060000002, 14.5985801], [120.98177240000001, 14.5987565], [120.9818819, 14.5987378], [120.9819694, 14.5987233], [120.9820343, 14.5987126], [120.9820085, 14.5985826], [120.98211659999998, 14.5985612], [120.9820935, 14.5984477], [120.9820606, 14.5982863]]]}}, {"id": "10", "type": "Feature", "properties": {"building_id": "30106330", "area_m2": 1063.3026555688232}, "geometry": {"type": "Polygon", "coordinates": [[[120.9778595, 14.5952981], [120.9780669, 14.5949376], [120.9782557, 14.5950393], [120.9780483, 14.5953998], [120.9778595, 14.5952981]]]}}, {"id": "11", "type": "Feature", "properties": {"building_id": "30106358", "area_m2": 617.8003130590957}, "geometry": {"type": "Polygon", "coordinates": [[[120.9800667, 14.5956568], [120.980121, 14.5960177], [120.9799805, 14.5960374], [120.9799599, 14.5959016], [120.9799262, 14.5956766], [120.9800667, 14.5956568]]]}}, {"id": "12", "type": "Feature", "properties": {"building_id": "30106360", "area_m2": 343.31526321012166}, "geometry": {"type": "Polygon", "coordinates": [[[120.98006970000002, 14.5960787], [120.980097, 14.5962751], [120.9800843, 14.5962982], [120.97996920000001, 14.5963132], [120.9799389, 14.5960957], [120.98006970000002, 14.5960787]]]}}, {"id": "13", "type": "Feature", "properties": {"building_id": "30106371", "area_m2": 1626.4323126151705}, "geometry": {"type": "Polygon", "coordinates": [[[120.981592, 14.5984354], [120.9815877, 14.5984264], [120.9815808, 14.5984199], [120.9815712, 14.5984182], [120.9814504, 14.5984353], [120.9813265, 14.5984528], [120.9813168, 14.5984565], [120.9813083, 14.5984635], [120.98130550000002, 14.5984764], [120.9813308, 14.5986418], [120.9813608, 14.5986375], [120.98140640000001, 14.5989356], [120.9814114, 14.5989434], [120.98141830000002, 14.5989487], [120.9814278, 14.5989498], [120.9815383, 14.5989338], [120.9816483, 14.5989179], [120.9816556, 14.5989131], [120.9816618, 14.5989066], [120.98166289999999, 14.5988988], [120.9816283, 14.5986727], [120.981592, 14.5984354]]]}}, {"id": "14", "type": "Feature", "properties": {"building_id": "30410989", "area_m2": 1436.3013253215222}, "geometry": {"type": "Polygon", "coordinates": [[[120.981199, 14.5985417], [120.9811985, 14.5987974], [120.98116610000001, 14.5988317], [120.9808304, 14.5988143], [120.9808021, 14.5987788], [120.9807972, 14.5985541], [120.9808241, 14.5985167], [120.9811759, 14.5985166], [120.981199, 14.5985417]]]}}, {"id": "15", "type": "Feature", "properties": {"building_id": "34317033", "area_m2": 1857.8139884772158}, "geometry": {"type": "Polygon", "coordinates": [[[120.98047090000001, 14.5989516], [120.9805772, 14.5989763], [120.9805497, 14.5990874], [120.9806238, 14.5991046], [120.98052070000001, 14.599521], [120.9805611, 14.5995304], [120.98053960000001, 14.5996173], [120.9802448, 14.5995489], [120.98033730000002, 14.5991754], [120.9803102, 14.5991691], [120.98034340000001, 14.5990349], [120.9804445, 14.5990584], [120.98047090000001, 14.5989516]]]}}, {"id": "16", "type": "Feature", "properties": {"building_id": "37869348", "area_m2": 922.9441200975556}, "geometry": {"type": "Polygon", "coordinates": [[[120.9836507, 14.5959075], [120.9835133, 14.5960902], [120.9838061, 14.5962824], [120.9839261, 14.5960901], [120.9836507, 14.5959075]]]}}, {"id": "17", "type": "Feature", "properties": {"building_id": "55343380", "area_m2": 557.3931579975713}, "geometry": {"type": "Polygon", "coordinates": [[[120.9836341, 14.5988952], [120.9834479, 14.5989113], [120.9834682, 14.5991592], [120.9836558, 14.5991439], [120.9836341, 14.5988952]]]}}, {"id": "18", "type": "Feature", "properties": {"building_id": "59342709", "area_m2": 848.5871844680971}, "geometry": {"type": "Polygon", "coordinates": [[[120.98340720000002, 14.5951754], [120.9832288, 14.595488], [120.983056, 14.5953869], [120.9832313, 14.5950813], [120.98340720000002, 14.5951754]]]}}, {"id": "19", "type": "Feature", "properties": {"building_id": "59342711", "area_m2": 531.5407864348992}, "geometry": {"type": "Polygon", "coordinates": [[[120.98347980000001, 14.5969316], [120.98360740000001, 14.5970132], [120.9836223, 14.5970631], [120.98364180000002, 14.5972089], [120.98347840000001, 14.5972262], [120.98346060000002, 14.5971058], [120.9833971, 14.597044], [120.98347980000001, 14.5969316]]]}}, {"id": "20", "type": "Feature", "properties": {"building_id": "59342712", "area_m2": 421.3057652707295}, "geometry": {"type": "Polygon", "coordinates": [[[120.9832907, 14.5967875], [120.98348190000002, 14.5969219], [120.9833925, 14.5970426], [120.9832003, 14.5969116], [120.98321190000001, 14.5968947], [120.98325420000002, 14.59684], [120.9832907, 14.5967875]]]}}, {"id": "21", "type": "Feature", "properties": {"building_id": "59342716", "area_m2": 730.0319748514064}, "geometry": {"type": "Polygon", "coordinates": [[[120.98484439999999, 14.594718], [120.9849728, 14.5948197], [120.9847313, 14.5951051], [120.98460289999998, 14.5950033], [120.98484439999999, 14.594718]]]}}, {"id": "22", "type": "Feature", "properties": {"building_id": "59342718", "area_m2": 1616.106330995637}, "geometry": {"type": "Polygon", "coordinates": [[[120.9831974, 14.5959269], [120.9826454, 14.5955701], [120.982621, 14.5956066], [120.9825291, 14.5957391], [120.9830788, 14.5960976], [120.9831974, 14.5959269]]]}}, {"id": "23", "type": "Feature", "properties": {"building_id": "112548017", "area_m2": 1847.141688146684}, "geometry": {"type": "Polygon", "coordinates": [[[120.98311830000002, 14.5987038], [120.9831223, 14.5987109], [120.98313009999998, 14.5987168], [120.9831391, 14.5987177], [120.9833962, 14.5986795], [120.98341470000001, 14.5986723], [120.9834203, 14.598655], [120.9833318, 14.5981594], [120.98303820000001, 14.59823], [120.98311830000002, 14.5987038]]]}}, {"id": "24", "type": "Feature", "properties": {"building_id": "116585510", "area_m2": 1572.0655572901792}, "geometry": {"type": "Polygon", "coordinates": [[[120.9799399, 14.5989048], [120.9802652, 14.5983743], [120.98041890000002, 14.5984626], [120.9803862, 14.598516], [120.980424, 14.5985377], [120.9801656, 14.5989591], [120.9801278, 14.5989373], [120.9800936, 14.5989931], [120.9799399, 14.5989048]]]}}, {"id": "25", "type": "Feature", "properties": {"building_id": "128969956", "area_m2": 143.14808141870253}, "geometry": {"type": "Polygon", "coordinates": [[[120.98473210000002, 14.595957], [120.98471470000001, 14.5957971], [120.9846405, 14.5958046], [120.9846578, 14.5959645], [120.98473210000002, 14.595957]]]}}, {"id": "26", "type": "Feature", "properties": {"building_id": "128969959", "area_m2": 1019.6695460590327}, "geometry": {"type": "Polygon", "coordinates": [[[120.98492140000002, 14.5941062], [120.9847854, 14.5939984], [120.9846143, 14.5942006], [120.98446690000002, 14.5943747], [120.98460289999998, 14.5944825], [120.9847476, 14.5943115], [120.98492140000002, 14.5941062]]]}}, {"id": "27", "type": "Feature", "properties": {"building_id": "128969964", "area_m2": 517.2673360622786}, "geometry": {"type": "Polygon", "coordinates": [[[120.9834293, 14.5959852], [120.98347480000001, 14.5959207], [120.9835793, 14.5957642], [120.9834464, 14.5956764], [120.98329239999998, 14.5958947], [120.9834293, 14.5959852]]]}}, {"id": "28", "type": "Feature", "properties": {"building_id": "136842246", "area_m2": 947.2154512978991}, "geometry": {"type": "Polygon", "coordinates": [[[120.9843938, 14.5991337], [120.9847941, 14.5990979], [120.98477360000001, 14.5989073], [120.9843624, 14.598937], [120.9843938, 14.5991337]]]}}, {"id": "29", "type": "Feature", "properties": {"building_id": "174249107", "area_m2": 2302.8328995496}, "geometry": {"type": "Polygon", "coordinates": [[[120.984853, 14.5959696], [120.9854292, 14.5959202], [120.98539880000001, 14.5955877], [120.9848226, 14.5956371], [120.984853, 14.5959696]]]}}, {"id": "30", "type": "Feature", "properties": {"building_id": "174249110", "area_m2": 2626.914298860251}, "geometry": {"type": "Polygon", "coordinates": [[[120.98570660000001, 14.5969723], [120.98585450000002, 14.5969887], [120.9859488, 14.5961905], [120.9861424, 14.5962119], [120.986162, 14.5960465], [120.98596830000001, 14.596025], [120.98598380000001, 14.5958942], [120.98601230000001, 14.5958974], [120.986028, 14.5957644], [120.9858515, 14.5957449], [120.9858493, 14.5957636], [120.98570660000001, 14.5969723]]]}}, {"id": "31", "type": "Feature", "properties": {"building_id": "174249112", "area_m2": 3756.753493078919}, "geometry": {"type": "Polygon", "coordinates": [[[120.9834279, 14.5947019], [120.9836968, 14.5949172], [120.9837125, 14.5948988], [120.9837655, 14.5949412], [120.9838492, 14.5948433], [120.98388550000001, 14.5948724], [120.9840548, 14.5946744], [120.98388759999999, 14.5945405], [120.98418030000002, 14.5941981], [120.9838784, 14.5939563], [120.9837687, 14.5940847], [120.98387970000002, 14.5941736], [120.9834279, 14.5947019]]]}}, {"id": "32", "type": "Feature", "properties": {"building_id": "174249116", "area_m2": 440.8260539903864}, "geometry": {"type": "Polygon", "coordinates": [[[120.982728, 14.596506], [120.982915, 14.5966294], [120.98282, 14.5967643], [120.98263290000001, 14.5966409], [120.98264339999999, 14.596626], [120.982728, 14.596506]]]}}, {"id": "33", "type": "Feature", "properties": {"building_id": "174249120", "area_m2": 517.7272312771755}, "geometry": {"type": "Polygon", "coordinates": [[[120.9852701, 14.5933223], [120.9853969, 14.5934782], [120.9855688, 14.5933472], [120.985442, 14.5931913], [120.9852701, 14.5933223]]]}}, {"id": "34", "type": "Feature", "properties": {"building_id": "174249121", "area_m2": 1177.9451649503699}, "geometry": {"type": "Polygon", "coordinates": [[[120.984046, 14.5951118], [120.9843253, 14.5947993], [120.9841406, 14.5946502], [120.9838649, 14.5949577], [120.984046, 14.5951118]]]}}, {"id": "35", "type": "Feature", "properties": {"building_id": "174249122", "area_m2": 1055.701862856387}, "geometry": {"type": "Polygon", "coordinates": [[[120.9857389, 14.5930206], [120.9858492, 14.593187], [120.9862261, 14.5929533], [120.9861158, 14.5927868], [120.9857389, 14.5930206]]]}}, {"id": "36", "type": "Feature", "properties": {"building_id": "174249127", "area_m2": 620.5263946975489}, "geometry": {"type": "Polygon", "coordinates": [[[120.98379519999999, 14.5957211], [120.9839225, 14.5958112], [120.98412970000001, 14.5955739], [120.98401930000001, 14.5954848], [120.98397279999999, 14.5954931], [120.98379519999999, 14.5957211]]]}}, {"id": "37", "type": "Feature", "properties": {"building_id": "174249128", "area_m2": 970.8062842984641}, "geometry": {"type": "Polygon", "coordinates": [[[120.98505760000002, 14.5931188], [120.9853045, 14.5929511], [120.9851563, 14.5927468], [120.9851353, 14.592761], [120.9851222, 14.5927429], [120.9848963, 14.5928964], [120.98505760000002, 14.5931188]]]}}, {"id": "38", "type": "Feature", "properties": {"building_id": "174249129", "area_m2": 1757.9457291354186}, "geometry": {"type": "Polygon", "coordinates": [[[120.9839455, 14.5939959], [120.9844035, 14.5943568], [120.98449630000002, 14.5942465], [120.98447650000001, 14.5942309], [120.984514, 14.5941864], [120.9843048, 14.5940216], [120.9842673, 14.5940662], [120.9841489, 14.5939729], [120.984256, 14.5938457], [120.9843431, 14.5939143], [120.9844058, 14.5938398], [120.984208, 14.5936839], [120.9839455, 14.5939959]]]}}, {"id": "39", "type": "Feature", "properties": {"building_id": "174249130", "area_m2": 1200.5363228788765}, "geometry": {"type": "Polygon", "coordinates": [[[120.984758, 14.5945196], [120.98491180000002, 14.5946355], [120.9849693, 14.5946269], [120.9849989, 14.594651], [120.9852133, 14.5943859], [120.9849967, 14.5942228], [120.984758, 14.5945196]]]}}, {"id": "40", "type": "Feature", "properties": {"building_id": "174249133", "area_m2": 686.5282162586421}, "geometry": {"type": "Polygon", "coordinates": [[[120.9853152, 14.5935931], [120.9854038, 14.5935094], [120.98507410000002, 14.5931961], [120.98497850000001, 14.5932866], [120.9853152, 14.5935931]]]}}, {"id": "41", "type": "Feature", "properties": {"building_id": "174249139", "area_m2": 432.0498044156649}, "geometry": {"type": "Polygon", "coordinates": [[[120.98356740000001, 14.595299], [120.98374209999999, 14.5954792], [120.9838269, 14.595366], [120.98382160000001, 14.595321], [120.9836387, 14.5952026], [120.98356740000001, 14.595299]]]}}, {"id": "42", "type": "Feature", "properties": {"building_id": "174249145", "area_m2": 263.90172782412344}, "geometry": {"type": "Polygon", "coordinates": [[[120.9851105, 14.5948061], [120.9851377, 14.5949222], [120.9853189, 14.5948825], [120.9852917, 14.5947663], [120.9851105, 14.5948061]]]}}, {"id": "43", "type": "Feature", "properties": {"building_id": "174249148", "area_m2": 915.928104278656}, "geometry": {"type": "Polygon", "coordinates": [[[120.98512369999999, 14.5945113], [120.985218, 14.594592], [120.985282, 14.5947172], [120.98532979999999, 14.5948771], [120.9854736, 14.5948421], [120.9853926, 14.5945468], [120.9853629, 14.5945008], [120.9852204, 14.5943898], [120.98512369999999, 14.5945113]]]}}, {"id": "44", "type": "Feature", "properties": {"building_id": "174249150", "area_m2": 1138.0303479299932}, "geometry": {"type": "Polygon", "coordinates": [[[120.9844326, 14.5953555], [120.9851057, 14.5951567], [120.9850642, 14.5950371], [120.9848714, 14.595097], [120.9848583, 14.5950476], [120.9847599, 14.5950929], [120.9847806, 14.5951625], [120.98454610000002, 14.5952494], [120.9844205, 14.5952293], [120.98432479999998, 14.5951827], [120.98422509999999, 14.5952876], [120.9844326, 14.5953555]]]}}, {"id": "45", "type": "Feature", "properties": {"building_id": "174249151", "area_m2": 3546.0001238916007}, "geometry": {"type": "Polygon", "coordinates": [[[120.98517260000001, 14.5927282], [120.9854418, 14.5930861], [120.9856068, 14.5929698], [120.9854676, 14.5927848], [120.98570189999998, 14.5926197], [120.9859071, 14.5928926], [120.9861199, 14.5927428], [120.98578469999998, 14.5922971], [120.98517260000001, 14.5927282]]]}}, {"id": "46", "type": "Feature", "properties": {"building_id": "175211530", "area_m2": 1547.5784804677025}, "geometry": {"type": "Polygon", "coordinates": [[[120.9848525, 14.5972882], [120.9849032, 14.5975561], [120.98523160000002, 14.597498], [120.9852241, 14.5974583], [120.98528479999999, 14.5974475], [120.98527670000001, 14.5974048], [120.98533829999998, 14.5973939], [120.9853248, 14.5973228], [120.9853978, 14.5973099], [120.9854302, 14.5972541], [120.9854231, 14.5971871], [120.9848525, 14.5972882]]]}}, {"id": "47", "type": "Feature", "properties": {"building_id": "175211532", "area_m2": 243.33136503309814}, "geometry": {"type": "Polygon", "coordinates": [[[120.98527439999998, 14.598422], [120.98533220000002, 14.5984432], [120.98545310000002, 14.5981343], [120.9853954, 14.5981131], [120.98527439999998, 14.598422]]]}}, {"id": "48", "type": "Feature", "properties": {"building_id": "175211539", "area_m2": 352.26036173614125}, "geometry": {"type": "Polygon", "coordinates": [[[120.984476, 14.5975641], [120.9846131, 14.5975398], [120.98457469999998, 14.5973301], [120.984468, 14.5973463], [120.9844415, 14.5973775], [120.984476, 14.5975641]]]}}, {"id": "49", "type": "Feature", "properties": {"building_id": "175211550", "area_m2": 430.8828665871381}, "geometry": {"type": "Polygon", "coordinates": [[[120.98465989999998, 14.5978031], [120.98461369999998, 14.5975411], [120.9844769, 14.5975659], [120.98452810000002, 14.597825], [120.98465989999998, 14.5978031]]]}}, {"id": "50", "type": "Feature", "properties": {"building_id": "175211552", "area_m2": 646.8969541244784}, "geometry": {"type": "Polygon", "coordinates": [[[120.98492050000002, 14.5986162], [120.9852121, 14.5987069], [120.9852678, 14.5985402], [120.9849783, 14.5984457], [120.98492050000002, 14.5986162]]]}}, {"id": "51", "type": "Feature", "properties": {"building_id": "175211554", "area_m2": 380.8524733562145}, "geometry": {"type": "Polygon", "coordinates": [[[120.9846615, 14.5978029], [120.9848276, 14.5977812], [120.98479750000001, 14.5975915], [120.9846297, 14.5976192], [120.9846615, 14.5978029]]]}}, {"id": "52", "type": "Feature", "properties": {"building_id": "175211555", "area_m2": 166.76055130565618}, "geometry": {"type": "Polygon", "coordinates": [[[120.98548030000002, 14.5983164], [120.98553719999998, 14.5981653], [120.9854561, 14.5981364], [120.9853984, 14.5982885], [120.98548030000002, 14.5983164]]]}}, {"id": "53", "type": "Feature", "properties": {"building_id": "175211563", "area_m2": 258.7545799698511}, "geometry": {"type": "Polygon", "coordinates": [[[120.9847751, 14.5974642], [120.9846066, 14.5974929], [120.9846293, 14.5976179], [120.984797, 14.5975898], [120.9847751, 14.5974642]]]}}, {"id": "54", "type": "Feature", "properties": {"building_id": "175211570", "area_m2": 274.0711087932567}, "geometry": {"type": "Polygon", "coordinates": [[[120.9859585, 14.5980559], [120.9859677, 14.5980327], [120.9858459, 14.597988], [120.9857812, 14.598153], [120.985903, 14.5981977], [120.9859585, 14.5980559]]]}}, {"id": "55", "type": "Feature", "properties": {"building_id": "175211574", "area_m2": 83.21525659297255}, "geometry": {"type": "Polygon", "coordinates": [[[120.9845946, 14.5974276], [120.98466559999999, 14.5974145], [120.9846477, 14.5973199], [120.9845769, 14.5973316], [120.9845946, 14.5974276]]]}}, {"id": "56", "type": "Feature", "properties": {"building_id": "175211577", "area_m2": 245.12572727665048}, "geometry": {"type": "Polygon", "coordinates": [[[120.9854059, 14.5984873], [120.9853744, 14.5985693], [120.9856, 14.5986445], [120.9856275, 14.5985625], [120.9854059, 14.5984873]]]}}, {"id": "57", "type": "Feature", "properties": {"building_id": "175211586", "area_m2": 151.80698841571638}, "geometry": {"type": "Polygon", "coordinates": [[[120.9847614, 14.5973825], [120.98466370000001, 14.5973977], [120.9846666, 14.5974153], [120.98459470000002, 14.5974284], [120.9846061, 14.5974912], [120.98477480000001, 14.5974621], [120.9847614, 14.5973825]]]}}, {"id": "58", "type": "Feature", "properties": {"building_id": "175211588", "area_m2": 200.0694041645984}, "geometry": {"type": "Polygon", "coordinates": [[[120.98572040000002, 14.5973347], [120.98581640000002, 14.5973394], [120.9858255, 14.5971651], [120.9857295, 14.5971604], [120.98572040000002, 14.5973347]]]}}, {"id": "59", "type": "Feature", "properties": {"building_id": "175211598", "area_m2": 579.8318134840806}, "geometry": {"type": "Polygon", "coordinates": [[[120.9857517, 14.5984929], [120.98582720000002, 14.5982852], [120.9858172, 14.598266], [120.9856115, 14.5981915], [120.98555420000001, 14.5983377], [120.9856429, 14.5983682], [120.98561410000002, 14.5984467], [120.9857517, 14.5984929]]]}}, {"id": "60", "type": "Feature", "properties": {"building_id": "175822852", "area_m2": 572.0020886810834}, "geometry": {"type": "Polygon", "coordinates": [[[120.9851652, 14.5966339], [120.98517380000001, 14.5967608], [120.9855169, 14.5967331], [120.98553380000001, 14.5965896], [120.9851652, 14.5966339]]]}}, {"id": "61", "type": "Feature", "properties": {"building_id": "175822854", "area_m2": 642.5008765300828}, "geometry": {"type": "Polygon", "coordinates": [[[120.98541619999999, 14.5960617], [120.9854137, 14.5960406], [120.98510630000001, 14.5960816], [120.9850755, 14.5961307], [120.9850879, 14.5962429], [120.98543540000001, 14.5961957], [120.98541619999999, 14.5960617]]]}}, {"id": "62", "type": "Feature", "properties": {"building_id": "175822855", "area_m2": 781.5570237689572}, "geometry": {"type": "Polygon", "coordinates": [[[120.9851772, 14.5971036], [120.9854671, 14.5970567], [120.98549819999998, 14.5968602], [120.985161, 14.5968805], [120.9851772, 14.5971036]]]}}, {"id": "63", "type": "Feature", "properties": {"building_id": "175822866", "area_m2": 466.69340560871893}, "geometry": {"type": "Polygon", "coordinates": [[[120.98431069999998, 14.5966463], [120.9844551, 14.5966226], [120.9844334, 14.5964981], [120.984431, 14.5964864], [120.98440540000001, 14.59636], [120.9842612, 14.5963875], [120.98431069999998, 14.5966463]]]}}, {"id": "64", "type": "Feature", "properties": {"building_id": "178612996", "area_m2": 102.39758437453287}, "geometry": {"type": "Polygon", "coordinates": [[[120.98599760000002, 14.5977859], [120.9859636, 14.597886], [120.9860409, 14.5979107], [120.986075, 14.5978105], [120.98599760000002, 14.5977859]]]}}, {"id": "65", "type": "Feature", "properties": {"building_id": "178613000", "area_m2": 116.70620045005637}, "geometry": {"type": "Polygon", "coordinates": [[[120.9859688, 14.5977043], [120.9860387, 14.5977321], [120.9860896, 14.5976125], [120.9860196, 14.5975846], [120.9859688, 14.5977043]]]}}, {"id": "66", "type": "Feature", "properties": {"building_id": "178614833", "area_m2": 585.2320893468791}, "geometry": {"type": "Polygon", "coordinates": [[[120.9847911, 14.5965423], [120.98499380000001, 14.596509], [120.9849742, 14.5963205], [120.984915, 14.5962854], [120.9847524, 14.596302], [120.98476870000002, 14.5964034], [120.9847911, 14.5965423]]]}}, {"id": "67", "type": "Feature", "properties": {"building_id": "178614834", "area_m2": 198.6239280591969}, "geometry": {"type": "Polygon", "coordinates": [[[120.98476180000002, 14.5969069], [120.98489989999999, 14.5968887], [120.9848854, 14.5967734], [120.98474149999998, 14.5967903], [120.98476180000002, 14.5969069]]]}}, {"id": "68", "type": "Feature", "properties": {"building_id": "178614835", "area_m2": 132.2345300466055}, "geometry": {"type": "Polygon", "coordinates": [[[120.984561, 14.5966036], [120.9846461, 14.5965894], [120.9846236, 14.5964634], [120.98453659999998, 14.5964804], [120.984561, 14.5966036]]]}}, {"id": "69", "type": "Feature", "properties": {"building_id": "178614837", "area_m2": 437.5867960578282}, "geometry": {"type": "Polygon", "coordinates": [[[120.985881, 14.595693], [120.9860872, 14.5956724], [120.98606759999998, 14.5954885], [120.98588750000002, 14.595498], [120.985881, 14.595693]]]}}, {"id": "70", "type": "Feature", "properties": {"building_id": "178614838", "area_m2": 118.31133885994828}, "geometry": {"type": "Polygon", "coordinates": [[[120.9847412, 14.5967895], [120.98488510000001, 14.596772], [120.9848763, 14.5967027], [120.9847317, 14.5967237], [120.9847412, 14.5967895]]]}}, {"id": "71", "type": "Feature", "properties": {"building_id": "178614839", "area_m2": 199.0219188232112}, "geometry": {"type": "Polygon", "coordinates": [[[120.9847317, 14.5967237], [120.9848763, 14.5967027], [120.9849659, 14.5966904], [120.9849621, 14.5966379], [120.98494129999999, 14.59662], [120.98475460000002, 14.5966483], [120.98472370000002, 14.596675], [120.9847317, 14.5967237]]]}}, {"id": "72", "type": "Feature", "properties": {"building_id": "178614841", "area_m2": 260.9760237983584}, "geometry": {"type": "Polygon", "coordinates": [[[120.984431, 14.5964864], [120.9845977, 14.5964547], [120.9845721, 14.5963283], [120.98440540000001, 14.59636], [120.984431, 14.5964864]]]}}, {"id": "73", "type": "Feature", "properties": {"building_id": "178614843", "area_m2": 121.07171584033881}, "geometry": {"type": "Polygon", "coordinates": [[[120.9846805, 14.5967865], [120.9845484, 14.5968069], [120.98455930000002, 14.5968821], [120.98469460000001, 14.5968591], [120.9846805, 14.5967865]]]}}, {"id": "74", "type": "Feature", "properties": {"building_id": "178614846", "area_m2": 218.80095785477997}, "geometry": {"type": "Polygon", "coordinates": [[[120.9845064, 14.5968073], [120.984655, 14.5967836], [120.9846366, 14.5966643], [120.984486, 14.5966874], [120.9845064, 14.5968073]]]}}, {"id": "75", "type": "Feature", "properties": {"building_id": "178621781", "area_m2": 151.4631555692175}, "geometry": {"type": "Polygon", "coordinates": [[[120.98601530000002, 14.5934138], [120.9861273, 14.593338], [120.9860722, 14.5932619], [120.9859602, 14.5933377], [120.98601530000002, 14.5934138]]]}}, {"id": "76", "type": "Feature", "properties": {"building_id": "178621785", "area_m2": 101.49331089954748}, "geometry": {"type": "Polygon", "coordinates": [[[120.9858727, 14.5936541], [120.9859332, 14.5936141], [120.9858655, 14.5935182], [120.985805, 14.5935582], [120.9858727, 14.5936541]]]}}, {"id": "77", "type": "Feature", "properties": {"building_id": "178621786", "area_m2": 274.508040354069}, "geometry": {"type": "Polygon", "coordinates": [[[120.9858892, 14.5935325], [120.9860302, 14.5934498], [120.98594940000001, 14.5933313], [120.98581460000001, 14.5934057], [120.9858892, 14.5935325]]]}}, {"id": "78", "type": "Feature", "properties": {"building_id": "178621788", "area_m2": 307.662829854507}, "geometry": {"type": "Polygon", "coordinates": [[[120.9860383, 14.5937483], [120.98618630000001, 14.5936609], [120.9861062, 14.5935339], [120.9859582, 14.5936213], [120.9860383, 14.5937483]]]}}, {"id": "79", "type": "Feature", "properties": {"building_id": "178621789", "area_m2": 142.13387713414835}, "geometry": {"type": "Polygon", "coordinates": [[[120.98594549999999, 14.5935922], [120.98595749999998, 14.5936102], [120.98608160000002, 14.5935325], [120.9860364, 14.5934648], [120.9859123, 14.5935424], [120.98594549999999, 14.5935922]]]}}, {"id": "80", "type": "Feature", "properties": {"building_id": "178622014", "area_m2": 221.49704286334043}, "geometry": {"type": "Polygon", "coordinates": [[[120.98399430000002, 14.5937965], [120.98405839999998, 14.5938479], [120.98420539999998, 14.5936763], [120.9841412, 14.5936248], [120.98399430000002, 14.5937965]]]}}, {"id": "81", "type": "Feature", "properties": {"building_id": "178622017", "area_m2": 415.36154263560246}, "geometry": {"type": "Polygon", "coordinates": [[[120.983252, 14.5958679], [120.9834229, 14.5956347], [120.9833236, 14.5955665], [120.98315259999998, 14.5957997], [120.983252, 14.5958679]]]}}, {"id": "82", "type": "Feature", "properties": {"building_id": "178622018", "area_m2": 354.85326276716717}, "geometry": {"type": "Polygon", "coordinates": [[[120.9844973, 14.59379], [120.9844442, 14.5938545], [120.984647, 14.5940111], [120.9846162, 14.5940485], [120.9846662, 14.5940871], [120.9847502, 14.5939851], [120.9844973, 14.59379]]]}}, {"id": "83", "type": "Feature", "properties": {"building_id": "179221475", "area_m2": 2394.925173209096}, "geometry": {"type": "Polygon", "coordinates": [[[120.9812752, 14.5977077], [120.98141240000001, 14.5976302], [120.9815089, 14.5975727], [120.981604, 14.5975138], [120.98156729999998, 14.5974504], [120.98162890000002, 14.5974199], [120.981441, 14.5970749], [120.9814119, 14.5970557], [120.98136860000001, 14.5970581], [120.98111410000001, 14.597183], [120.9812752, 14.5977077]]]}}, {"id": "84", "type": "Feature", "properties": {"building_id": "179221476", "area_m2": 1864.7828727319675}, "geometry": {"type": "Polygon", "coordinates": [[[120.9817716, 14.5973666], [120.9818724, 14.5972952], [120.9819195, 14.5973702], [120.9819772, 14.5973362], [120.9819928, 14.5973611], [120.9820738, 14.5973134], [120.9818772, 14.5970009], [120.9818534, 14.597013], [120.9817208, 14.596837], [120.9816859, 14.5968321], [120.981632, 14.5968487], [120.98156590000002, 14.5968759], [120.98152549999999, 14.5969245], [120.9815004, 14.5969768], [120.9817716, 14.5973666]]]}}, {"id": "85", "type": "Feature", "properties": {"building_id": "179221477", "area_m2": 386.89280372763255}, "geometry": {"type": "Polygon", "coordinates": [[[120.9821413, 14.5972909], [120.98224940000001, 14.5972211], [120.98212139999998, 14.5970281], [120.9819949, 14.5971205], [120.9821413, 14.5972909]]]}}, {"id": "86", "type": "Feature", "properties": {"building_id": "179221481", "area_m2": 686.3909011292669}, "geometry": {"type": "Polygon", "coordinates": [[[120.98139440000001, 14.5982688], [120.9813347, 14.5980007], [120.98109380000001, 14.5980509], [120.9812101, 14.5982933], [120.98139440000001, 14.5982688]]]}}, {"id": "87", "type": "Feature", "properties": {"building_id": "179221482", "area_m2": 1211.6984916420452}, "geometry": {"type": "Polygon", "coordinates": [[[120.9810377, 14.597827], [120.9812449, 14.5977786], [120.98113150000002, 14.5973124], [120.98092669999998, 14.597358], [120.9810377, 14.597827]]]}}, {"id": "88", "type": "Feature", "properties": {"building_id": "179221483", "area_m2": 984.346226715107}, "geometry": {"type": "Polygon", "coordinates": [[[120.9821212, 14.5970037], [120.98178, 14.5965753], [120.9816591, 14.5966654], [120.9820003, 14.5970938], [120.9821212, 14.5970037]]]}}, {"id": "89", "type": "Feature", "properties": {"building_id": "179221484", "area_m2": 1065.6980454661493}, "geometry": {"type": "Polygon", "coordinates": [[[120.98080729999998, 14.598365], [120.9810231, 14.5983289], [120.9809296, 14.5979231], [120.9807226, 14.5979534], [120.98080729999998, 14.598365]]]}}, {"id": "90", "type": "Feature", "properties": {"building_id": "179221485", "area_m2": 376.85576321373395}, "geometry": {"type": "Polygon", "coordinates": [[[120.9803008, 14.598259], [120.98044009999998, 14.5983488], [120.98051140000001, 14.598336], [120.9804741, 14.5981329], [120.98028610000001, 14.5981825], [120.9803008, 14.598259]]]}}, {"id": "91", "type": "Feature", "properties": {"building_id": "179221486", "area_m2": 1123.2750321296178}, "geometry": {"type": "Polygon", "coordinates": [[[120.98215790000002, 14.5970075], [120.9822921, 14.5969182], [120.9819403, 14.5964231], [120.9818323, 14.596549], [120.98215790000002, 14.5970075]]]}}, {"id": "92", "type": "Feature", "properties": {"building_id": "179221488", "area_m2": 1164.2649879702224}, "geometry": {"type": "Polygon", "coordinates": [[[120.9807226, 14.5979534], [120.9809296, 14.5979231], [120.98078449999998, 14.5974143], [120.98075980000002, 14.5973728], [120.9807192, 14.5973709], [120.98067910000002, 14.5973892], [120.9806599, 14.597427], [120.98065789999998, 14.5975713], [120.9807226, 14.5979534]]]}}, {"id": "93", "type": "Feature", "properties": {"building_id": "179221751", "area_m2": 745.165844049598}, "geometry": {"type": "Polygon", "coordinates": [[[120.98278670000002, 14.5987324], [120.983017, 14.5987001], [120.9830323, 14.5986919], [120.9830408, 14.5986794], [120.9830446, 14.5986645], [120.9830144, 14.598457], [120.98287320000001, 14.5984831], [120.9827488, 14.5985084], [120.98275580000002, 14.5985478], [120.98278670000002, 14.5987324]]]}}, {"id": "94", "type": "Feature", "properties": {"building_id": "179221752", "area_m2": 113.66663987405752}, "geometry": {"type": "Polygon", "coordinates": [[[120.98260430000002, 14.5984729], [120.9826384, 14.598462], [120.98258910000001, 14.5983451], [120.9824794, 14.5983754], [120.9824863, 14.5984141], [120.9825322, 14.5984022], [120.98260430000002, 14.5984729]]]}}, {"id": "95", "type": "Feature", "properties": {"building_id": "179221754", "area_m2": 1012.2310260144302}, "geometry": {"type": "Polygon", "coordinates": [[[120.9829493, 14.5992328], [120.9829357, 14.5991542], [120.983113, 14.5991291], [120.9831032, 14.599062], [120.982951, 14.5990839], [120.98294220000001, 14.5990264], [120.982889, 14.5990356], [120.9828525, 14.5988571], [120.98267670000001, 14.5988864], [120.98276550000001, 14.599262], [120.9829493, 14.5992328]]]}}, {"id": "96", "type": "Feature", "properties": {"building_id": "179221756", "area_m2": 441.85183865674117}, "geometry": {"type": "Polygon", "coordinates": [[[120.9825728, 14.5982514], [120.9827802, 14.5981923], [120.9827137, 14.5980376], [120.9826701, 14.5980519], [120.98261390000002, 14.5980702], [120.98253539999999, 14.5980958], [120.9824867, 14.5981117], [120.9825728, 14.5982514]]]}}, {"id": "97", "type": "Feature", "properties": {"building_id": "179221757", "area_m2": 494.5549866544692}, "geometry": {"type": "Polygon", "coordinates": [[[120.9831676, 14.5990103], [120.9833588, 14.598996], [120.98334549999998, 14.5988134], [120.98333850000002, 14.5988], [120.9833298, 14.5987921], [120.98331369999998, 14.598787], [120.9831551, 14.5988036], [120.983147, 14.5988079], [120.9831405, 14.5988155], [120.98314, 14.5988252], [120.9831676, 14.5990103]]]}}, {"id": "98", "type": "Feature", "properties": {"building_id": "179221758", "area_m2": 175.26160395998323}, "geometry": {"type": "Polygon", "coordinates": [[[120.98287529999999, 14.5984784], [120.9830134, 14.5984535], [120.98299560000001, 14.5983423], [120.98285340000001, 14.5983902], [120.98287529999999, 14.5984784]]]}}, {"id": "99", "type": "Feature", "properties": {"building_id": "179221759", "area_m2": 358.8091706192863}, "geometry": {"type": "Polygon", "coordinates": [[[120.9827137, 14.5980376], [120.9827802, 14.5981923], [120.9829577, 14.5981417], [120.98286720000002, 14.5979828], [120.9827653, 14.5980192], [120.9827137, 14.5980376]]]}}, {"id": "100", "type": "Feature", "properties": {"building_id": "179221760", "area_m2": 637.2177862561241}, "geometry": {"type": "Polygon", "coordinates": [[[120.9826841, 14.5991925], [120.9826063, 14.5988746], [120.9824239, 14.598903], [120.9824477, 14.5990358], [120.982468, 14.5991456], [120.98258430000001, 14.5991185], [120.9826037, 14.5992084], [120.9826841, 14.5991925]]]}}, {"id": "101", "type": "Feature", "properties": {"building_id": "179221761", "area_m2": 188.92862381137792}, "geometry": {"type": "Polygon", "coordinates": [[[120.98267570000002, 14.5985227], [120.9828728, 14.5984781], [120.9828505, 14.5983919], [120.9826557, 14.5984593], [120.98267570000002, 14.5985227]]]}}, {"id": "102", "type": "Feature", "properties": {"building_id": "179221764", "area_m2": 198.68609622577685}, "geometry": {"type": "Polygon", "coordinates": [[[120.982377, 14.5986294], [120.98245139999999, 14.598621], [120.9824134, 14.5983924], [120.9823432, 14.5984106], [120.9823436, 14.5984137], [120.982377, 14.5986294]]]}}, {"id": "103", "type": "Feature", "properties": {"building_id": "179221769", "area_m2": 453.0749058376058}, "geometry": {"type": "Polygon", "coordinates": [[[120.9823184, 14.5991807], [120.98243150000002, 14.5991538], [120.9824133, 14.5990429], [120.9824477, 14.5990358], [120.9824239, 14.598903], [120.9822723, 14.5989255], [120.9822581, 14.5989351], [120.9822532, 14.5989445], [120.9822531, 14.5989569], [120.9823184, 14.5991807]]]}}, {"id": "104", "type": "Feature", "properties": {"building_id": "179221771", "area_m2": 644.2672670256196}, "geometry": {"type": "Polygon", "coordinates": [[[120.9823139, 14.5983252], [120.9822722, 14.5982068], [120.98228240000002, 14.5982009], [120.9822709, 14.5981779], [120.98228120000002, 14.5981731], [120.9822722, 14.5981552], [120.9822829, 14.5981502], [120.98226809999998, 14.5981255], [120.9823053, 14.5981016], [120.9823422, 14.5980672], [120.9824454, 14.5980435], [120.9824867, 14.5981117], [120.9825728, 14.5982514], [120.9823139, 14.5983252]]]}}, {"id": "105", "type": "Feature", "properties": {"building_id": "179221774", "area_m2": 466.47542706784066}, "geometry": {"type": "Polygon", "coordinates": [[[120.9828525, 14.5988571], [120.982889, 14.5990356], [120.98294220000001, 14.5990264], [120.98309490000001, 14.5990045], [120.9830681, 14.5988208], [120.9828525, 14.5988571]]]}}, {"id": "106", "type": "Feature", "properties": {"building_id": "179221775", "area_m2": 703.1044402852696}, "geometry": {"type": "Polygon", "coordinates": [[[120.98242790000002, 14.5987828], [120.98278670000002, 14.5987324], [120.98275580000002, 14.5985478], [120.9825193, 14.5985786], [120.98252, 14.5986561], [120.98241530000001, 14.5986713], [120.98242790000002, 14.5987828]]]}}, {"id": "107", "type": "Feature", "properties": {"building_id": "179221777", "area_m2": 136.8772100533855}, "geometry": {"type": "Polygon", "coordinates": [[[120.9826384, 14.598462], [120.9827249, 14.5984323], [120.982678, 14.5983184], [120.98258910000001, 14.5983451], [120.9826384, 14.598462]]]}}, {"id": "108", "type": "Feature", "properties": {"building_id": "179221778", "area_m2": 151.06268180976951}, "geometry": {"type": "Polygon", "coordinates": [[[120.9826263, 14.5985427], [120.98261750000002, 14.5984947], [120.98253089999999, 14.5984094], [120.98249069999999, 14.5984195], [120.98251670000002, 14.5985582], [120.9826263, 14.5985427]]]}}, {"id": "109", "type": "Feature", "properties": {"building_id": "179221781", "area_m2": 302.1826048696125}, "geometry": {"type": "Polygon", "coordinates": [[[120.982228, 14.5987862], [120.982257, 14.5988068], [120.98242790000002, 14.5987828], [120.98241530000001, 14.5986713], [120.98241390000001, 14.5986583], [120.98238170000002, 14.598662], [120.98221220000002, 14.5986812], [120.982228, 14.5987862]]]}}, {"id": "110", "type": "Feature", "properties": {"building_id": "179221785", "area_m2": 401.618624138152}, "geometry": {"type": "Polygon", "coordinates": [[[120.9827249, 14.5984323], [120.98298779999999, 14.5983414], [120.9829687, 14.598233], [120.982678, 14.5983184], [120.9827249, 14.5984323]]]}}, {"id": "111", "type": "Feature", "properties": {"building_id": "179221811", "area_m2": 1044.6830384894595}, "geometry": {"type": "Polygon", "coordinates": [[[120.9804902, 14.5956204], [120.9804053, 14.5954703], [120.9804041, 14.5954077], [120.9804086, 14.5953871], [120.9806688, 14.5950004], [120.98076550000002, 14.5950613], [120.98060590000001, 14.5952986], [120.9805982, 14.5955632], [120.9804902, 14.5956204]]]}}, {"id": "112", "type": "Feature", "properties": {"building_id": "179221850", "area_m2": 259.18904894068146}, "geometry": {"type": "Polygon", "coordinates": [[[120.98152210000002, 14.5955792], [120.98160770000001, 14.5954613], [120.9814842, 14.5953774], [120.9813987, 14.5954953], [120.98152210000002, 14.5955792]]]}}, {"id": "113", "type": "Feature", "properties": {"building_id": "179221853", "area_m2": 210.1688358379789}, "geometry": {"type": "Polygon", "coordinates": [[[120.9812865, 14.5956964], [120.9814251, 14.5955827], [120.9813604, 14.5955087], [120.9812217, 14.5956224], [120.9812865, 14.5956964]]]}}, {"id": "114", "type": "Feature", "properties": {"building_id": "179221909", "area_m2": 735.7373565024634}, "geometry": {"type": "Polygon", "coordinates": [[[120.98062, 14.5992453], [120.9807854, 14.5992841], [120.9808186, 14.5991408], [120.98085460000001, 14.5989953], [120.9805944, 14.5989317], [120.9805647, 14.5990401], [120.9806451, 14.5990607], [120.9806631, 14.5990655], [120.98062, 14.5992453]]]}}, {"id": "115", "type": "Feature", "properties": {"building_id": "179222029", "area_m2": 234.70998560228378}, "geometry": {"type": "Polygon", "coordinates": [[[120.9823764, 14.5971066], [120.98250980000002, 14.5969594], [120.9824225, 14.5969029], [120.9823018, 14.5970246], [120.9823255, 14.5970506], [120.9823764, 14.5971066]]]}}, {"id": "116", "type": "Feature", "properties": {"building_id": "179222030", "area_m2": 833.3784020798738}, "geometry": {"type": "Polygon", "coordinates": [[[120.9820924, 14.5964959], [120.9822424, 14.596591], [120.9823388, 14.5966521], [120.982356, 14.596663], [120.9822484, 14.596822], [120.9823288, 14.5969218], [120.9825056, 14.5966608], [120.982509, 14.5966518], [120.9825068, 14.5966425], [120.9825009, 14.5966354], [120.9823972, 14.5965696], [120.98229869999999, 14.5965071], [120.9821491, 14.5964122], [120.9820924, 14.5964959]]]}}, {"id": "117", "type": "Feature", "properties": {"building_id": "179222031", "area_m2": 52.53902110462518}, "geometry": {"type": "Polygon", "coordinates": [[[120.98223830000002, 14.5971113], [120.9822904, 14.597075], [120.9823255, 14.5970506], [120.9823018, 14.5970246], [120.9822256, 14.5970591], [120.98221850000002, 14.5970844], [120.98223830000002, 14.5971113]]]}}, {"id": "118", "type": "Feature", "properties": {"building_id": "179222032", "area_m2": 258.5697406526074}, "geometry": {"type": "Polygon", "coordinates": [[[120.982255, 14.5974411], [120.98235380000001, 14.5973699], [120.9822469, 14.597229], [120.9821467, 14.5973002], [120.982255, 14.5974411]]]}}, {"id": "119", "type": "Feature", "properties": {"building_id": "179222033", "area_m2": 131.45942812248109}, "geometry": {"type": "Polygon", "coordinates": [[[120.9823555, 14.5972572], [120.9823775, 14.5972248], [120.98239160000001, 14.5972023], [120.9822904, 14.597075], [120.98223830000002, 14.5971113], [120.9823555, 14.5972572]]]}}, {"id": "120", "type": "Feature", "properties": {"building_id": "179222034", "area_m2": 109.7007510769773}, "geometry": {"type": "Polygon", "coordinates": [[[120.9824973, 14.5972951], [120.9825325, 14.5972389], [120.98241260000002, 14.5971687], [120.98239160000001, 14.5972023], [120.9823775, 14.5972248], [120.9824973, 14.5972951]]]}}, {"id": "121", "type": "Feature", "properties": {"building_id": "179222036", "area_m2": 109.7551635452144}, "geometry": {"type": "Polygon", "coordinates": [[[120.98245880000002, 14.5973501], [120.9824973, 14.5972951], [120.9823775, 14.5972248], [120.9823555, 14.5972572], [120.9824221, 14.5973531], [120.98245880000002, 14.5973501]]]}}, {"id": "122", "type": "Feature", "properties": {"building_id": "179222037", "area_m2": 750.2943791542892}, "geometry": {"type": "Polygon", "coordinates": [[[120.9827062, 14.5969829], [120.98279129999999, 14.5968601], [120.9827923, 14.5968393], [120.98278470000001, 14.5968171], [120.9825907, 14.5966915], [120.9825781, 14.5966886], [120.98256629999999, 14.5966948], [120.9824225, 14.5969029], [120.98250980000002, 14.5969594], [120.9825862, 14.5968489], [120.9826189, 14.59687], [120.9825616, 14.5969529], [120.9826181, 14.5969895], [120.9827062, 14.5969829]]]}}, {"id": "123", "type": "Feature", "properties": {"building_id": "179222038", "area_m2": 447.0299202356374}, "geometry": {"type": "Polygon", "coordinates": [[[120.9827062, 14.5969829], [120.9826181, 14.5969895], [120.9825616, 14.5969529], [120.98241260000002, 14.5971687], [120.9825325, 14.5972389], [120.9827062, 14.5969829]]]}}, {"id": "124", "type": "Feature", "properties": {"building_id": "179222042", "area_m2": 370.50273634927413}, "geometry": {"type": "Polygon", "coordinates": [[[120.98223719999999, 14.596799], [120.98227970000002, 14.5967282], [120.98232350000002, 14.5966561], [120.9820933, 14.5965013], [120.9820597, 14.5965647], [120.9821375, 14.5966493], [120.98223719999999, 14.596799]]]}}, {"id": "125", "type": "Feature", "properties": {"building_id": "179222346", "area_m2": 444.8254232646279}, "geometry": {"type": "Polygon", "coordinates": [[[120.98263290000001, 14.5975743], [120.9826562, 14.5976086], [120.98260910000002, 14.5976771], [120.98251079999999, 14.5978173], [120.9824005, 14.5977309], [120.98254739999999, 14.5975146], [120.98263290000001, 14.5975743]]]}}, {"id": "126", "type": "Feature", "properties": {"building_id": "179222348", "area_m2": 479.28915962525116}, "geometry": {"type": "Polygon", "coordinates": [[[120.9814929, 14.59827], [120.9816622, 14.5982246], [120.98159810000001, 14.5980007], [120.9814508, 14.5980426], [120.98143930000002, 14.5980826], [120.9814929, 14.59827]]]}}, {"id": "127", "type": "Feature", "properties": {"building_id": "179222349", "area_m2": 212.72497906357734}, "geometry": {"type": "Polygon", "coordinates": [[[120.9822406, 14.5979397], [120.982253, 14.5979505], [120.982364, 14.5980471], [120.9823905, 14.5980166], [120.9824329, 14.597969], [120.9822962, 14.5978511], [120.9822406, 14.5979397]]]}}, {"id": "128", "type": "Feature", "properties": {"building_id": "179222350", "area_m2": 618.6792331670656}, "geometry": {"type": "Polygon", "coordinates": [[[120.9816037, 14.5979994], [120.9816666, 14.5982243], [120.981895, 14.5981455], [120.98177339999998, 14.5979217], [120.9816037, 14.5979994]]]}}, {"id": "129", "type": "Feature", "properties": {"building_id": "179222351", "area_m2": 228.53428321635195}, "geometry": {"type": "Polygon", "coordinates": [[[120.98281859999999, 14.5977711], [120.98276, 14.5976827], [120.98273339999999, 14.597722], [120.98263650000001, 14.5978611], [120.98272050000001, 14.5979127], [120.9827308, 14.5978989], [120.98281859999999, 14.5977711]]]}}, {"id": "130", "type": "Feature", "properties": {"building_id": "179222352", "area_m2": 233.30032053915156}, "geometry": {"type": "Polygon", "coordinates": [[[120.9823623, 14.5977578], [120.9825681, 14.5979252], [120.98251820000002, 14.5979828], [120.9823198, 14.5978178], [120.9823623, 14.5977578]]]}}, {"id": "131", "type": "Feature", "properties": {"building_id": "179222353", "area_m2": 165.0140421118517}, "geometry": {"type": "Polygon", "coordinates": [[[120.982364, 14.5980471], [120.982253, 14.5979505], [120.9822074, 14.598024], [120.98226809999998, 14.5981255], [120.9823053, 14.5981016], [120.9823422, 14.5980672], [120.982364, 14.5980471]]]}}, {"id": "132", "type": "Feature", "properties": {"building_id": "179222354", "area_m2": 423.898244179161}, "geometry": {"type": "Polygon", "coordinates": [[[120.9819862, 14.5978986], [120.9820511, 14.5979813], [120.9821705, 14.5978139], [120.98204540000002, 14.5976841], [120.98192369999998, 14.5977756], [120.98201030000001, 14.5978683], [120.9819862, 14.5978986]]]}}, {"id": "133", "type": "Feature", "properties": {"building_id": "179222355", "area_m2": 466.07127793696077}, "geometry": {"type": "Polygon", "coordinates": [[[120.9819081, 14.598138], [120.9819728, 14.5981081], [120.98205389999998, 14.5979956], [120.9819905, 14.5979237], [120.9819732, 14.5979351], [120.9819338, 14.5978754], [120.981893, 14.5979006], [120.9818733, 14.5978709], [120.9817855, 14.5979111], [120.9819081, 14.598138]]]}}, {"id": "134", "type": "Feature", "properties": {"building_id": "179222666", "area_m2": 65.4723411736751}, "geometry": {"type": "Polygon", "coordinates": [[[120.98553130000002, 14.5951397], [120.985517, 14.5950551], [120.9854538, 14.5950651], [120.9854681, 14.5951497], [120.98553130000002, 14.5951397]]]}}, {"id": "135", "type": "Feature", "properties": {"building_id": "179222695", "area_m2": 122.41105802117183}, "geometry": {"type": "Polygon", "coordinates": [[[120.9848028, 14.5947503], [120.984843, 14.5947056], [120.9847125, 14.5945955], [120.9846723, 14.5946403], [120.9848028, 14.5947503]]]}}, {"id": "136", "type": "Feature", "properties": {"building_id": "179223465", "area_m2": 112.31497038706281}, "geometry": {"type": "Polygon", "coordinates": [[[120.98566010000002, 14.5956595], [120.98572880000002, 14.5956615], [120.9857331, 14.5955245], [120.9856645, 14.5955224], [120.98566010000002, 14.5956595]]]}}, {"id": "137", "type": "Feature", "properties": {"building_id": "179223466", "area_m2": 96.32021357882432}, "geometry": {"type": "Polygon", "coordinates": [[[120.98511220000002, 14.5954798], [120.9850524, 14.5954378], [120.984978, 14.5955092], [120.98503990000002, 14.5955609], [120.98511220000002, 14.5954798]]]}}, {"id": "138", "type": "Feature", "properties": {"building_id": "179223467", "area_m2": 57.39586030440042}, "geometry": {"type": "Polygon", "coordinates": [[[120.9851326, 14.5955362], [120.9851776, 14.5955304], [120.98516320000002, 14.5954254], [120.9851181, 14.5954313], [120.9851326, 14.5955362]]]}}, {"id": "139", "type": "Feature", "properties": {"building_id": "179223468", "area_m2": 182.60893454360885}, "geometry": {"type": "Polygon", "coordinates": [[[120.98548750000002, 14.5956286], [120.98550860000002, 14.5956271], [120.9855853, 14.5956217], [120.9856465, 14.5956174], [120.9856393, 14.5955216], [120.98548030000002, 14.5955328], [120.98548750000002, 14.5956286]]]}}, {"id": "140", "type": "Feature", "properties": {"building_id": "179223469", "area_m2": 98.11674166852093}, "geometry": {"type": "Polygon", "coordinates": [[[120.98565449999998, 14.5955071], [120.98572550000002, 14.5955116], [120.985721, 14.5954698], [120.9857116, 14.5954314], [120.9856656, 14.5953848], [120.98562140000001, 14.5954339], [120.9856419, 14.5954671], [120.98565449999998, 14.5955071]]]}}, {"id": "141", "type": "Feature", "properties": {"building_id": "179223836", "area_m2": 210.63163759135261}, "geometry": {"type": "Polygon", "coordinates": [[[120.98392810000001, 14.5962973], [120.98411019999999, 14.5962895], [120.98411019999999, 14.5961816], [120.9840177, 14.5961543], [120.98392810000001, 14.5962973]]]}}, {"id": "142", "type": "Feature", "properties": {"building_id": "179223837", "area_m2": 264.5799249237188}, "geometry": {"type": "Polygon", "coordinates": [[[120.9841268, 14.5962822], [120.9843228, 14.5962648], [120.9843197, 14.5961561], [120.9841256, 14.5961637], [120.9841268, 14.5962822]]]}}, {"id": "143", "type": "Feature", "properties": {"building_id": "179223873", "area_m2": 114.67481100520334}, "geometry": {"type": "Polygon", "coordinates": [[[120.98568629999998, 14.5988977], [120.9858391, 14.5989443], [120.9858565, 14.5988864], [120.9857037, 14.5988403], [120.98568629999998, 14.5988977]]]}}, {"id": "144", "type": "Feature", "properties": {"building_id": "179223874", "area_m2": 127.17720462926401}, "geometry": {"type": "Polygon", "coordinates": [[[120.9857036, 14.5988378], [120.9858571, 14.5988835], [120.98587730000001, 14.5988201], [120.9857238, 14.5987743], [120.9857036, 14.5988378]]]}}, {"id": "145", "type": "Feature", "properties": {"building_id": "179223875", "area_m2": 126.4435467431053}, "geometry": {"type": "Polygon", "coordinates": [[[120.9859899, 14.5989579], [120.98597210000001, 14.5990495], [120.9860839, 14.5990698], [120.98610170000002, 14.5989782], [120.9859899, 14.5989579]]]}}, {"id": "146", "type": "Feature", "properties": {"building_id": "179223878", "area_m2": 48.61604236655763}, "geometry": {"type": "Polygon", "coordinates": [[[120.9856739, 14.5989698], [120.9857398, 14.5989857], [120.9857548, 14.5989274], [120.98568890000001, 14.5989116], [120.9856739, 14.5989698]]]}}, {"id": "147", "type": "Feature", "properties": {"building_id": "179223881", "area_m2": 183.52662854928417}, "geometry": {"type": "Polygon", "coordinates": [[[120.98589689999999, 14.5983105], [120.9858253, 14.5985131], [120.98588759999998, 14.5985342], [120.985967, 14.598319], [120.9859176, 14.5983004], [120.98589689999999, 14.5983105]]]}}, {"id": "148", "type": "Feature", "properties": {"building_id": "179225092", "area_m2": 312.21822908366755}, "geometry": {"type": "Polygon", "coordinates": [[[120.9821705, 14.5978139], [120.9822742, 14.5976788], [120.9821775, 14.5975849], [120.98204540000002, 14.5976841], [120.9821705, 14.5978139]]]}}, {"id": "149", "type": "Feature", "properties": {"building_id": "179225093", "area_m2": 152.12430370517149}, "geometry": {"type": "Polygon", "coordinates": [[[120.98269289999999, 14.5973037], [120.982771, 14.5973553], [120.98281290000001, 14.597383], [120.98283530000002, 14.5974124], [120.98282490000001, 14.5974202], [120.9827743, 14.5974484], [120.9826483, 14.5973706], [120.98269289999999, 14.5973037]]]}}, {"id": "150", "type": "Feature", "properties": {"building_id": "179225094", "area_m2": 72.28178922224474}, "geometry": {"type": "Polygon", "coordinates": [[[120.9816799, 14.5976988], [120.98175809999998, 14.5976529], [120.98172250000002, 14.5975962], [120.98164439999998, 14.5976422], [120.9816799, 14.5976988]]]}}, {"id": "151", "type": "Feature", "properties": {"building_id": "179225095", "area_m2": 591.0736711946935}, "geometry": {"type": "Polygon", "coordinates": [[[120.98197690000002, 14.5976479], [120.98223839999999, 14.597451], [120.9821435, 14.5973329], [120.981882, 14.5975299], [120.98197690000002, 14.5976479]]]}}, {"id": "152", "type": "Feature", "properties": {"building_id": "179225096", "area_m2": 64.62628154260285}, "geometry": {"type": "Polygon", "coordinates": [[[120.98149609999999, 14.597853], [120.98148230000001, 14.5977952], [120.9813933, 14.5978151], [120.9814071, 14.5978729], [120.98149609999999, 14.597853]]]}}, {"id": "153", "type": "Feature", "properties": {"building_id": "179225097", "area_m2": 27.511815212528944}, "geometry": {"type": "Polygon", "coordinates": [[[120.9813759, 14.5977977], [120.9814245, 14.597781], [120.981409, 14.5977388], [120.9813605, 14.5977555], [120.9813759, 14.5977977]]]}}, {"id": "154", "type": "Feature", "properties": {"building_id": "179225098", "area_m2": 216.0634000510192}, "geometry": {"type": "Polygon", "coordinates": [[[120.9827743, 14.5974484], [120.9826483, 14.5973706], [120.982633, 14.5973611], [120.98259119999999, 14.5974245], [120.9826723, 14.5974744], [120.9827271, 14.5975347], [120.9827556, 14.5975208], [120.982775, 14.5975579], [120.98282010000001, 14.5975359], [120.982806, 14.5975089], [120.9827743, 14.5974484]]]}}, {"id": "155", "type": "Feature", "properties": {"building_id": "179225099", "area_m2": 91.92656025523407}, "geometry": {"type": "Polygon", "coordinates": [[[120.9815592, 14.5978932], [120.9816391, 14.5978492], [120.9815963, 14.5977763], [120.98151640000002, 14.5978203], [120.9815592, 14.5978932]]]}}, {"id": "156", "type": "Feature", "properties": {"building_id": "179225100", "area_m2": 137.45884287300157}, "geometry": {"type": "Polygon", "coordinates": [[[120.98186690000001, 14.5977226], [120.98192729999998, 14.5976843], [120.9818369, 14.5975508], [120.9817765, 14.5975891], [120.98186690000001, 14.5977226]]]}}, {"id": "157", "type": "Feature", "properties": {"building_id": "179225101", "area_m2": 118.49846594330717}, "geometry": {"type": "Polygon", "coordinates": [[[120.9814486, 14.5977834], [120.9816018, 14.5976914], [120.9815718, 14.5976446], [120.9814186, 14.5977365], [120.9814486, 14.5977834]]]}}, {"id": "158", "type": "Feature", "properties": {"building_id": "179225102", "area_m2": 142.4564920527706}, "geometry": {"type": "Polygon", "coordinates": [[[120.981672, 14.5978295], [120.9818177, 14.5977386], [120.9817791, 14.5976807], [120.98163340000002, 14.5977716], [120.981672, 14.5978295]]]}}, {"id": "159", "type": "Feature", "properties": {"building_id": "179225103", "area_m2": 98.97093873782946}, "geometry": {"type": "Polygon", "coordinates": [[[120.98251820000002, 14.5979828], [120.9825681, 14.5979252], [120.9825946, 14.5978945], [120.982606, 14.5979065], [120.9826471, 14.5979498], [120.9825696, 14.5980297], [120.98251820000002, 14.5979828]]]}}, {"id": "160", "type": "Feature", "properties": {"building_id": "179225104", "area_m2": 58.035328817623906}, "geometry": {"type": "Polygon", "coordinates": [[[120.9814317, 14.5979494], [120.98153290000002, 14.5979153], [120.98151739999999, 14.5978724], [120.9814163, 14.5979065], [120.9814317, 14.5979494]]]}}, {"id": "161", "type": "Feature", "properties": {"building_id": "179225105", "area_m2": 134.32686049106994}, "geometry": {"type": "Polygon", "coordinates": [[[120.9825505, 14.5978539], [120.98251079999999, 14.5978173], [120.98260910000002, 14.5976771], [120.98266589999999, 14.5977144], [120.98259020000002, 14.5978219], [120.98257940000002, 14.5978127], [120.9825505, 14.5978539]]]}}, {"id": "162", "type": "Feature", "properties": {"building_id": "179225129", "area_m2": 468.12134021378944}, "geometry": {"type": "Polygon", "coordinates": [[[120.98514160000002, 14.5968667], [120.98549810000002, 14.5968438], [120.9855169, 14.5967331], [120.98517380000001, 14.5967608], [120.9851342, 14.596766], [120.98514160000002, 14.5968667]]]}}, {"id": "163", "type": "Feature", "properties": {"building_id": "179225132", "area_m2": 32.26999106563666}, "geometry": {"type": "Polygon", "coordinates": [[[120.98420280000002, 14.5961376], [120.9842567, 14.5961376], [120.9842567, 14.5960874], [120.98420280000002, 14.5960874], [120.98420280000002, 14.5961376]]]}}, {"id": "164", "type": "Feature", "properties": {"building_id": "179225133", "area_m2": 27.91331309360134}, "geometry": {"type": "Polygon", "coordinates": [[[120.98430850000001, 14.5960252], [120.9842629, 14.5960262], [120.9842641, 14.5960775], [120.98430970000001, 14.5960765], [120.98430850000001, 14.5960252]]]}}, {"id": "165", "type": "Feature", "properties": {"building_id": "179225135", "area_m2": 484.4732687287636}, "geometry": {"type": "Polygon", "coordinates": [[[120.9849956, 14.5971476], [120.9849659, 14.5966904], [120.9848763, 14.5967027], [120.98490130000002, 14.5968899], [120.98487550000002, 14.5968931], [120.9849139, 14.5971556], [120.9849956, 14.5971476]]]}}, {"id": "166", "type": "Feature", "properties": {"building_id": "179225139", "area_m2": 123.99423926038078}, "geometry": {"type": "Polygon", "coordinates": [[[120.98480650000002, 14.5971691], [120.9849128, 14.5971564], [120.984898, 14.59706], [120.9847914, 14.5970739], [120.98480650000002, 14.5971691]]]}}, {"id": "167", "type": "Feature", "properties": {"building_id": "179225140", "area_m2": 778.7106216443426}, "geometry": {"type": "Polygon", "coordinates": [[[120.9845625, 14.5962378], [120.984499, 14.5958575], [120.9843766, 14.5957789], [120.9843785, 14.5962625], [120.9845625, 14.5962378]]]}}, {"id": "168", "type": "Feature", "properties": {"building_id": "179225200", "area_m2": 213.63094541516222}, "geometry": {"type": "Polygon", "coordinates": [[[120.9847659, 14.5981905], [120.984819, 14.5981888], [120.9848465, 14.5979115], [120.9847705, 14.5979122], [120.9847659, 14.5981905]]]}}, {"id": "169", "type": "Feature", "properties": {"building_id": "179225201", "area_m2": 158.08166270680638}, "geometry": {"type": "Polygon", "coordinates": [[[120.9844986, 14.5972289], [120.98458279999998, 14.5972153], [120.9845577, 14.5970611], [120.9844743, 14.5970748], [120.9844986, 14.5972289]]]}}, {"id": "170", "type": "Feature", "properties": {"building_id": "179225202", "area_m2": 105.35977420937365}, "geometry": {"type": "Polygon", "coordinates": [[[120.9845884, 14.5972138], [120.9846696, 14.5972017], [120.9846522, 14.5970954], [120.9845978, 14.5971054], [120.9845697, 14.5971078], [120.9845884, 14.5972138]]]}}, {"id": "171", "type": "Feature", "properties": {"building_id": "179225203", "area_m2": 130.30230587757586}, "geometry": {"type": "Polygon", "coordinates": [[[120.9843717, 14.5970117], [120.9845081, 14.5969939], [120.9844971, 14.5969152], [120.9843608, 14.596933], [120.9843717, 14.5970117]]]}}, {"id": "172", "type": "Feature", "properties": {"building_id": "179225205", "area_m2": 182.9828213957119}, "geometry": {"type": "Polygon", "coordinates": [[[120.9848926, 14.5977771], [120.9849861, 14.5978112], [120.98504710000002, 14.5976873], [120.9848856, 14.597671], [120.9848926, 14.5977771]]]}}, {"id": "173", "type": "Feature", "properties": {"building_id": "179225206", "area_m2": 130.93851984440968}, "geometry": {"type": "Polygon", "coordinates": [[[120.9845708, 14.5970482], [120.9845861, 14.5970466], [120.9847182, 14.5970222], [120.9847107, 14.5969512], [120.98457610000001, 14.5969745], [120.9845577, 14.5969777], [120.9845708, 14.5970482]]]}}, {"id": "174", "type": "Feature", "properties": {"building_id": "179225207", "area_m2": 250.5646197184333}, "geometry": {"type": "Polygon", "coordinates": [[[120.98436979999998, 14.5968804], [120.98449540000001, 14.5968626], [120.9844707, 14.5966989], [120.984345, 14.5967167], [120.98436979999998, 14.5968804]]]}}, {"id": "175", "type": "Feature", "properties": {"building_id": "179225208", "area_m2": 133.51668897273916}, "geometry": {"type": "Polygon", "coordinates": [[[120.9848844, 14.5976684], [120.98508860000001, 14.5976887], [120.98512640000001, 14.5976317], [120.9848814, 14.5976276], [120.9848844, 14.5976684]]]}}, {"id": "176", "type": "Feature", "properties": {"building_id": "179225209", "area_m2": 138.9635532743104}, "geometry": {"type": "Polygon", "coordinates": [[[120.9842674, 14.5975695], [120.9844121, 14.5975423], [120.98439730000001, 14.5974655], [120.98425260000002, 14.5974906], [120.9842674, 14.5975695]]]}}, {"id": "177", "type": "Feature", "properties": {"building_id": "179225211", "area_m2": 216.10099857443868}, "geometry": {"type": "Polygon", "coordinates": [[[120.9846925, 14.5980642], [120.9846901, 14.5979147], [120.98457550000002, 14.5979293], [120.984559, 14.5979619], [120.98457790000002, 14.598074], [120.9846925, 14.5980642]]]}}, {"id": "178", "type": "Feature", "properties": {"building_id": "179225212", "area_m2": 453.353698309886}, "geometry": {"type": "Polygon", "coordinates": [[[120.9844565, 14.5978404], [120.98440450000001, 14.597554], [120.9842853, 14.5975759], [120.98428939999998, 14.5975985], [120.9843446, 14.5978897], [120.9844414, 14.5978708], [120.9844565, 14.5978404]]]}}, {"id": "179", "type": "Feature", "properties": {"building_id": "179225213", "area_m2": 198.67066985816965}, "geometry": {"type": "Polygon", "coordinates": [[[120.9843767, 14.5981083], [120.9845053, 14.5980856], [120.9844816, 14.59796], [120.98435350000001, 14.5979826], [120.9843767, 14.5981083]]]}}, {"id": "180", "type": "Feature", "properties": {"building_id": "179225214", "area_m2": 324.1147485998728}, "geometry": {"type": "Polygon", "coordinates": [[[120.98481980000001, 14.5981888], [120.9849021, 14.5981947], [120.98496310000002, 14.5979358], [120.9848475, 14.5979118], [120.98481980000001, 14.5981888]]]}}, {"id": "181", "type": "Feature", "properties": {"building_id": "179225215", "area_m2": 139.0451596193471}, "geometry": {"type": "Polygon", "coordinates": [[[120.9841949, 14.5980872], [120.98420560000001, 14.5981339], [120.98431060000001, 14.5981191], [120.9842883, 14.5979967], [120.9842331, 14.5980093], [120.98421690000002, 14.5980266], [120.9842047, 14.5980506], [120.98419330000002, 14.5980754], [120.9841949, 14.5980872]]]}}, {"id": "182", "type": "Feature", "properties": {"building_id": "179225216", "area_m2": 105.38637626899734}, "geometry": {"type": "Polygon", "coordinates": [[[120.9844164, 14.5972252], [120.9844374, 14.59724], [120.9844961, 14.5972299], [120.98447620000002, 14.597117], [120.9843978, 14.5971303], [120.9844164, 14.5972252]]]}}, {"id": "183", "type": "Feature", "properties": {"building_id": "179226690", "area_m2": 158.9179813171564}, "geometry": {"type": "Polygon", "coordinates": [[[120.9830791, 14.5967261], [120.98325420000002, 14.59684], [120.9832907, 14.5967875], [120.9831227, 14.5966782], [120.9831118, 14.596679], [120.9830791, 14.5967261]]]}}, {"id": "184", "type": "Feature", "properties": {"building_id": "179226692", "area_m2": 412.1756647539829}, "geometry": {"type": "Polygon", "coordinates": [[[120.98306, 14.5981125], [120.9829789, 14.5979429], [120.9830801, 14.597902], [120.9830588, 14.5978668], [120.9831239, 14.5978344], [120.983168, 14.5979332], [120.98314920000001, 14.5979403], [120.9832087, 14.5980701], [120.98306, 14.5981125]]]}}, {"id": "185", "type": "Feature", "properties": {"building_id": "179226693", "area_m2": 350.67463861706136}, "geometry": {"type": "Polygon", "coordinates": [[[120.9831647, 14.597766], [120.98331240000002, 14.5977098], [120.98339640000002, 14.5978597], [120.98322030000001, 14.5979202], [120.98316720000001, 14.5978129], [120.98318370000001, 14.5978047], [120.9831647, 14.597766]]]}}, {"id": "186", "type": "Feature", "properties": {"building_id": "179226696", "area_m2": 186.90226865011124}, "geometry": {"type": "Polygon", "coordinates": [[[120.9831476, 14.5977314], [120.9831261, 14.5976876], [120.9831024, 14.5976993], [120.98308320000001, 14.5976629], [120.9832434, 14.5975867], [120.98329320000002, 14.5976756], [120.9831476, 14.5977314]]]}}, {"id": "187", "type": "Feature", "properties": {"building_id": "179226698", "area_m2": 376.6528158032254}, "geometry": {"type": "Polygon", "coordinates": [[[120.9829166, 14.5976394], [120.98318949999998, 14.5974905], [120.9832434, 14.5975867], [120.98308320000001, 14.5976629], [120.98296209999998, 14.5977204], [120.9829166, 14.5976394]]]}}, {"id": "188", "type": "Feature", "properties": {"building_id": "179226703", "area_m2": 546.2759109167865}, "geometry": {"type": "Polygon", "coordinates": [[[120.9842355, 14.5967216], [120.9839409, 14.5967744], [120.983969, 14.5969213], [120.984169, 14.5968899], [120.984267, 14.5968716], [120.9842355, 14.5967216]]]}}, {"id": "189", "type": "Feature", "properties": {"building_id": "179226704", "area_m2": 375.6840557396879}, "geometry": {"type": "Polygon", "coordinates": [[[120.9832515, 14.5974495], [120.98345590000001, 14.5973483], [120.9833743, 14.5972091], [120.9832465, 14.5973101], [120.98319050000002, 14.5973429], [120.9832515, 14.5974495]]]}}, {"id": "190", "type": "Feature", "properties": {"building_id": "179226705", "area_m2": 183.46657384902363}, "geometry": {"type": "Polygon", "coordinates": [[[120.9830801, 14.597902], [120.9830588, 14.5978668], [120.982997, 14.5977645], [120.98296649999999, 14.5977835], [120.9829144, 14.597816], [120.9829236, 14.5978287], [120.9829789, 14.5979429], [120.9830801, 14.597902]]]}}, {"id": "191", "type": "Feature", "properties": {"building_id": "179226706", "area_m2": 170.3362043196696}, "geometry": {"type": "Polygon", "coordinates": [[[120.9841644, 14.5978866], [120.9842155, 14.5979149], [120.98427370000002, 14.5979048], [120.98424660000002, 14.5977621], [120.98422309999998, 14.5977663], [120.984144, 14.5977799], [120.9841644, 14.5978866]]]}}, {"id": "192", "type": "Feature", "properties": {"building_id": "179226707", "area_m2": 464.5099079088088}, "geometry": {"type": "Polygon", "coordinates": [[[120.98312540000002, 14.5973759], [120.98318949999998, 14.5974905], [120.9829166, 14.5976394], [120.98285919999998, 14.5975328], [120.9828776, 14.5975231], [120.98312540000002, 14.5973759]]]}}, {"id": "193", "type": "Feature", "properties": {"building_id": "179226716", "area_m2": 152.01734158725495}, "geometry": {"type": "Polygon", "coordinates": [[[120.9841985, 14.5970251], [120.9842946, 14.5970099], [120.98426910000002, 14.5968806], [120.9841729, 14.5968979], [120.9841985, 14.5970251]]]}}, {"id": "194", "type": "Feature", "properties": {"building_id": "179226718", "area_m2": 402.4525041258416}, "geometry": {"type": "Polygon", "coordinates": [[[120.9841433, 14.5972828], [120.98409730000002, 14.5970126], [120.98397340000001, 14.5970326], [120.98402, 14.5972849], [120.9840432, 14.5972998], [120.9841433, 14.5972828]]]}}, {"id": "195", "type": "Feature", "properties": {"building_id": "179226719", "area_m2": 80.7828827256466}, "geometry": {"type": "Polygon", "coordinates": [[[120.9835976, 14.5975413], [120.9837191, 14.5975207], [120.98371030000001, 14.5974679], [120.98358720000002, 14.5974864], [120.9835976, 14.5975413]]]}}, {"id": "196", "type": "Feature", "properties": {"building_id": "179226722", "area_m2": 439.5939489718987}, "geometry": {"type": "Polygon", "coordinates": [[[120.98283530000002, 14.5974124], [120.9829085, 14.597358], [120.9829413, 14.5973336], [120.983057, 14.5972538], [120.98312540000002, 14.5973759], [120.9828776, 14.5975231], [120.9828585, 14.5974859], [120.98282490000001, 14.5974202], [120.98283530000002, 14.5974124]]]}}, {"id": "197", "type": "Feature", "properties": {"building_id": "179226725", "area_m2": 171.824534855279}, "geometry": {"type": "Polygon", "coordinates": [[[120.9829909, 14.5970071], [120.98310530000002, 14.5968995], [120.9830063, 14.5968353], [120.98294340000001, 14.5969222], [120.9829399, 14.5969358], [120.9829445, 14.5969502], [120.9829909, 14.5970071]]]}}, {"id": "198", "type": "Feature", "properties": {"building_id": "179226726", "area_m2": 324.1839702791452}, "geometry": {"type": "Polygon", "coordinates": [[[120.98322030000001, 14.5979202], [120.9832841, 14.598048], [120.98346840000002, 14.5979883], [120.98339640000002, 14.5978597], [120.98322030000001, 14.5979202]]]}}, {"id": "199", "type": "Feature", "properties": {"building_id": "179226728", "area_m2": 723.2477206838232}, "geometry": {"type": "Polygon", "coordinates": [[[120.9833756, 14.5976722], [120.9834952, 14.5976082], [120.98357409999998, 14.5975233], [120.9835216, 14.5974164], [120.9835039, 14.5973274], [120.98325549999998, 14.5974523], [120.9833756, 14.5976722]]]}}, {"id": "200", "type": "Feature", "properties": {"building_id": "179226729", "area_m2": 363.38587013824633}, "geometry": {"type": "Polygon", "coordinates": [[[120.9831899, 14.5973415], [120.9832458, 14.5973084], [120.9834574, 14.5971411], [120.983397, 14.5970631], [120.98314890000002, 14.5972729], [120.9831899, 14.5973415]]]}}, {"id": "201", "type": "Feature", "properties": {"building_id": "179226731", "area_m2": 520.1084840725543}, "geometry": {"type": "Polygon", "coordinates": [[[120.98414830000002, 14.5972805], [120.9843329, 14.5972501], [120.9842921, 14.5970192], [120.9841095, 14.5970495], [120.98414830000002, 14.5972805]]]}}, {"id": "202", "type": "Feature", "properties": {"building_id": "179226732", "area_m2": 227.96528904732784}, "geometry": {"type": "Polygon", "coordinates": [[[120.9827057, 14.5976008], [120.982775, 14.5975579], [120.9828478, 14.5976775], [120.98288859999998, 14.5976542], [120.9829235, 14.5977122], [120.98281859999999, 14.5977711], [120.98276, 14.5976827], [120.9827057, 14.5976008]]]}}, {"id": "203", "type": "Feature", "properties": {"building_id": "179226734", "area_m2": 227.7533804976534}, "geometry": {"type": "Polygon", "coordinates": [[[120.98409870000002, 14.597658], [120.98426689999998, 14.5976253], [120.9842433, 14.5975171], [120.9840767, 14.5975465], [120.98409870000002, 14.597658]]]}}, {"id": "204", "type": "Feature", "properties": {"building_id": "179226735", "area_m2": 161.01675490276654}, "geometry": {"type": "Polygon", "coordinates": [[[120.9829789, 14.5971123], [120.9829252, 14.5970309], [120.9829061, 14.5970221], [120.9828823, 14.5970292], [120.982822, 14.597112], [120.9829226, 14.5971775], [120.9829789, 14.5971123]]]}}, {"id": "205", "type": "Feature", "properties": {"building_id": "179226737", "area_m2": 257.5515606640911}, "geometry": {"type": "Polygon", "coordinates": [[[120.983485, 14.5978914], [120.9835289, 14.5979751], [120.98354310000002, 14.5979946], [120.9835646, 14.5980061], [120.9835892, 14.5980084], [120.9836198, 14.5980054], [120.9836848, 14.5979876], [120.9836492, 14.5978455], [120.983485, 14.5978914]]]}}, {"id": "206", "type": "Feature", "properties": {"building_id": "179226738", "area_m2": 422.88936564451205}, "geometry": {"type": "Polygon", "coordinates": [[[120.983156, 14.597266], [120.98339550000001, 14.597062], [120.9832846, 14.5969817], [120.98320479999998, 14.5970801], [120.9830843, 14.5971492], [120.983156, 14.597266]]]}}, {"id": "207", "type": "Feature", "properties": {"building_id": "179226740", "area_m2": 303.4231009292174}, "geometry": {"type": "Polygon", "coordinates": [[[120.98407620000002, 14.5975452], [120.9842438, 14.5975162], [120.9842381, 14.5974867], [120.984265, 14.5974819], [120.9842438, 14.5973779], [120.9840754, 14.597407], [120.984059, 14.5974451], [120.98407620000002, 14.5975452]]]}}, {"id": "208", "type": "Feature", "properties": {"building_id": "179226741", "area_m2": 282.5960388603998}, "geometry": {"type": "Polygon", "coordinates": [[[120.984123, 14.5977786], [120.9843123, 14.5977448], [120.98428939999998, 14.5976232], [120.984099, 14.5976592], [120.984123, 14.5977786]]]}}, {"id": "209", "type": "Feature", "properties": {"building_id": "179226744", "area_m2": 165.6744020620056}, "geometry": {"type": "Polygon", "coordinates": [[[120.9830428, 14.5967827], [120.983156, 14.5968562], [120.98321190000001, 14.5968947], [120.98325420000002, 14.59684], [120.9830791, 14.5967261], [120.9830428, 14.5967827]]]}}, {"id": "210", "type": "Feature", "properties": {"building_id": "179226746", "area_m2": 308.22520719661196}, "geometry": {"type": "Polygon", "coordinates": [[[120.9830699, 14.5971549], [120.9832022, 14.5970785], [120.9832823, 14.5969805], [120.9831985, 14.5969262], [120.9831448, 14.5968897], [120.9831187, 14.596924], [120.9831434, 14.5969569], [120.98316320000002, 14.5969451], [120.98319060000001, 14.5969839], [120.9831482, 14.597009], [120.9830227, 14.5970784], [120.9830699, 14.5971549]]]}}, {"id": "211", "type": "Feature", "properties": {"building_id": "179226748", "area_m2": 146.0833500766806}, "geometry": {"type": "Polygon", "coordinates": [[[120.9842661, 14.5974814], [120.9843836, 14.5974608], [120.9843677, 14.597382], [120.9843441, 14.5973619], [120.98424540000002, 14.5973782], [120.9842661, 14.5974814]]]}}, {"id": "212", "type": "Feature", "properties": {"building_id": "179226749", "area_m2": 323.8168889968876}, "geometry": {"type": "Polygon", "coordinates": [[[120.982922, 14.5979633], [120.98286720000002, 14.5979828], [120.9829577, 14.5981417], [120.98306, 14.5981125], [120.9829789, 14.5979429], [120.9829236, 14.5978287], [120.98288160000001, 14.5978574], [120.982922, 14.5979633]]]}}, {"id": "213", "type": "Feature", "properties": {"building_id": "179231174", "area_m2": 185.92096275863037}, "geometry": {"type": "Polygon", "coordinates": [[[120.9852751, 14.5990412], [120.9853058, 14.5989343], [120.9851705, 14.5988978], [120.9851398, 14.5990048], [120.9852751, 14.5990412]]]}}, {"id": "214", "type": "Feature", "properties": {"building_id": "179231175", "area_m2": 99.78445530114946}, "geometry": {"type": "Polygon", "coordinates": [[[120.9854004, 14.599039], [120.98550989999998, 14.5990731], [120.985533, 14.5990039], [120.98542340000002, 14.5989698], [120.9854004, 14.599039]]]}}, {"id": "215", "type": "Feature", "properties": {"building_id": "179231177", "area_m2": 240.58394531475315}, "geometry": {"type": "Polygon", "coordinates": [[[120.98545550000001, 14.5984049], [120.98543309999998, 14.598468], [120.985719, 14.5985632], [120.9857414, 14.5985001], [120.98545550000001, 14.5984049]]]}}, {"id": "216", "type": "Feature", "properties": {"building_id": "179231181", "area_m2": 285.69135874107803}, "geometry": {"type": "Polygon", "coordinates": [[[120.98488390000001, 14.5987419], [120.9851059, 14.5988079], [120.98513720000001, 14.5987093], [120.9849152, 14.5986433], [120.98488390000001, 14.5987419]]]}}, {"id": "217", "type": "Feature", "properties": {"building_id": "179231185", "area_m2": 161.47479437263328}, "geometry": {"type": "Polygon", "coordinates": [[[120.9854396, 14.5989445], [120.98553710000002, 14.5989744], [120.98557850000002, 14.5988483], [120.985481, 14.5988183], [120.9854396, 14.5989445]]]}}, {"id": "218", "type": "Feature", "properties": {"building_id": "179231186", "area_m2": 77.89349073150694}, "geometry": {"type": "Polygon", "coordinates": [[[120.985501, 14.5987456], [120.9854845, 14.5987983], [120.9855981, 14.5988316], [120.9856146, 14.598779], [120.985501, 14.5987456]]]}}, {"id": "219", "type": "Feature", "properties": {"building_id": "179231188", "area_m2": 56.15629780591252}, "geometry": {"type": "Polygon", "coordinates": [[[120.9855849, 14.598723], [120.98564540000001, 14.5987415], [120.98567120000001, 14.5986684], [120.9856147, 14.5986518], [120.9855849, 14.598723]]]}}, {"id": "220", "type": "Feature", "properties": {"building_id": "179231189", "area_m2": 149.67249731842472}, "geometry": {"type": "Polygon", "coordinates": [[[120.9849333, 14.5988736], [120.98507170000002, 14.5988846], [120.985093, 14.5988174], [120.9849388, 14.5987742], [120.9849333, 14.5988736]]]}}, {"id": "221", "type": "Feature", "properties": {"building_id": "179231191", "area_m2": 136.27380780625063}, "geometry": {"type": "Polygon", "coordinates": [[[120.9850863, 14.5988847], [120.9851554, 14.5988905], [120.9852087, 14.5987305], [120.9851496, 14.5987111], [120.9850863, 14.5988847]]]}}, {"id": "222", "type": "Feature", "properties": {"building_id": "179231192", "area_m2": 273.52605365173815}, "geometry": {"type": "Polygon", "coordinates": [[[120.98517349999999, 14.5988605], [120.9853295, 14.5989092], [120.9853747, 14.5987762], [120.98521880000001, 14.5987276], [120.98517349999999, 14.5988605]]]}}, {"id": "223", "type": "Feature", "properties": {"building_id": "179251359", "area_m2": 454.3187972724316}, "geometry": {"type": "Polygon", "coordinates": [[[120.9817916, 14.5932499], [120.9820048, 14.5932788], [120.98203010000002, 14.5931035], [120.9818169, 14.5930747], [120.9817916, 14.5932499]]]}}, {"id": "224", "type": "Feature", "properties": {"building_id": "179251360", "area_m2": 250.7815071728398}, "geometry": {"type": "Polygon", "coordinates": [[[120.9827491, 14.5933044], [120.9829915, 14.5933343], [120.9830028, 14.593249], [120.98276039999999, 14.593219], [120.9827491, 14.5933044]]]}}, {"id": "225", "type": "Feature", "properties": {"building_id": "179251363", "area_m2": 274.3407880873597}, "geometry": {"type": "Polygon", "coordinates": [[[120.9818842, 14.5930058], [120.982102, 14.5930346], [120.98211659999998, 14.5929309], [120.9818989, 14.5929021], [120.9818842, 14.5930058]]]}}, {"id": "226", "type": "Feature", "properties": {"building_id": "179251365", "area_m2": 211.36029218526627}, "geometry": {"type": "Polygon", "coordinates": [[[120.9829141, 14.5932213], [120.9830883, 14.5932435], [120.98310189999998, 14.5931435], [120.98292770000002, 14.5931213], [120.9829141, 14.5932213]]]}}, {"id": "227", "type": "Feature", "properties": {"building_id": "179251367", "area_m2": 499.1987289743279}, "geometry": {"type": "Polygon", "coordinates": [[[120.98212259999998, 14.5934479], [120.9822115, 14.593461], [120.9822538, 14.5931918], [120.9821018, 14.5931695], [120.98205950000002, 14.5934386], [120.98212259999998, 14.5934479]]]}}, {"id": "228", "type": "Feature", "properties": {"building_id": "179251369", "area_m2": 801.2740844523985}, "geometry": {"type": "Polygon", "coordinates": [[[120.98245640000002, 14.5934358], [120.98270390000002, 14.593478], [120.9827518, 14.5932147], [120.9825042, 14.5931726], [120.98245640000002, 14.5934358]]]}}, {"id": "229", "type": "Feature", "properties": {"building_id": "179251371", "area_m2": 712.2491858157117}, "geometry": {"type": "Polygon", "coordinates": [[[120.98253659999999, 14.5931386], [120.9829033, 14.5931852], [120.982925, 14.5930251], [120.9825583, 14.5929785], [120.98253659999999, 14.5931386]]]}}, {"id": "230", "type": "Feature", "properties": {"building_id": "179251373", "area_m2": 1219.419405335538}, "geometry": {"type": "Polygon", "coordinates": [[[120.9825944, 14.5937612], [120.9825306, 14.5937289], [120.98245259999999, 14.5936894], [120.98238890000002, 14.5936571], [120.98233230000001, 14.5936284], [120.98221160000001, 14.5935672], [120.9820648, 14.5934928], [120.9818948, 14.5934066], [120.9818376, 14.5935123], [120.98186450000001, 14.5935259], [120.9818583, 14.5935373], [120.9824542, 14.5938393], [120.98246360000002, 14.5938219], [120.98254050000001, 14.5938608], [120.9825944, 14.5937612]]]}}, {"id": "231", "type": "Feature", "properties": {"building_id": "179251374", "area_m2": 452.8214927927596}, "geometry": {"type": "Polygon", "coordinates": [[[120.98214719999999, 14.59309], [120.98242220000002, 14.5931299], [120.98244320000002, 14.5929949], [120.9821681, 14.592955], [120.98214719999999, 14.59309]]]}}, {"id": "232", "type": "Feature", "properties": {"building_id": "179251377", "area_m2": 3056.5584935227016}, "geometry": {"type": "Polygon", "coordinates": [[[120.9813453, 14.5932041], [120.9814438, 14.5932326], [120.9814624, 14.5931723], [120.9815333, 14.5931928], [120.9815148, 14.5932528], [120.98161850000001, 14.5932827], [120.98189450000001, 14.5923872], [120.98183249999998, 14.5923693], [120.9817908, 14.5923573], [120.98176970000002, 14.5924259], [120.98169880000002, 14.5924054], [120.9817195, 14.5923382], [120.981621, 14.5923097], [120.9813453, 14.5932041]]]}}, {"id": "233", "type": "Feature", "properties": {"building_id": "179251380", "area_m2": 221.77037113356042}, "geometry": {"type": "Polygon", "coordinates": [[[120.9823443, 14.5933544], [120.9823706, 14.5931863], [120.98226240000001, 14.5931705], [120.98223620000002, 14.5933386], [120.9823443, 14.5933544]]]}}, {"id": "234", "type": "Feature", "properties": {"building_id": "179308454", "area_m2": 1954.1476412094175}, "geometry": {"type": "Polygon", "coordinates": [[[120.9794032, 14.5991757], [120.97961580000002, 14.5989423], [120.9796099, 14.5988966], [120.97931649999998, 14.5986255], [120.9792623, 14.5986283], [120.9790504, 14.5988606], [120.97905390000001, 14.5988638], [120.97905960000001, 14.5988689], [120.979395, 14.599168], [120.97939980000001, 14.5991725], [120.9794032, 14.5991757]]]}}, {"id": "235", "type": "Feature", "properties": {"building_id": "179308459", "area_m2": 1290.5236705909442}, "geometry": {"type": "Polygon", "coordinates": [[[120.979088, 14.5982901], [120.97909370000002, 14.5982831], [120.9790981, 14.5982778], [120.9793346, 14.5980185], [120.97936730000002, 14.5980481], [120.9794262, 14.5981013], [120.9795596, 14.5982218], [120.9795524, 14.5982291], [120.9793314, 14.5984522], [120.97931780000002, 14.5984627], [120.979301, 14.598467], [120.97928820000001, 14.5984657], [120.9792764, 14.5984607], [120.9792667, 14.5984525], [120.979088, 14.5982901]]]}}, {"id": "236", "type": "Feature", "properties": {"building_id": "179394974", "area_m2": 71.87758890142018}, "geometry": {"type": "Polygon", "coordinates": [[[120.9831158, 14.5932592], [120.983151, 14.5932828], [120.9832338, 14.5931671], [120.9831986, 14.5931435], [120.9831158, 14.5932592]]]}}, {"id": "237", "type": "Feature", "properties": {"building_id": "179395039", "area_m2": 53.81481197279101}, "geometry": {"type": "Polygon", "coordinates": [[[120.9860727, 14.5974764], [120.9860918, 14.5974314], [120.986006, 14.5973973], [120.98598689999999, 14.5974423], [120.9860727, 14.5974764]]]}}, {"id": "238", "type": "Feature", "properties": {"building_id": "179397387", "area_m2": 71.41090753302394}, "geometry": {"type": "Polygon", "coordinates": [[[120.98423620000001, 14.5959581], [120.9843282, 14.5959596], [120.9843293, 14.5958945], [120.98423740000001, 14.595893], [120.98423620000001, 14.5959581]]]}}, {"id": "239", "type": "Feature", "properties": {"building_id": "179397388", "area_m2": 42.0844418965822}, "geometry": {"type": "Polygon", "coordinates": [[[120.98471320000002, 14.5957248], [120.9846365, 14.5957323], [120.98464120000001, 14.5957778], [120.9847179, 14.5957704], [120.98471320000002, 14.5957248]]]}}, {"id": "240", "type": "Feature", "properties": {"building_id": "179398505", "area_m2": 76.88024518378259}, "geometry": {"type": "Polygon", "coordinates": [[[120.9833864, 14.5946429], [120.9834394, 14.5946793], [120.98349870000001, 14.5945984], [120.9834457, 14.594562], [120.9833864, 14.5946429]]]}}, {"id": "241", "type": "Feature", "properties": {"building_id": "179408046", "area_m2": 123.48096936917685}, "geometry": {"type": "Polygon", "coordinates": [[[120.98447530000001, 14.598596], [120.9846024, 14.5985762], [120.9845871, 14.5984962], [120.9844619, 14.5985164], [120.98447530000001, 14.598596]]]}}, {"id": "242", "type": "Feature", "properties": {"building_id": "179408047", "area_m2": 715.8976788864753}, "geometry": {"type": "Polygon", "coordinates": [[[120.9843711, 14.5985315], [120.9845873, 14.598495], [120.98452, 14.5981619], [120.98441719999998, 14.5981774], [120.98439829999998, 14.5983371], [120.98434159999998, 14.5983468], [120.9843618, 14.5984667], [120.9843711, 14.5985315]]]}}, {"id": "243", "type": "Feature", "properties": {"building_id": "179408048", "area_m2": 220.76934744912995}, "geometry": {"type": "Polygon", "coordinates": [[[120.9843612, 14.5989337], [120.9845742, 14.5989195], [120.98456629999998, 14.5988251], [120.9843731, 14.5988517], [120.9843534, 14.5988801], [120.9843612, 14.5989337]]]}}, {"id": "244", "type": "Feature", "properties": {"building_id": "179408050", "area_m2": 258.98213503817055}, "geometry": {"type": "Polygon", "coordinates": [[[120.9844911, 14.5987533], [120.9846121, 14.598735], [120.9846273, 14.5987209], [120.98460340000001, 14.5985775], [120.9844665, 14.5985986], [120.9844911, 14.5987533]]]}}, {"id": "245", "type": "Feature", "properties": {"building_id": "179408051", "area_m2": 244.72382232153905}, "geometry": {"type": "Polygon", "coordinates": [[[120.9847647, 14.5981906], [120.9847692, 14.5979121], [120.9846914, 14.5979148], [120.984695, 14.5981928], [120.9847647, 14.5981906]]]}}, {"id": "246", "type": "Feature", "properties": {"building_id": "179408054", "area_m2": 83.69846929434738}, "geometry": {"type": "Polygon", "coordinates": [[[120.98470120000002, 14.5987816], [120.98477929999999, 14.5987689], [120.98476420000001, 14.5986816], [120.984686, 14.5986942], [120.98470120000002, 14.5987816]]]}}, {"id": "247", "type": "Feature", "properties": {"building_id": "179408056", "area_m2": 416.3651481047281}, "geometry": {"type": "Polygon", "coordinates": [[[120.9846629, 14.5985521], [120.9847758, 14.598539], [120.9848548, 14.5983375], [120.9846252, 14.5983434], [120.98463970000002, 14.5984221], [120.9846438, 14.5984463], [120.9846629, 14.5985521]]]}}, {"id": "248", "type": "Feature", "properties": {"building_id": "179408057", "area_m2": 235.165396710776}, "geometry": {"type": "Polygon", "coordinates": [[[120.9842823, 14.5985412], [120.9843711, 14.5985315], [120.9843321, 14.5983127], [120.9842426, 14.5983292], [120.9842823, 14.5985412]]]}}, {"id": "249", "type": "Feature", "properties": {"building_id": "179408058", "area_m2": 235.63598806193036}, "geometry": {"type": "Polygon", "coordinates": [[[120.98457709999998, 14.5989197], [120.98477380000001, 14.5989053], [120.98476159999998, 14.5987993], [120.9845688, 14.5988249], [120.98457709999998, 14.5989197]]]}}, {"id": "250", "type": "Feature", "properties": {"building_id": "179408059", "area_m2": 169.8336645242679}, "geometry": {"type": "Polygon", "coordinates": [[[120.9842985, 14.5986241], [120.9844736, 14.5985962], [120.98446, 14.5985168], [120.9843711, 14.5985315], [120.9842826, 14.5985475], [120.9842985, 14.5986241]]]}}, {"id": "251", "type": "Feature", "properties": {"building_id": "179408060", "area_m2": 45.2833487207657}, "geometry": {"type": "Polygon", "coordinates": [[[120.984886, 14.5988771], [120.98492050000002, 14.5988742], [120.9849269, 14.5987678], [120.98489050000002, 14.5987687], [120.984886, 14.5988771]]]}}, {"id": "252", "type": "Feature", "properties": {"building_id": "179408063", "area_m2": 94.99457774213695}, "geometry": {"type": "Polygon", "coordinates": [[[120.9846817, 14.598659], [120.9847612, 14.5986463], [120.9847446, 14.5985488], [120.9846651, 14.5985614], [120.9846817, 14.598659]]]}}, {"id": "253", "type": "Feature", "properties": {"building_id": "179408065", "area_m2": 179.71137831739046}, "geometry": {"type": "Polygon", "coordinates": [[[120.9843184, 14.5987624], [120.98434020000002, 14.5987743], [120.9844898, 14.5987544], [120.9844758, 14.5986635], [120.984309, 14.5986906], [120.9843184, 14.5987624]]]}}, {"id": "254", "type": "Feature", "properties": {"building_id": "179408066", "area_m2": 153.55388257516557}, "geometry": {"type": "Polygon", "coordinates": [[[120.9846027, 14.5981958], [120.9846939, 14.5981929], [120.9846924, 14.5980651], [120.984578, 14.5980747], [120.9846027, 14.5981958]]]}}, {"id": "255", "type": "Feature", "properties": {"building_id": "179408067", "area_m2": 394.5550032650881}, "geometry": {"type": "Polygon", "coordinates": [[[120.98460160000002, 14.5982028], [120.984624, 14.5983384], [120.9848569, 14.5983315], [120.9848477, 14.598192], [120.98460160000002, 14.5982028]]]}}, {"id": "256", "type": "Feature", "properties": {"building_id": "179409951", "area_m2": 26.749220710482156}, "geometry": {"type": "Polygon", "coordinates": [[[120.98534330000001, 14.5989952], [120.98538950000001, 14.5990097], [120.9854042, 14.5989657], [120.985358, 14.5989513], [120.98534330000001, 14.5989952]]]}}, {"id": "257", "type": "Feature", "properties": {"building_id": "179409952", "area_m2": 38.92688299686009}, "geometry": {"type": "Polygon", "coordinates": [[[120.9856384, 14.5985842], [120.9856243, 14.5986268], [120.98569220000002, 14.5986484], [120.9857083, 14.5986057], [120.9856384, 14.5985842]]]}}, {"id": "258", "type": "Feature", "properties": {"building_id": "179409954", "area_m2": 93.58925713636644}, "geometry": {"type": "Polygon", "coordinates": [[[120.9857766, 14.5986435], [120.9858386, 14.5986654], [120.98588070000001, 14.5985537], [120.9858187, 14.5985318], [120.9857766, 14.5986435]]]}}, {"id": "259", "type": "Feature", "properties": {"building_id": "179566242", "area_m2": 204.65647832128758}, "geometry": {"type": "Polygon", "coordinates": [[[120.98514560000001, 14.5941552], [120.98508469999999, 14.5942268], [120.9852277, 14.5943406], [120.9852885, 14.594269], [120.98514560000001, 14.5941552]]]}}, {"id": "260", "type": "Feature", "properties": {"building_id": "179566243", "area_m2": 1634.8347983701428}, "geometry": {"type": "Polygon", "coordinates": [[[120.9846958, 14.593907], [120.9848665, 14.5937141], [120.98443540000001, 14.593397], [120.98426889999999, 14.5935965], [120.9846958, 14.593907]]]}}, {"id": "261", "type": "Feature", "properties": {"building_id": "180783437", "area_m2": 118.6309655723808}, "geometry": {"type": "Polygon", "coordinates": [[[120.98161490000001, 14.5975131], [120.98180330000001, 14.5974089], [120.9817798, 14.5973691], [120.9815914, 14.5974733], [120.98161490000001, 14.5975131]]]}}, {"id": "262", "type": "Feature", "properties": {"building_id": "180783438", "area_m2": 107.25520191125169}, "geometry": {"type": "Polygon", "coordinates": [[[120.98239580000002, 14.5975274], [120.98232239999999, 14.5974691], [120.9822544, 14.5975234], [120.98234, 14.5975968], [120.98239580000002, 14.5975274]]]}}, {"id": "263", "type": "Feature", "properties": {"building_id": "180783439", "area_m2": 92.67040752225572}, "geometry": {"type": "Polygon", "coordinates": [[[120.98239580000002, 14.5975274], [120.9824527, 14.5974566], [120.98238779999998, 14.5974089], [120.98232239999999, 14.5974691], [120.98239580000002, 14.5975274]]]}}, {"id": "264", "type": "Feature", "properties": {"building_id": "180783440", "area_m2": 451.9661804256131}, "geometry": {"type": "Polygon", "coordinates": [[[120.9822074, 14.598024], [120.98226809999998, 14.5981255], [120.9822829, 14.5981502], [120.9822722, 14.5981552], [120.98228120000002, 14.5981731], [120.9822709, 14.5981779], [120.98228240000002, 14.5982009], [120.9822722, 14.5982068], [120.9823139, 14.5983252], [120.9821692, 14.5983621], [120.9821266, 14.5981447], [120.9821657, 14.5980864], [120.9822074, 14.598024]]]}}, {"id": "265", "type": "Feature", "properties": {"building_id": "180784499", "area_m2": 1094.880915523975}, "geometry": {"type": "Polygon", "coordinates": [[[120.9817539, 14.5989963], [120.9817965, 14.5991975], [120.98184320000001, 14.5994008], [120.98207039999998, 14.5993499], [120.9820202, 14.5991528], [120.98196770000001, 14.598965], [120.9817539, 14.5989963]]]}}, {"id": "266", "type": "Feature", "properties": {"building_id": "180784502", "area_m2": 489.82950865846635}, "geometry": {"type": "Polygon", "coordinates": [[[120.98221220000002, 14.5986812], [120.98238170000002, 14.598662], [120.982377, 14.5986294], [120.9823436, 14.5984137], [120.98217569999998, 14.5984568], [120.98221220000002, 14.5986812]]]}}, {"id": "267", "type": "Feature", "properties": {"building_id": "180792455", "area_m2": 64.40595187377528}, "geometry": {"type": "Polygon", "coordinates": [[[120.98585420000002, 14.5989426], [120.9859582, 14.5989722], [120.98597270000002, 14.5989244], [120.98586869999998, 14.5988948], [120.98585420000002, 14.5989426]]]}}, {"id": "268", "type": "Feature", "properties": {"building_id": "180792456", "area_m2": 61.609164227624916}, "geometry": {"type": "Polygon", "coordinates": [[[120.9856498, 14.595945], [120.98570279999998, 14.5959482], [120.9857089, 14.5958511], [120.98565590000001, 14.5958479], [120.9856498, 14.595945]]]}}, {"id": "269", "type": "Feature", "properties": {"building_id": "180792459", "area_m2": 113.44900109759499}, "geometry": {"type": "Polygon", "coordinates": [[[120.98450620000001, 14.5980869], [120.984377, 14.5981099], [120.98438860000002, 14.5981793], [120.9845199, 14.5981594], [120.98450620000001, 14.5980869]]]}}, {"id": "270", "type": "Feature", "properties": {"building_id": "180794423", "area_m2": 409.9897158591216}, "geometry": {"type": "Polygon", "coordinates": [[[120.9859006, 14.5973075], [120.9861263, 14.5972702], [120.9861002, 14.5971222], [120.9858745, 14.5971595], [120.9859006, 14.5973075]]]}}, {"id": "271", "type": "Feature", "properties": {"building_id": "180902868", "area_m2": 938.4489755240827}, "geometry": {"type": "Polygon", "coordinates": [[[120.9786018, 14.5957871], [120.9785697, 14.5958902], [120.97926909999998, 14.5960941], [120.97930119999998, 14.5959909], [120.9786018, 14.5957871]]]}}, {"id": "272", "type": "Feature", "properties": {"building_id": "180913701", "area_m2": 416.2510550211485}, "geometry": {"type": "Polygon", "coordinates": [[[120.98501260000002, 14.5983487], [120.9849814, 14.5984311], [120.9853628, 14.5985622], [120.98539249999999, 14.5984824], [120.98501260000002, 14.5983487]]]}}, {"id": "273", "type": "Feature", "properties": {"building_id": "180913706", "area_m2": 50.6341740430976}, "geometry": {"type": "Polygon", "coordinates": [[[120.9857365, 14.5987356], [120.9858004, 14.5987553], [120.9858205, 14.5986944], [120.985757, 14.5986755], [120.9857365, 14.5987356]]]}}, {"id": "274", "type": "Feature", "properties": {"building_id": "180914727", "area_m2": 168.3210623968817}, "geometry": {"type": "Polygon", "coordinates": [[[120.9839735, 14.5970252], [120.9841194, 14.5970005], [120.98410240000001, 14.5969066], [120.98395650000002, 14.5969314], [120.9839735, 14.5970252]]]}}, {"id": "275", "type": "Feature", "properties": {"building_id": "180917997", "area_m2": 93.33235051888366}, "geometry": {"type": "Polygon", "coordinates": [[[120.9847482, 14.5973036], [120.9846489, 14.5973196], [120.9846633, 14.597397], [120.9847613, 14.5973803], [120.9847482, 14.5973036]]]}}, {"id": "276", "type": "Feature", "properties": {"building_id": "181381766", "area_m2": 188.33525320062344}, "geometry": {"type": "Polygon", "coordinates": [[[120.9818083, 14.5932654], [120.9817952, 14.5933297], [120.98203160000001, 14.5933748], [120.9820447, 14.5933105], [120.9818083, 14.5932654]]]}}, {"id": "277", "type": "Feature", "properties": {"building_id": "181381767", "area_m2": 266.12043440013696}, "geometry": {"type": "Polygon", "coordinates": [[[120.98265530000002, 14.5935731], [120.98261520000001, 14.5936739], [120.9824224, 14.5936021], [120.98246250000001, 14.5935013], [120.98265530000002, 14.5935731]]]}}, {"id": "278", "type": "Feature", "properties": {"building_id": "181381768", "area_m2": 69.62106620193289}, "geometry": {"type": "Polygon", "coordinates": [[[120.9823288, 14.5935443], [120.9824182, 14.5935633], [120.9824323, 14.593501], [120.9823429, 14.593482], [120.9823288, 14.5935443]]]}}, {"id": "279", "type": "Feature", "properties": {"building_id": "181381785", "area_m2": 132.7904587270408}, "geometry": {"type": "Polygon", "coordinates": [[[120.9802424, 14.5945754], [120.9802072, 14.59463], [120.98035390000001, 14.5947186], [120.9803891, 14.5946639], [120.9802424, 14.5945754]]]}}, {"id": "280", "type": "Feature", "properties": {"building_id": "181381940", "area_m2": 58.362947920227626}, "geometry": {"type": "Polygon", "coordinates": [[[120.97948440000002, 14.5960631], [120.9794639, 14.5961268], [120.9795339, 14.596148], [120.97955439999998, 14.5960843], [120.97948440000002, 14.5960631]]]}}, {"id": "281", "type": "Feature", "properties": {"building_id": "181382882", "area_m2": 123.35245213690577}, "geometry": {"type": "Polygon", "coordinates": [[[120.9780985, 14.5989275], [120.9782034, 14.5989906], [120.97824530000001, 14.5989346], [120.9782443, 14.5989162], [120.97815149999998, 14.5988583], [120.978146, 14.5988658], [120.9780985, 14.5989275]]]}}, {"id": "282", "type": "Feature", "properties": {"building_id": "181382884", "area_m2": 902.7637321777665}, "geometry": {"type": "Polygon", "coordinates": [[[120.9780563, 14.597912], [120.97814330000001, 14.5979855], [120.9781269, 14.598006], [120.978239, 14.5980817], [120.97842650000001, 14.5978137], [120.9782755, 14.597669], [120.9781395, 14.5978198], [120.9780563, 14.597912]]]}}, {"id": "283", "type": "Feature", "properties": {"building_id": "181382891", "area_m2": 417.2700351028887}, "geometry": {"type": "Polygon", "coordinates": [[[120.97772660000001, 14.5984633], [120.97793689999999, 14.5985901], [120.9780133, 14.5984771], [120.97794910000002, 14.5984358], [120.97788530000001, 14.5983947], [120.9778228, 14.5983545], [120.9778006, 14.5983402], [120.9777437, 14.598432], [120.97772660000001, 14.5984633]]]}}, {"id": "284", "type": "Feature", "properties": {"building_id": "181382892", "area_m2": 804.0308596393139}, "geometry": {"type": "Polygon", "coordinates": [[[120.9776568, 14.5988854], [120.9778002, 14.5989902], [120.9778634, 14.5989807], [120.97800479999998, 14.5987592], [120.9778143, 14.598634], [120.9776568, 14.5988854]]]}}, {"id": "285", "type": "Feature", "properties": {"building_id": "181382897", "area_m2": 680.4478084185046}, "geometry": {"type": "Polygon", "coordinates": [[[120.97785649999999, 14.5978501], [120.9780202, 14.5979465], [120.9780563, 14.597912], [120.9781395, 14.5978198], [120.9782755, 14.597669], [120.9781698, 14.5975704], [120.97798940000001, 14.5978163], [120.97791439999999, 14.5977678], [120.97785649999999, 14.5978501]]]}}, {"id": "286", "type": "Feature", "properties": {"building_id": "181382900", "area_m2": 1268.6974568378998}, "geometry": {"type": "Polygon", "coordinates": [[[120.9783533, 14.598379], [120.9785305, 14.5984948], [120.9785728, 14.5984803], [120.9787772, 14.5981702], [120.97876610000002, 14.5981208], [120.9786151, 14.5979893], [120.97844039999998, 14.5982494], [120.9783533, 14.598379]]]}}, {"id": "287", "type": "Feature", "properties": {"building_id": "181383065", "area_m2": 741.3075391124619}, "geometry": {"type": "Polygon", "coordinates": [[[120.97800710000001, 14.5968899], [120.97816559999998, 14.5969734], [120.9780042, 14.5972565], [120.9779994, 14.5972645], [120.977994, 14.5972743], [120.9779913, 14.5972794], [120.9779093, 14.5972054], [120.97790170000002, 14.597217], [120.977833, 14.5971746], [120.9778356, 14.5971704], [120.9778431, 14.5971581], [120.9778467, 14.5971522], [120.97800710000001, 14.5968899]]]}}, {"id": "288", "type": "Feature", "properties": {"building_id": "181383067", "area_m2": 575.6706877542069}, "geometry": {"type": "Polygon", "coordinates": [[[120.9777162, 14.5970657], [120.97775969999998, 14.5970946], [120.9777556, 14.5971004], [120.97775030000001, 14.5971078], [120.97779379999999, 14.5971366], [120.9777909, 14.5971408], [120.9778356, 14.5971704], [120.9778431, 14.5971581], [120.9778467, 14.5971522], [120.97800710000001, 14.5968899], [120.9778719, 14.5968187], [120.9777162, 14.5970657]]]}}, {"id": "289", "type": "Feature", "properties": {"building_id": "183757651", "area_m2": 696.8073967755583}, "geometry": {"type": "Polygon", "coordinates": [[[120.97919930000002, 14.5985241], [120.9790913, 14.5984225], [120.9790865, 14.598427], [120.9789759, 14.5985352], [120.97902389999999, 14.5985837], [120.9789557, 14.5986526], [120.9789394, 14.5986377], [120.9789091, 14.5986687], [120.9789253, 14.5986837], [120.9788885, 14.5987217], [120.9789001, 14.598734], [120.9789788, 14.5988171], [120.978982, 14.5988204], [120.97898489999999, 14.5988235], [120.97919949999998, 14.5985832], [120.97919940000001, 14.5985781], [120.97919930000002, 14.5985241]]]}}, {"id": "290", "type": "Feature", "properties": {"building_id": "183757653", "area_m2": 670.5664040334344}, "geometry": {"type": "Polygon", "coordinates": [[[120.978536, 14.5987604], [120.97843940000001, 14.5989036], [120.978436, 14.5989086], [120.9787402, 14.5990931], [120.9787442, 14.5990885], [120.9788263, 14.5989938], [120.978536, 14.5987604]]]}}, {"id": "291", "type": "Feature", "properties": {"building_id": "183757654", "area_m2": 1611.808930486238}, "geometry": {"type": "Polygon", "coordinates": [[[120.9791699, 14.5977371], [120.9790468, 14.5979236], [120.97912110000001, 14.5979804], [120.97910490000001, 14.5980045], [120.9791723, 14.5980539], [120.97918850000002, 14.5980317], [120.979257, 14.5980839], [120.9793208, 14.5980061], [120.9793547, 14.5979647], [120.9794009, 14.5979082], [120.9795589, 14.5977155], [120.9795517, 14.5977114], [120.9794842, 14.5976722], [120.9793126, 14.5975727], [120.9793027, 14.5975747], [120.9792731, 14.5975808], [120.9792262, 14.5976518], [120.979219, 14.5976473], [120.97921119999998, 14.5976425], [120.9791549, 14.5977278], [120.97916280000001, 14.5977327], [120.9791699, 14.5977371]]]}}, {"id": "292", "type": "Feature", "properties": {"building_id": "183757656", "area_m2": 728.6646476487492}, "geometry": {"type": "Polygon", "coordinates": [[[120.9787631, 14.5988855], [120.9788682, 14.5987695], [120.9787966, 14.5987139], [120.97877330000001, 14.598742], [120.97876349999999, 14.5987345], [120.97882760000002, 14.5986574], [120.9787963, 14.5986242], [120.9788137, 14.5986076], [120.97879340000001, 14.59859], [120.978702, 14.598511], [120.9786969, 14.5985063], [120.9786919, 14.5985017], [120.9785572, 14.5986991], [120.97856030000001, 14.5987079], [120.9785647, 14.5987202], [120.9785863, 14.5987383], [120.9787631, 14.5988855]]]}}, {"id": "293", "type": "Feature", "properties": {"building_id": "183946672", "area_m2": 461.2782385283273}, "geometry": {"type": "Polygon", "coordinates": [[[120.97844039999998, 14.5982494], [120.9786151, 14.5979893], [120.9785353, 14.5979118], [120.9783318, 14.598182], [120.97844039999998, 14.5982494]]]}}, {"id": "294", "type": "Feature", "properties": {"building_id": "183946680", "area_m2": 459.8270990453227}, "geometry": {"type": "Polygon", "coordinates": [[[120.97814120000001, 14.5982354], [120.9783533, 14.598379], [120.97844039999998, 14.5982494], [120.9783318, 14.598182], [120.97822970000001, 14.5981137], [120.97814120000001, 14.5982354]]]}}, {"id": "295", "type": "Feature", "properties": {"building_id": "183946694", "area_m2": 458.9029198992816}, "geometry": {"type": "Polygon", "coordinates": [[[120.9777933, 14.5979358], [120.9780538, 14.5980975], [120.9781269, 14.598006], [120.97814330000001, 14.5979855], [120.9780563, 14.597912], [120.9780202, 14.5979465], [120.97785649999999, 14.5978501], [120.97780810000002, 14.5979157], [120.9777933, 14.5979358]]]}}, {"id": "296", "type": "Feature", "properties": {"building_id": "183946698", "area_m2": 236.9494116864559}, "geometry": {"type": "Polygon", "coordinates": [[[120.97775110000002, 14.5979972], [120.9779619, 14.5981389], [120.9780061, 14.5980687], [120.9777933, 14.5979358], [120.97775110000002, 14.5979972]]]}}, {"id": "297", "type": "Feature", "properties": {"building_id": "183946699", "area_m2": 269.2582930224023}, "geometry": {"type": "Polygon", "coordinates": [[[120.9783544, 14.5989601], [120.97828040000002, 14.5990673], [120.9783864, 14.5991679], [120.9784948, 14.5990485], [120.9783544, 14.5989601]]]}}, {"id": "298", "type": "Feature", "properties": {"building_id": "183946703", "area_m2": 379.39750988123393}, "geometry": {"type": "Polygon", "coordinates": [[[120.9779619, 14.5981389], [120.97814120000001, 14.5982354], [120.978239, 14.5980817], [120.9781269, 14.598006], [120.9780538, 14.5980975], [120.9780061, 14.5980687], [120.9779619, 14.5981389]]]}}, {"id": "299", "type": "Feature", "properties": {"building_id": "186723967", "area_m2": 102.98003037636964}, "geometry": {"type": "Polygon", "coordinates": [[[120.983156, 14.5968562], [120.9830428, 14.5967827], [120.9830063, 14.5968353], [120.98310530000002, 14.5968995], [120.98311959999998, 14.5969088], [120.983156, 14.5968562]]]}}, {"id": "300", "type": "Feature", "properties": {"building_id": "186729506", "area_m2": 201.18118209946098}, "geometry": {"type": "Polygon", "coordinates": [[[120.98245139999999, 14.598621], [120.9824536, 14.5986287], [120.982515, 14.59862], [120.98251439999999, 14.5985596], [120.9824863, 14.5984141], [120.9824794, 14.5983754], [120.9824134, 14.5983924], [120.98245139999999, 14.598621]]]}}, {"id": "301", "type": "Feature", "properties": {"building_id": "186736622", "area_m2": 249.37074237625367}, "geometry": {"type": "Polygon", "coordinates": [[[120.9831676, 14.5990103], [120.9831889, 14.5991532], [120.9832707, 14.5991426], [120.98326440000001, 14.5990914], [120.983365, 14.5990805], [120.9833588, 14.598996], [120.9831676, 14.5990103]]]}}, {"id": "302", "type": "Feature", "properties": {"building_id": "186986669", "area_m2": 69.47820612132182}, "geometry": {"type": "Polygon", "coordinates": [[[120.9858004, 14.5987553], [120.9858205, 14.5986944], [120.9859068, 14.598722], [120.98588570000001, 14.5987835], [120.9858004, 14.5987553]]]}}, {"id": "303", "type": "Feature", "properties": {"building_id": "187141258", "area_m2": 66.44013852091535}, "geometry": {"type": "Polygon", "coordinates": [[[120.98540360000001, 14.5989086], [120.98543290000002, 14.5988186], [120.9853766, 14.5988014], [120.9853473, 14.5988914], [120.98540360000001, 14.5989086]]]}}, {"id": "304", "type": "Feature", "properties": {"building_id": "187141380", "area_m2": 1840.259318605923}, "geometry": {"type": "Polygon", "coordinates": [[[120.9827069, 14.5955221], [120.98314329999998, 14.5958053], [120.9833121, 14.5955538], [120.98285540000002, 14.5952803], [120.9827069, 14.5955221]]]}}, {"id": "305", "type": "Feature", "properties": {"building_id": "195513049", "area_m2": 98.43971081187544}, "geometry": {"type": "Polygon", "coordinates": [[[120.9833773, 14.5976758], [120.9834022, 14.5977224], [120.9835382, 14.5976511], [120.98351229999999, 14.5976029], [120.9833773, 14.5976758]]]}}, {"id": "306", "type": "Feature", "properties": {"building_id": "195513050", "area_m2": 90.30610668044754}, "geometry": {"type": "Polygon", "coordinates": [[[120.9834044, 14.5977252], [120.98342859999998, 14.5977682], [120.9835617, 14.5977009], [120.98354010000001, 14.5976547], [120.9834044, 14.5977252]]]}}, {"id": "307", "type": "Feature", "properties": {"building_id": "195513051", "area_m2": 121.58610670071121}, "geometry": {"type": "Polygon", "coordinates": [[[120.983429, 14.5977708], [120.98344959999999, 14.5978102], [120.9836381, 14.597722], [120.98362479999999, 14.5976718], [120.983429, 14.5977708]]]}}, {"id": "308", "type": "Feature", "properties": {"building_id": "195513052", "area_m2": 122.02901962363256}, "geometry": {"type": "Polygon", "coordinates": [[[120.98346879999998, 14.5978512], [120.9836528, 14.5977797], [120.9836386, 14.5977235], [120.98345, 14.5978117], [120.98346879999998, 14.5978512]]]}}, {"id": "309", "type": "Feature", "properties": {"building_id": "195513053", "area_m2": 116.57423123133735}, "geometry": {"type": "Polygon", "coordinates": [[[120.9834854, 14.59789], [120.98366880000002, 14.5978388], [120.9836529, 14.5977807], [120.9834691, 14.5978524], [120.9834854, 14.59789]]]}}, {"id": "310", "type": "Feature", "properties": {"building_id": "195520082", "area_m2": 155.33710082460385}, "geometry": {"type": "Polygon", "coordinates": [[[120.983706, 14.5975828], [120.9836953, 14.5975286], [120.9835775, 14.5975486], [120.9835415, 14.5976185], [120.98357190000002, 14.5976946], [120.983624, 14.5976679], [120.9836077, 14.5976042], [120.983706, 14.5975828]]]}}, {"id": "311", "type": "Feature", "properties": {"building_id": "195525032", "area_m2": 79.37850958859329}, "geometry": {"type": "Polygon", "coordinates": [[[120.98299080000001, 14.5970093], [120.983009, 14.5970374], [120.9831364, 14.5969613], [120.9830978, 14.5969167], [120.98299080000001, 14.5970093]]]}}, {"id": "312", "type": "Feature", "properties": {"building_id": "195534932", "area_m2": 217.98667233482627}, "geometry": {"type": "Polygon", "coordinates": [[[120.9836492, 14.5978455], [120.983671, 14.5978396], [120.9837848, 14.5978163], [120.98379549999999, 14.5978705], [120.98379759999999, 14.5978993], [120.98379309999999, 14.5979275], [120.9837841, 14.5979473], [120.9837671, 14.5979617], [120.9837462, 14.5979715], [120.9836848, 14.5979876], [120.9836492, 14.5978455]]]}}, {"id": "313", "type": "Feature", "properties": {"building_id": "195534936", "area_m2": 92.70610137540672}, "geometry": {"type": "Polygon", "coordinates": [[[120.98302620000001, 14.5970742], [120.9831482, 14.5970073], [120.98318820000001, 14.5969834], [120.983163, 14.596947], [120.98300709999998, 14.5970399], [120.98302620000001, 14.5970742]]]}}, {"id": "314", "type": "Feature", "properties": {"building_id": "195681365", "area_m2": 197.53445308650373}, "geometry": {"type": "Polygon", "coordinates": [[[120.9831239, 14.5978344], [120.98316720000001, 14.5978129], [120.98322030000001, 14.5979202], [120.9832841, 14.598048], [120.9832087, 14.5980701], [120.98314920000001, 14.5979403], [120.983168, 14.5979332], [120.9831239, 14.5978344]]]}}, {"id": "315", "type": "Feature", "properties": {"building_id": "195681366", "area_m2": 187.81064982324887}, "geometry": {"type": "Polygon", "coordinates": [[[120.98272640000002, 14.597964], [120.9827425, 14.5979867], [120.9827653, 14.5980192], [120.98286720000002, 14.5979828], [120.982922, 14.5979633], [120.98288160000001, 14.5978574], [120.9827581, 14.5979426], [120.98272640000002, 14.597964]]]}}, {"id": "316", "type": "Feature", "properties": {"building_id": "195714009", "area_m2": 35.821992135256565}, "geometry": {"type": "Polygon", "coordinates": [[[120.98588570000001, 14.5987835], [120.98592950000001, 14.5987974], [120.98595050000002, 14.5987341], [120.9859068, 14.598722], [120.98588570000001, 14.5987835]]]}}, {"id": "317", "type": "Feature", "properties": {"building_id": "204368319", "area_m2": 220.4679445098049}, "geometry": {"type": "Polygon", "coordinates": [[[120.98479129999998, 14.5970725], [120.9848982, 14.5970582], [120.9848749, 14.5968931], [120.9847622, 14.5969078], [120.98479129999998, 14.5970725]]]}}, {"id": "318", "type": "Feature", "properties": {"building_id": "204368321", "area_m2": 150.67002172803157}, "geometry": {"type": "Polygon", "coordinates": [[[120.9847911, 14.5965423], [120.9847042, 14.5965567], [120.9846782, 14.5964189], [120.98476870000002, 14.5964034], [120.9847911, 14.5965423]]]}}, {"id": "319", "type": "Feature", "properties": {"building_id": "204368323", "area_m2": 97.79631987324984}, "geometry": {"type": "Polygon", "coordinates": [[[120.98431060000001, 14.5981191], [120.9843751, 14.5981086], [120.9843519, 14.5979834], [120.9842883, 14.5979967], [120.98431060000001, 14.5981191]]]}}, {"id": "320", "type": "Feature", "properties": {"building_id": "204368325", "area_m2": 714.2495617672563}, "geometry": {"type": "Polygon", "coordinates": [[[120.98544269999998, 14.5962409], [120.9854669, 14.5964091], [120.9851125, 14.5964593], [120.98510020000002, 14.5962889], [120.98544269999998, 14.5962409]]]}}, {"id": "321", "type": "Feature", "properties": {"building_id": "204368327", "area_m2": 115.2339152993684}, "geometry": {"type": "Polygon", "coordinates": [[[120.9847524, 14.596302], [120.9846609, 14.5963128], [120.9846782, 14.5964189], [120.98476870000002, 14.5964034], [120.9847524, 14.596302]]]}}, {"id": "322", "type": "Feature", "properties": {"building_id": "204508369", "area_m2": 355.6359520547854}, "geometry": {"type": "Polygon", "coordinates": [[[120.9842426, 14.5983292], [120.9842079, 14.5981436], [120.9843632, 14.5981126], [120.9843955, 14.5983017], [120.9843321, 14.5983127], [120.9842426, 14.5983292]]]}}, {"id": "323", "type": "Feature", "properties": {"building_id": "204508371", "area_m2": 121.82731071964628}, "geometry": {"type": "Polygon", "coordinates": [[[120.98431050000002, 14.5986867], [120.98447560000001, 14.5986617], [120.98446540000002, 14.5985992], [120.9843, 14.598629], [120.98431050000002, 14.5986867]]]}}, {"id": "324", "type": "Feature", "properties": {"building_id": "204511239", "area_m2": 116.82181490774465}, "geometry": {"type": "Polygon", "coordinates": [[[120.9848821, 14.5976244], [120.98487979999999, 14.5975775], [120.9850503, 14.5975709], [120.9850949, 14.5975833], [120.9850752, 14.5976273], [120.98504120000001, 14.5976193], [120.9848821, 14.5976244]]]}}, {"id": "325", "type": "Feature", "properties": {"building_id": "204519929", "area_m2": 84.17170031007778}, "geometry": {"type": "Polygon", "coordinates": [[[120.9846792, 14.5972002], [120.98474530000001, 14.5971905], [120.9847272, 14.5970841], [120.98466370000001, 14.5970938], [120.9846792, 14.5972002]]]}}, {"id": "326", "type": "Feature", "properties": {"building_id": "204642834", "area_m2": 351.59373266414434}, "geometry": {"type": "Polygon", "coordinates": [[[120.983671, 14.5978396], [120.9836102, 14.5976054], [120.9837335, 14.5975774], [120.9837848, 14.5978163], [120.983671, 14.5978396]]]}}, {"id": "327", "type": "Feature", "properties": {"building_id": "288089644", "area_m2": 1528.0876201189055}, "geometry": {"type": "Polygon", "coordinates": [[[120.98135989999999, 14.5996294], [120.9813699, 14.599628], [120.98139, 14.5996252], [120.98139670000002, 14.5996243], [120.9814629, 14.5996152], [120.9814695, 14.5996142], [120.98149009999999, 14.5996114], [120.98149960000002, 14.5996101], [120.9814682, 14.5993969], [120.981399, 14.598928], [120.98136709999999, 14.5987113], [120.9813303, 14.5987163], [120.981298, 14.5987203], [120.98126420000001, 14.5987255], [120.9812274, 14.5987306], [120.9812317, 14.5987595], [120.98125939999998, 14.598948], [120.98132830000002, 14.5994147], [120.98135989999999, 14.5996294]]]}}, {"id": "328", "type": "Feature", "properties": {"building_id": "417122356", "area_m2": 66.41572087141145}, "geometry": {"type": "Polygon", "coordinates": [[[120.9859666, 14.5982204], [120.9860197, 14.5982397], [120.9860554, 14.5981478], [120.9860023, 14.5981285], [120.9859666, 14.5982204]]]}}, {"id": "329", "type": "Feature", "properties": {"building_id": "417122361", "area_m2": 134.6400716512918}, "geometry": {"type": "Polygon", "coordinates": [[[120.9853355, 14.5984439], [120.9854214, 14.5984753], [120.9854664, 14.5983604], [120.9853805, 14.5983289], [120.9853355, 14.5984439]]]}}, {"id": "330", "type": "Feature", "properties": {"building_id": "417122362", "area_m2": 158.6389346463861}, "geometry": {"type": "Polygon", "coordinates": [[[120.98591129999998, 14.5982001], [120.9859626, 14.5982188], [120.9860524, 14.5979879], [120.9860028, 14.5979698], [120.98591129999998, 14.5982001]]]}}, {"id": "331", "type": "Feature", "properties": {"building_id": "417122365", "area_m2": 193.80370822346794}, "geometry": {"type": "Polygon", "coordinates": [[[120.9858955, 14.5985173], [120.98596790000002, 14.5985427], [120.9859817, 14.5985059], [120.9859906, 14.5984821], [120.9860411, 14.5983471], [120.985968, 14.5983194], [120.9858955, 14.5985173]]]}}, {"id": "332", "type": "Feature", "properties": {"building_id": "417125992", "area_m2": 76.18114548456316}, "geometry": {"type": "Polygon", "coordinates": [[[120.9842791, 14.5979009], [120.98433910000001, 14.5978906], [120.98432010000002, 14.5977874], [120.9842601, 14.5977977], [120.9842791, 14.5979009]]]}}, {"id": "333", "type": "Feature", "properties": {"building_id": "417132395", "area_m2": 951.3423203657093}, "geometry": {"type": "Polygon", "coordinates": [[[120.9851234, 14.5966389], [120.9851125, 14.5964593], [120.9854669, 14.5964091], [120.98556230000001, 14.5963981], [120.98553380000001, 14.5965896], [120.9851652, 14.5966339], [120.9851234, 14.5966389]]]}}, {"id": "334", "type": "Feature", "properties": {"building_id": "417132396", "area_m2": 24.000804460352427}, "geometry": {"type": "Polygon", "coordinates": [[[120.98397, 14.5963191], [120.9839687, 14.5962992], [120.9840695, 14.5962932], [120.9840707, 14.5963131], [120.98397, 14.5963191]]]}}, {"id": "335", "type": "Feature", "properties": {"building_id": "417132397", "area_m2": 93.83839262472607}, "geometry": {"type": "Polygon", "coordinates": [[[120.98388690000002, 14.596456], [120.983946, 14.596447], [120.9839431, 14.5964295], [120.98392720000001, 14.5963327], [120.9839246, 14.5963169], [120.98386560000002, 14.596326], [120.9838681, 14.596341], [120.983884, 14.5964382], [120.98388690000002, 14.596456]]]}}, {"id": "336", "type": "Feature", "properties": {"building_id": "417132398", "area_m2": 201.4970894091008}, "geometry": {"type": "Polygon", "coordinates": [[[120.98544740000001, 14.5962618], [120.9854689, 14.5964081], [120.98556230000001, 14.5963981], [120.9855805, 14.5962464], [120.98544740000001, 14.5962618]]]}}, {"id": "337", "type": "Feature", "properties": {"building_id": "417132399", "area_m2": 384.41922873569854}, "geometry": {"type": "Polygon", "coordinates": [[[120.98557979999998, 14.5962457], [120.9856044, 14.5960412], [120.9854196, 14.5960604], [120.9854467, 14.5962612], [120.98557979999998, 14.5962457]]]}}, {"id": "338", "type": "Feature", "properties": {"building_id": "417132400", "area_m2": 427.19130504697995}, "geometry": {"type": "Polygon", "coordinates": [[[120.9836885, 14.5958987], [120.983931, 14.5960621], [120.98396109999999, 14.5960231], [120.9838353, 14.5959357], [120.9839147, 14.5958132], [120.9837956, 14.5957337], [120.9836885, 14.5958987]]]}}, {"id": "339", "type": "Feature", "properties": {"building_id": "417276495", "area_m2": 141.89239477891493}, "geometry": {"type": "Polygon", "coordinates": [[[120.9822742, 14.5976788], [120.98233580000002, 14.597602], [120.9822512, 14.597526], [120.9821775, 14.5975849], [120.9822742, 14.5976788]]]}}, {"id": "340", "type": "Feature", "properties": {"building_id": "417292167", "area_m2": 109.84001442520693}, "geometry": {"type": "Polygon", "coordinates": [[[120.9829226, 14.5971775], [120.9829789, 14.5971123], [120.9830144, 14.5971717], [120.9829142, 14.5972719], [120.9828737, 14.5972341], [120.982886, 14.5972198], [120.9829226, 14.5971775]]]}}, {"id": "341", "type": "Feature", "properties": {"building_id": "418305112", "area_m2": 827.3323130933209}, "geometry": {"type": "Polygon", "coordinates": [[[120.97869, 14.597857], [120.97866980000002, 14.5978784], [120.9788017, 14.598004], [120.9788259, 14.597979], [120.9788515, 14.5980027], [120.97887710000002, 14.5980264], [120.9790292, 14.5977987], [120.9790199, 14.5977909], [120.97901130000001, 14.5977838], [120.9789321, 14.5977121], [120.97894730000002, 14.5976954], [120.9788885, 14.5976465], [120.97869, 14.597857]]]}}, {"id": "342", "type": "Feature", "properties": {"building_id": "482698427", "area_m2": 177.20734694133893}, "geometry": {"type": "Polygon", "coordinates": [[[120.9796945, 14.5935017], [120.9797422, 14.5935158], [120.97983240000002, 14.5932309], [120.9797847, 14.5932168], [120.9797347, 14.5933748], [120.9796945, 14.5935017]]]}}, {"id": "343", "type": "Feature", "properties": {"building_id": "482698429", "area_m2": 218.50278772793638}, "geometry": {"type": "Polygon", "coordinates": [[[120.979848, 14.5931732], [120.9799517, 14.5928363], [120.97990170000001, 14.5928219], [120.9797981, 14.5931588], [120.979848, 14.5931732]]]}}, {"id": "344", "type": "Feature", "properties": {"building_id": "572280000", "area_m2": 2403.920063055037}, "geometry": {"type": "Polygon", "coordinates": [[[120.9788057, 14.5973049], [120.97879680000001, 14.5973144], [120.9787155, 14.5974037], [120.97865930000002, 14.597464], [120.97856090000002, 14.5975695], [120.97845950000001, 14.5976812], [120.9786553, 14.5978648], [120.97885679999999, 14.5976514], [120.9788825, 14.5976241], [120.9789223, 14.5976569], [120.97904279999999, 14.5977557], [120.979051, 14.5977627], [120.9792032, 14.597532], [120.97920029999999, 14.5975171], [120.9788057, 14.5973049]]]}}, {"id": "345", "type": "Feature", "properties": {"building_id": "740670527", "area_m2": 646.4072304204831}, "geometry": {"type": "Polygon", "coordinates": [[[120.9808272, 14.5929633], [120.98124550000001, 14.5930906], [120.98123320000002, 14.5931285], [120.98127730000002, 14.5931419], [120.981252, 14.5932195], [120.980823, 14.5930889], [120.9808464, 14.5930167], [120.9808131, 14.5930065], [120.9808272, 14.5929633]]]}}, {"id": "346", "type": "Feature", "properties": {"building_id": "765326054", "area_m2": 290.7417932468522}, "geometry": {"type": "Polygon", "coordinates": [[[120.97898489999999, 14.5988235], [120.978982, 14.5988204], [120.9789788, 14.5988171], [120.9789001, 14.598734], [120.9788682, 14.5987695], [120.9787631, 14.5988855], [120.9788338, 14.5989444], [120.9788339, 14.5989559], [120.9788632, 14.5989551], [120.9788689, 14.5989549], [120.97898489999999, 14.5988235]]]}}, {"id": "347", "type": "Feature", "properties": {"building_id": "765326055", "area_m2": 699.9835425452268}, "geometry": {"type": "Polygon", "coordinates": [[[120.97896840000001, 14.5992547], [120.9791691, 14.5990284], [120.9790279, 14.5989043], [120.97881539999999, 14.5991385], [120.97896840000001, 14.5992547]]]}}, {"id": "348", "type": "Feature", "properties": {"building_id": "765331766", "area_m2": 540.014109759071}, "geometry": {"type": "Polygon", "coordinates": [[[120.9810377, 14.597827], [120.9812449, 14.5977786], [120.9812964, 14.5979851], [120.98108920000001, 14.5980335], [120.9810377, 14.597827]]]}}, {"id": "349", "type": "Feature", "properties": {"building_id": "765334204", "area_m2": 501.8441401316041}, "geometry": {"type": "Polygon", "coordinates": [[[120.9830788, 14.5960976], [120.9831974, 14.5959269], [120.9833671, 14.5960373], [120.98324859999998, 14.5962081], [120.9830788, 14.5960976]]]}}, {"id": "350", "type": "Feature", "properties": {"building_id": "765358691", "area_m2": 484.08965217207736}, "geometry": {"type": "Polygon", "coordinates": [[[120.97824749999998, 14.5986038], [120.9783082, 14.5986352], [120.9783454, 14.5985841], [120.9784576, 14.5986549], [120.9784837, 14.5986199], [120.978466, 14.598548], [120.97826060000001, 14.5984248], [120.97814690000001, 14.5986025], [120.978219, 14.5986458], [120.97824749999998, 14.5986038]]]}}, {"id": "351", "type": "Feature", "properties": {"building_id": "765358692", "area_m2": 758.2403713153217}, "geometry": {"type": "Polygon", "coordinates": [[[120.9781618, 14.598724], [120.97793689999999, 14.5985901], [120.9780133, 14.5984771], [120.9780857, 14.5983363], [120.97826060000001, 14.5984248], [120.97814690000001, 14.5986025], [120.978219, 14.5986458], [120.9781618, 14.598724]]]}}, {"id": "352", "type": "Feature", "properties": {"building_id": "765360135", "area_m2": 604.1808640291692}, "geometry": {"type": "Polygon", "coordinates": [[[120.9788888, 14.5982346], [120.979009, 14.5983508], [120.9788046, 14.5985774], [120.97879340000001, 14.59859], [120.978702, 14.598511], [120.9786969, 14.5985063], [120.9786919, 14.5985017], [120.9788509, 14.5982676], [120.9788563, 14.5982711], [120.97886180000002, 14.5982745], [120.9788888, 14.5982346]]]}}, {"id": "353", "type": "Feature", "properties": {"building_id": "765868936", "area_m2": 931.9863601773652}, "geometry": {"type": "Polygon", "coordinates": [[[120.9843253, 14.5947993], [120.9841406, 14.5946502], [120.98435, 14.5944073], [120.98435569999998, 14.5944007], [120.98454040000001, 14.5945497], [120.9845324, 14.5945589], [120.9843253, 14.5947993]]]}}, {"id": "354", "type": "Feature", "properties": {"building_id": "765868937", "area_m2": 1985.9735846162782}, "geometry": {"type": "Polygon", "coordinates": [[[120.9844509, 14.5933814], [120.98499829999999, 14.5937995], [120.98515120000002, 14.593612], [120.9846037, 14.593194], [120.9844509, 14.5933814]]]}}, {"id": "355", "type": "Feature", "properties": {"building_id": "765896727", "area_m2": 91.22234554628818}, "geometry": {"type": "Polygon", "coordinates": [[[120.98450020000001, 14.5966153], [120.98447860000002, 14.5964907], [120.98453659999998, 14.5964804], [120.9845607, 14.5966067], [120.98450020000001, 14.5966153]]]}}, {"id": "356", "type": "Feature", "properties": {"building_id": "765896728", "area_m2": 68.96449094455679}, "geometry": {"type": "Polygon", "coordinates": [[[120.98450020000001, 14.5966153], [120.98447860000002, 14.5964907], [120.9844334, 14.5964981], [120.9844551, 14.5966226], [120.98450020000001, 14.5966153]]]}}, {"id": "357", "type": "Feature", "properties": {"building_id": "765896729", "area_m2": 153.01349698351999}, "geometry": {"type": "Polygon", "coordinates": [[[120.98455930000002, 14.5968821], [120.98469460000001, 14.5968591], [120.9847107, 14.5969512], [120.98457610000001, 14.5969745], [120.98455930000002, 14.5968821]]]}}, {"id": "358", "type": "Feature", "properties": {"building_id": "765896730", "area_m2": 96.07962114552643}, "geometry": {"type": "Polygon", "coordinates": [[[120.9845861, 14.5970466], [120.9847182, 14.5970222], [120.9847299, 14.597081], [120.9846522, 14.5970954], [120.9845978, 14.5971054], [120.9845861, 14.5970466]]]}}, {"id": "359", "type": "Feature", "properties": {"building_id": "794341803", "area_m2": 223.5514488415603}, "geometry": {"type": "Polygon", "coordinates": [[[120.97795040000001, 14.598927], [120.978037, 14.5989812], [120.9780985, 14.598908], [120.978146, 14.5988463], [120.9780483, 14.5987865], [120.97795040000001, 14.598927]]]}}, {"id": "360", "type": "Feature", "properties": {"building_id": "807490651", "area_m2": 154.22005641687474}, "geometry": {"type": "Polygon", "coordinates": [[[120.97788530000001, 14.5983947], [120.97794910000002, 14.5984358], [120.9780439, 14.5982794], [120.9779878, 14.5982446], [120.97788530000001, 14.5983947]]]}}, {"id": "361", "type": "Feature", "properties": {"building_id": "807490652", "area_m2": 429.62878119392826}, "geometry": {"type": "Polygon", "coordinates": [[[120.97824749999998, 14.5986038], [120.9783082, 14.5986352], [120.9783454, 14.5985841], [120.9784576, 14.5986549], [120.9783523, 14.5987882], [120.9783308, 14.5987986], [120.9783013, 14.5987986], [120.9781618, 14.598724], [120.978219, 14.5986458], [120.97824749999998, 14.5986038]]]}}, {"id": "362", "type": "Feature", "properties": {"building_id": "809379778", "area_m2": 266.18184588806025}, "geometry": {"type": "Polygon", "coordinates": [[[120.97798940000001, 14.5978163], [120.97791439999999, 14.5977678], [120.9781258, 14.5975361], [120.9781698, 14.5975704], [120.97798940000001, 14.5978163]]]}}, {"id": "363", "type": "Feature", "properties": {"building_id": "809379779", "area_m2": 539.0656694676775}, "geometry": {"type": "Polygon", "coordinates": [[[120.979009, 14.5983508], [120.9790865, 14.598427], [120.9789759, 14.5985352], [120.97902389999999, 14.5985837], [120.9789557, 14.5986526], [120.9789394, 14.5986377], [120.9789091, 14.5986687], [120.9789253, 14.5986837], [120.9788885, 14.5987217], [120.97882760000002, 14.5986574], [120.9787963, 14.5986242], [120.9788137, 14.5986076], [120.9788266, 14.5985953], [120.9788046, 14.5985774], [120.979009, 14.5983508]]]}}, {"id": "364", "type": "Feature", "properties": {"building_id": "809379780", "area_m2": 250.4678094583053}, "geometry": {"type": "Polygon", "coordinates": [[[120.97903340000002, 14.5982404], [120.979088, 14.5982901], [120.97909370000002, 14.5982831], [120.9790981, 14.5982778], [120.979257, 14.5980839], [120.97918850000002, 14.5980317], [120.9791723, 14.5980539], [120.9790387, 14.5982332], [120.97903340000002, 14.5982404]]]}}, {"id": "365", "type": "Feature", "properties": {"building_id": "809379781", "area_m2": 213.12141817857176}, "geometry": {"type": "Polygon", "coordinates": [[[120.9791723, 14.5980539], [120.97910490000001, 14.5980045], [120.9789841, 14.5981838], [120.97897910000002, 14.5981911], [120.97903340000002, 14.5982404], [120.9790387, 14.5982332], [120.9791723, 14.5980539]]]}}, {"id": "366", "type": "Feature", "properties": {"building_id": "809379782", "area_m2": 272.05255487999216}, "geometry": {"type": "Polygon", "coordinates": [[[120.97897910000002, 14.5981911], [120.9789266, 14.5981433], [120.9789252, 14.5981076], [120.978933, 14.5980958], [120.9790468, 14.5979236], [120.97912110000001, 14.5979804], [120.97910490000001, 14.5980045], [120.9789841, 14.5981838], [120.97897910000002, 14.5981911]]]}}, {"id": "367", "type": "Feature", "properties": {"building_id": "829582372", "area_m2": 823.9293732645357}, "geometry": {"type": "Polygon", "coordinates": [[[120.9787976, 14.5951709], [120.9787569, 14.5951583], [120.97877180000002, 14.5951085], [120.97878110000002, 14.5950794], [120.9790305, 14.5951579], [120.9796131, 14.5953348], [120.9796067, 14.5953551], [120.9795873, 14.595408], [120.9795317, 14.5953917], [120.9794308, 14.5953614], [120.978892, 14.5951993], [120.9787976, 14.5951709]]]}}, {"id": "368", "type": "Feature", "properties": {"building_id": "836257414", "area_m2": 2973.772752710878}, "geometry": {"type": "Polygon", "coordinates": [[[120.98263290000001, 14.5966409], [120.98264339999999, 14.596626], [120.982728, 14.596506], [120.98274170000002, 14.5964865], [120.9828369, 14.5963514], [120.9830253, 14.5964757], [120.983035, 14.596462], [120.9830493, 14.5964416], [120.98286360000002, 14.5963191], [120.9824319, 14.5960343], [120.9824215, 14.5960491], [120.9824085, 14.5960674], [120.9823225, 14.5960107], [120.9821179, 14.5963011], [120.98263290000001, 14.5966409]]]}}, {"id": "369", "type": "Feature", "properties": {"building_id": "836257415", "area_m2": 444.68702081333197}, "geometry": {"type": "Polygon", "coordinates": [[[120.9828369, 14.5963514], [120.98274170000002, 14.5964865], [120.98293010000002, 14.5966108], [120.9830253, 14.5964757], [120.9828369, 14.5963514]]]}}, {"id": "370", "type": "Feature", "properties": {"building_id": "836257419", "area_m2": 278.4562919418356}, "geometry": {"type": "Polygon", "coordinates": [[[120.9820449, 14.5987147], [120.98201720000002, 14.5985828], [120.98211059999998, 14.5985645], [120.98216510000002, 14.5988242], [120.982086, 14.5988397], [120.9820592, 14.5987119], [120.9820449, 14.5987147]]]}}, {"id": "371", "type": "Feature", "properties": {"building_id": "836257420", "area_m2": 84.70164307042872}, "geometry": {"type": "Polygon", "coordinates": [[[120.9820446, 14.5987221], [120.9820604, 14.5987192], [120.982086, 14.5988487], [120.9820331, 14.5988585], [120.9820075, 14.598729], [120.9820446, 14.5987221]]]}}, {"id": "372", "type": "Feature", "properties": {"building_id": "836257421", "area_m2": 140.1252884631961}, "geometry": {"type": "Polygon", "coordinates": [[[120.98203010000002, 14.5988595], [120.982007, 14.5987298], [120.9819195, 14.5987443], [120.9819405, 14.598873], [120.98203010000002, 14.5988595]]]}}, {"id": "373", "type": "Feature", "properties": {"building_id": "836257422", "area_m2": 247.9982533397137}, "geometry": {"type": "Polygon", "coordinates": [[[120.9819174, 14.5987469], [120.9817623, 14.5987682], [120.9817812, 14.5989], [120.9819384, 14.5988756], [120.9819174, 14.5987469]]]}}, {"id": "374", "type": "Feature", "properties": {"building_id": "836257438", "area_m2": 35.89816289554437}, "geometry": {"type": "Polygon", "coordinates": [[[120.9837905, 14.5984008], [120.9838499, 14.5983856], [120.9838636, 14.5984329], [120.98380150000001, 14.5984467], [120.9837905, 14.5984008]]]}}, {"id": "375", "type": "Feature", "properties": {"building_id": "1063221991", "area_m2": 2082.8388222350627}, "geometry": {"type": "Polygon", "coordinates": [[[120.98604719999999, 14.5949384], [120.98580020000001, 14.5944668], [120.9854466, 14.594636], [120.98552170000002, 14.5949428], [120.98572220000001, 14.5949015], [120.98604719999999, 14.5949384]]]}}, {"id": "376", "type": "Feature", "properties": {"building_id": "1081128729", "area_m2": 218.57825236564597}, "geometry": {"type": "Polygon", "coordinates": [[[120.9800289, 14.5932202], [120.98012730000002, 14.5928819], [120.9800928, 14.5928725], [120.980077, 14.5928682], [120.9799788, 14.5932066], [120.9800289, 14.5932202]]]}}, {"id": "377", "type": "Feature", "properties": {"building_id": "1081128731", "area_m2": 177.27870033695703}, "geometry": {"type": "Polygon", "coordinates": [[[120.9790378, 14.59305], [120.9790765, 14.5930804], [120.9792708, 14.5928492], [120.979232, 14.5928188], [120.9790378, 14.59305]]]}}, {"id": "378", "type": "Feature", "properties": {"building_id": "1081128732", "area_m2": 130.4886556096253}, "geometry": {"type": "Polygon", "coordinates": [[[120.9801198, 14.5934571], [120.98017809999999, 14.593262], [120.9801263, 14.5932475], [120.9800681, 14.5934426], [120.9801198, 14.5934571]]]}}, {"id": "379", "type": "Feature", "properties": {"building_id": "1086832151", "area_m2": 39.79482322505827}, "geometry": {"type": "Polygon", "coordinates": [[[120.98457709999998, 14.5958213], [120.98462110000001, 14.5958189], [120.9846168, 14.5957433], [120.9845728, 14.5957457], [120.98457709999998, 14.5958213]]]}}, {"id": "380", "type": "Feature", "properties": {"building_id": "1204584020", "area_m2": 35.68938395250359}, "geometry": {"type": "Polygon", "coordinates": [[[120.9826586, 14.5980384], [120.9827019, 14.5980075], [120.9827425, 14.5979867], [120.9827653, 14.5980192], [120.9827137, 14.5980376], [120.9826701, 14.5980519], [120.9826586, 14.5980384]]]}}, {"id": "381", "type": "Feature", "properties": {"building_id": "1204584021", "area_m2": 34.785077467294876}, "geometry": {"type": "Polygon", "coordinates": [[[120.982547, 14.5980542], [120.9825696, 14.5980297], [120.98261390000002, 14.5980702], [120.98253539999999, 14.5980958], [120.9825187, 14.5980812], [120.982547, 14.5980542]]]}}, {"id": "382", "type": "Feature", "properties": {"building_id": "1204584022", "area_m2": 90.61656928134822}, "geometry": {"type": "Polygon", "coordinates": [[[120.9825696, 14.5980297], [120.9826471, 14.5979498], [120.9827019, 14.5980075], [120.9826586, 14.5980384], [120.98261390000002, 14.5980702], [120.9825696, 14.5980297]]]}}, {"id": "383", "type": "Feature", "properties": {"building_id": "1204584023", "area_m2": 72.28688597311448}, "geometry": {"type": "Polygon", "coordinates": [[[120.9831476, 14.5977314], [120.98329320000002, 14.5976756], [120.98331240000002, 14.5977098], [120.9831647, 14.597766], [120.9831476, 14.5977314]]]}}, {"id": "384", "type": "Feature", "properties": {"building_id": "1204584024", "area_m2": 94.0933254126592}, "geometry": {"type": "Polygon", "coordinates": [[[120.9829356, 14.597733], [120.9829484, 14.5977544], [120.98296649999999, 14.5977835], [120.982997, 14.5977645], [120.9830711, 14.5977148], [120.9831024, 14.5976993], [120.98308320000001, 14.5976629], [120.98296209999998, 14.5977204], [120.9829356, 14.597733]]]}}, {"id": "385", "type": "Feature", "properties": {"building_id": "1204584025", "area_m2": 26.406856875553807}, "geometry": {"type": "Polygon", "coordinates": [[[120.9828929, 14.5977866], [120.9829484, 14.5977544], [120.98296649999999, 14.5977835], [120.9829144, 14.597816], [120.9828929, 14.5977866]]]}}, {"id": "386", "type": "Feature", "properties": {"building_id": "1204584026", "area_m2": 81.9405290373599}, "geometry": {"type": "Polygon", "coordinates": [[[120.9828277, 14.5975493], [120.98288859999998, 14.5976542], [120.9829235, 14.5977122], [120.9829356, 14.597733], [120.98296209999998, 14.5977204], [120.9829166, 14.5976394], [120.98285919999998, 14.5975328], [120.9828277, 14.5975493]]]}}, {"id": "387", "type": "Feature", "properties": {"building_id": "1204584027", "area_m2": 29.785898592640578}, "geometry": {"type": "Polygon", "coordinates": [[[120.982806, 14.5975089], [120.9828585, 14.5974859], [120.9828776, 14.5975231], [120.98285919999998, 14.5975328], [120.9828277, 14.5975493], [120.98282010000001, 14.5975359], [120.982806, 14.5975089]]]}}, {"id": "388", "type": "Feature", "properties": {"building_id": "1204584028", "area_m2": 48.76226441403486}, "geometry": {"type": "Polygon", "coordinates": [[[120.982806, 14.5975089], [120.9827743, 14.5974484], [120.98282490000001, 14.5974202], [120.9828585, 14.5974859], [120.982806, 14.5975089]]]}}, {"id": "389", "type": "Feature", "properties": {"building_id": "1204584029", "area_m2": 61.60421462482503}, "geometry": {"type": "Polygon", "coordinates": [[[120.9828298, 14.5972849], [120.9828737, 14.5972341], [120.9829142, 14.5972719], [120.98292410000002, 14.5972945], [120.9828598, 14.5973365], [120.9828298, 14.5972849]]]}}, {"id": "390", "type": "Feature", "properties": {"building_id": "1204584030", "area_m2": 120.73745387281589}, "geometry": {"type": "Polygon", "coordinates": [[[120.9828298, 14.5972849], [120.9828598, 14.5973365], [120.98292410000002, 14.5972945], [120.9829413, 14.5973336], [120.9829085, 14.597358], [120.98283530000002, 14.5974124], [120.98281290000001, 14.597383], [120.982771, 14.5973553], [120.9827945, 14.5973258], [120.9828298, 14.5972849]]]}}, {"id": "391", "type": "Feature", "properties": {"building_id": "1204584031", "area_m2": 129.9835039926034}, "geometry": {"type": "Polygon", "coordinates": [[[120.9830144, 14.5971717], [120.983057, 14.5972538], [120.9829413, 14.5973336], [120.98292410000002, 14.5972945], [120.9829142, 14.5972719], [120.9830144, 14.5971717]]]}}, {"id": "392", "type": "Feature", "properties": {"building_id": "1204584032", "area_m2": 219.8998035080797}, "geometry": {"type": "Polygon", "coordinates": [[[120.982997, 14.5977645], [120.9830588, 14.5978668], [120.9831239, 14.5978344], [120.98316720000001, 14.5978129], [120.98318370000001, 14.5978047], [120.9831647, 14.597766], [120.9831476, 14.5977314], [120.9831261, 14.5976876], [120.9831024, 14.5976993], [120.9830711, 14.5977148], [120.982997, 14.5977645]]]}}, {"id": "393", "type": "Feature", "properties": {"building_id": "1204584033", "area_m2": 102.7222587335413}, "geometry": {"type": "Polygon", "coordinates": [[[120.9829235, 14.5977122], [120.98281859999999, 14.5977711], [120.98288160000001, 14.5978574], [120.9829236, 14.5978287], [120.9829144, 14.597816], [120.9828929, 14.5977866], [120.9829484, 14.5977544], [120.9829356, 14.597733], [120.9829235, 14.5977122]]]}}, {"id": "394", "type": "Feature", "properties": {"building_id": "1204584034", "area_m2": 139.24754572852646}, "geometry": {"type": "Polygon", "coordinates": [[[120.9827308, 14.5978989], [120.9827581, 14.5979426], [120.98288160000001, 14.5978574], [120.98281859999999, 14.5977711], [120.9827308, 14.5978989]]]}}, {"id": "395", "type": "Feature", "properties": {"building_id": "1204584035", "area_m2": 62.77976173038254}, "geometry": {"type": "Polygon", "coordinates": [[[120.98273339999999, 14.597722], [120.98276, 14.5976827], [120.9827057, 14.5976008], [120.9826562, 14.5976086], [120.98273339999999, 14.597722]]]}}, {"id": "396", "type": "Feature", "properties": {"building_id": "1204584036", "area_m2": 129.44749191830192}, "geometry": {"type": "Polygon", "coordinates": [[[120.982606, 14.5979065], [120.9826471, 14.5979498], [120.9827019, 14.5980075], [120.9827425, 14.5979867], [120.98272640000002, 14.597964], [120.9827581, 14.5979426], [120.9827308, 14.5978989], [120.98272050000001, 14.5979127], [120.98263650000001, 14.5978611], [120.982606, 14.5979065]]]}}, {"id": "397", "type": "Feature", "properties": {"building_id": "1204584037", "area_m2": 46.550052270716996}, "geometry": {"type": "Polygon", "coordinates": [[[120.98257940000002, 14.5978127], [120.98259020000002, 14.5978219], [120.98263650000001, 14.5978611], [120.982606, 14.5979065], [120.9825946, 14.5978945], [120.9825505, 14.5978539], [120.98257940000002, 14.5978127]]]}}, {"id": "398", "type": "Feature", "properties": {"building_id": "1204584038", "area_m2": 183.57956251256354}, "geometry": {"type": "Polygon", "coordinates": [[[120.98260910000002, 14.5976771], [120.9826562, 14.5976086], [120.98273339999999, 14.597722], [120.98263650000001, 14.5978611], [120.98259020000002, 14.5978219], [120.98266589999999, 14.5977144], [120.98260910000002, 14.5976771]]]}}, {"id": "399", "type": "Feature", "properties": {"building_id": "1204584039", "area_m2": 26.917406889017357}, "geometry": {"type": "Polygon", "coordinates": [[[120.9824454, 14.5980435], [120.98248850000002, 14.5980169], [120.982448, 14.5979819], [120.9824152, 14.5980174], [120.9824454, 14.5980435]]]}}, {"id": "400", "type": "Feature", "properties": {"building_id": "1204584040", "area_m2": 66.51358642636765}, "geometry": {"type": "Polygon", "coordinates": [[[120.9824454, 14.5980435], [120.9824867, 14.5981117], [120.9825187, 14.5980812], [120.982547, 14.5980542], [120.98250290000001, 14.5980004], [120.98248850000002, 14.5980169], [120.9824454, 14.5980435]]]}}, {"id": "401", "type": "Feature", "properties": {"building_id": "1204584041", "area_m2": 131.097192003198}, "geometry": {"type": "Polygon", "coordinates": [[[120.9823198, 14.5978178], [120.98251820000002, 14.5979828], [120.98250290000001, 14.5980004], [120.98248850000002, 14.5980169], [120.982448, 14.5979819], [120.9824329, 14.597969], [120.9822962, 14.5978511], [120.9823198, 14.5978178]]]}}, {"id": "402", "type": "Feature", "properties": {"building_id": "1204584042", "area_m2": 144.33114078198489}, "geometry": {"type": "Polygon", "coordinates": [[[120.9824005, 14.5977309], [120.9823883, 14.597721], [120.9823623, 14.5977578], [120.9825681, 14.5979252], [120.9825946, 14.5978945], [120.9825505, 14.5978539], [120.98251079999999, 14.5978173], [120.9824005, 14.5977309]]]}}, {"id": "403", "type": "Feature", "properties": {"building_id": "1204584043", "area_m2": 73.45617585762125}, "geometry": {"type": "Polygon", "coordinates": [[[120.9825748, 14.5974767], [120.9826792, 14.5975757], [120.9827057, 14.5976008], [120.9826562, 14.5976086], [120.98263290000001, 14.5975743], [120.98254739999999, 14.5975146], [120.9825748, 14.5974767]]]}}, {"id": "404", "type": "Feature", "properties": {"building_id": "1204584044", "area_m2": 127.35457836655478}, "geometry": {"type": "Polygon", "coordinates": [[[120.98259119999999, 14.5974245], [120.9826723, 14.5974744], [120.9827271, 14.5975347], [120.9826792, 14.5975757], [120.9825748, 14.5974767], [120.9825601, 14.5974627], [120.9825863, 14.5974215], [120.98259119999999, 14.5974245]]]}}, {"id": "405", "type": "Feature", "properties": {"building_id": "1204584045", "area_m2": 41.76527543984534}, "geometry": {"type": "Polygon", "coordinates": [[[120.9827137, 14.5972739], [120.9827945, 14.5973258], [120.982771, 14.5973553], [120.98269289999999, 14.5973037], [120.9827137, 14.5972739]]]}}, {"id": "406", "type": "Feature", "properties": {"building_id": "1204584046", "area_m2": 174.6352133371504}, "geometry": {"type": "Polygon", "coordinates": [[[120.98279049999998, 14.5971571], [120.982886, 14.5972198], [120.9828737, 14.5972341], [120.9828298, 14.5972849], [120.9827945, 14.5973258], [120.9827137, 14.5972739], [120.98279049999998, 14.5971571]]]}}, {"id": "407", "type": "Feature", "properties": {"building_id": "1204584047", "area_m2": 77.13190653671425}, "geometry": {"type": "Polygon", "coordinates": [[[120.982886, 14.5972198], [120.9829226, 14.5971775], [120.982822, 14.597112], [120.98279049999998, 14.5971571], [120.982886, 14.5972198]]]}}, {"id": "408", "type": "Feature", "properties": {"building_id": "1208002508", "area_m2": 27.09946085311049}, "geometry": {"type": "Polygon", "coordinates": [[[120.985619, 14.5957169], [120.9856807, 14.5957195], [120.9856807, 14.5956805], [120.98562839999998, 14.5956767], [120.985619, 14.5957169]]]}}, {"id": "409", "type": "Feature", "properties": {"building_id": "1208002509", "area_m2": 46.76627592563921}, "geometry": {"type": "Polygon", "coordinates": [[[120.9855063, 14.5956754], [120.9855855, 14.5956741], [120.9855853, 14.5956217], [120.98550860000002, 14.5956271], [120.9855063, 14.5956754]]]}}, {"id": "410", "type": "Feature", "properties": {"building_id": "1208002511", "area_m2": 25.952502197432267}, "geometry": {"type": "Polygon", "coordinates": [[[120.9855855, 14.5957558], [120.9855922, 14.5957376], [120.9856807, 14.5957195], [120.985678, 14.5957506], [120.9855855, 14.5957558]]]}}, {"id": "411", "type": "Feature", "properties": {"building_id": "1208002512", "area_m2": 87.83525693618692}, "geometry": {"type": "Polygon", "coordinates": [[[120.9855117, 14.5959258], [120.9855828, 14.595931], [120.9855895, 14.5958402], [120.9855157, 14.5958155], [120.9855117, 14.5959258]]]}}, {"id": "412", "type": "Feature", "properties": {"building_id": "1260617652", "area_m2": 177.23071758631724}, "geometry": {"type": "Polygon", "coordinates": [[[120.97849, 14.5935673], [120.97852559999998, 14.5936011], [120.9785438, 14.5935831], [120.9787191, 14.59341], [120.9787411, 14.5933882], [120.97870550000002, 14.5933544], [120.97850909999998, 14.5935485], [120.97849, 14.5935673]]]}}, {"id": "413", "type": "Feature", "properties": {"building_id": "1446334120", "area_m2": 31.3709502315883}, "geometry": {"type": "Polygon", "coordinates": [[[120.97806160000002, 14.5975995], [120.97802990000001, 14.597572], [120.9780667, 14.5975322], [120.9780904, 14.5975527], [120.9781131, 14.5975281], [120.9781212, 14.597535], [120.97806160000002, 14.5975995]]]}}, {"id": "414", "type": "Feature", "properties": {"building_id": "1446334121", "area_m2": 83.26111737582075}, "geometry": {"type": "Polygon", "coordinates": [[[120.9780918, 14.5975452], [120.977949, 14.5974187], [120.97797410000001, 14.5973921], [120.978117, 14.5975186], [120.9780918, 14.5975452]]]}}, {"id": "415", "type": "Feature", "properties": {"building_id": "1446334122", "area_m2": 88.73893224336838}, "geometry": {"type": "Polygon", "coordinates": [[[120.9780262, 14.5975697], [120.97791470000001, 14.5974724], [120.977949, 14.5974356], [120.97806050000001, 14.5975329], [120.9780262, 14.5975697]]]}}, {"id": "416", "type": "Feature", "properties": {"building_id": "1457029926", "area_m2": 54.78544739525451}, "geometry": {"type": "Polygon", "coordinates": [[[120.9801392, 14.5961551], [120.98008990000001, 14.5961614], [120.9801023, 14.596253], [120.9801516, 14.5962467], [120.98014989999999, 14.5962342], [120.9801392, 14.5961551]]]}}, {"id": "417", "type": "Feature", "properties": {"building_id": "1457029927", "area_m2": 53.28028104926698}, "geometry": {"type": "Polygon", "coordinates": [[[120.9801376, 14.5961437], [120.9801862, 14.5961375], [120.98019840000002, 14.596228], [120.98014989999999, 14.5962342], [120.9801392, 14.5961551], [120.9801376, 14.5961437]]]}}, {"id": "418", "type": "Feature", "properties": {"building_id": "1457029929", "area_m2": 514.7970670030235}, "geometry": {"type": "Polygon", "coordinates": [[[120.97934379999998, 14.5958467], [120.97932510000001, 14.5959048], [120.9786471, 14.5957008], [120.9786657, 14.5956428], [120.97934379999998, 14.5958467]]]}}, {"id": "419", "type": "Feature", "properties": {"building_id": "1457029931", "area_m2": 247.19155349670055}, "geometry": {"type": "Polygon", "coordinates": [[[120.9786326, 14.5957129], [120.97866029999999, 14.5956434], [120.9784005, 14.5955467], [120.97837289999998, 14.5956162], [120.9786326, 14.5957129]]]}}, {"id": "420", "type": "Feature", "properties": {"building_id": "1457029932", "area_m2": 47.29110693917869}, "geometry": {"type": "Polygon", "coordinates": [[[120.9784566, 14.5957782], [120.97839320000001, 14.5957517], [120.97841660000002, 14.595699], [120.9784801, 14.5957255], [120.9784566, 14.5957782]]]}}, {"id": "421", "type": "Feature", "properties": {"building_id": "1457029933", "area_m2": 151.1487884794351}, "geometry": {"type": "Polygon", "coordinates": [[[120.978488, 14.5957301], [120.9784505, 14.5958167], [120.978458, 14.5958197], [120.9784728, 14.5958566], [120.9785229, 14.595877], [120.9785605, 14.5958613], [120.97857989999999, 14.5958164], [120.9785651, 14.5957795], [120.97857179999998, 14.5957641], [120.978488, 14.5957301]]]}}, {"id": "422", "type": "Feature", "properties": {"building_id": "1457029934", "area_m2": 39.21595875984862}, "geometry": {"type": "Polygon", "coordinates": [[[120.97961850000002, 14.5961288], [120.9796736, 14.5961466], [120.97965510000002, 14.5962003], [120.9796, 14.5961825], [120.97961850000002, 14.5961288]]]}}, {"id": "423", "type": "Feature", "properties": {"building_id": "1460936460", "area_m2": 31.878053915690035}, "geometry": {"type": "Polygon", "coordinates": [[[120.97936730000002, 14.5980481], [120.9794262, 14.5981013], [120.9794496, 14.5980771], [120.9793906, 14.5980238], [120.97936730000002, 14.5980481]]]}}, {"id": "424", "type": "Feature", "properties": {"building_id": "1460936467", "area_m2": 110.21437851526068}, "geometry": {"type": "Polygon", "coordinates": [[[120.9794009, 14.5979082], [120.9793547, 14.5979647], [120.97945509999998, 14.5980418], [120.9795014, 14.5979853], [120.9794009, 14.5979082]]]}}, {"id": "425", "type": "Feature", "properties": {"building_id": "1462035210", "area_m2": 128.3962460602141}, "geometry": {"type": "Polygon", "coordinates": [[[120.97994520000002, 14.5978938], [120.9800438, 14.597845], [120.98008959999999, 14.5979315], [120.9799909, 14.5979803], [120.97994520000002, 14.5978938]]]}}, {"id": "426", "type": "Feature", "properties": {"building_id": "1462035215", "area_m2": 71.15198318677072}, "geometry": {"type": "Polygon", "coordinates": [[[120.97992729999999, 14.5978742], [120.9799049, 14.5978317], [120.9799185, 14.5978253], [120.9800178, 14.5977787], [120.9800393, 14.5978217], [120.97992729999999, 14.5978742]]]}}, {"id": "427", "type": "Feature", "properties": {"building_id": "1462035216", "area_m2": 107.15981277817079}, "geometry": {"type": "Polygon", "coordinates": [[[120.9798452, 14.5979322], [120.97993470000002, 14.5978883], [120.97992729999999, 14.5978742], [120.9799049, 14.5978317], [120.9798949, 14.5978126], [120.97979589999998, 14.5978607], [120.9798452, 14.5979322]]]}}, {"id": "428", "type": "Feature", "properties": {"building_id": "1466774423", "area_m2": 548.873800550182}, "geometry": {"type": "Polygon", "coordinates": [[[120.985888, 14.5949567], [120.985852, 14.5949547], [120.9858418, 14.5951338], [120.9860947, 14.5951472], [120.98610450000001, 14.5949731], [120.9860293, 14.5949691], [120.98603220000001, 14.5949618], [120.98588510000002, 14.5949454], [120.985888, 14.5949567]]]}}, {"id": "429", "type": "Feature", "properties": {"building_id": "1466774424", "area_m2": 94.46033431132994}, "geometry": {"type": "Polygon", "coordinates": [[[120.98554220000001, 14.5950551], [120.98561519999998, 14.5950377], [120.98558920000002, 14.5949354], [120.9855162, 14.5949528], [120.98554220000001, 14.5950551]]]}}, {"id": "430", "type": "Feature", "properties": {"building_id": "1511116662", "area_m2": 207.70611966672823}, "geometry": {"type": "Polygon", "coordinates": [[[120.9792718, 14.5961989], [120.9792807, 14.5961743], [120.9799196, 14.5963751], [120.9799106, 14.5963994], [120.9792718, 14.5961989]]]}}, {"id": "431", "type": "Feature", "properties": {"building_id": "1511116669", "area_m2": 253.00614273816814}, "geometry": {"type": "Polygon", "coordinates": [[[120.9807891, 14.5961336], [120.9807701, 14.596106], [120.9812707, 14.595779], [120.98129380000002, 14.5958085], [120.9807891, 14.5961336]]]}}, {"id": "432", "type": "Feature", "properties": {"building_id": "1511116671", "area_m2": 77.49319455506301}, "geometry": {"type": "Polygon", "coordinates": [[[120.98136490000002, 14.595765], [120.98129980000002, 14.5956944], [120.9813528, 14.5956511], [120.98141690000001, 14.5957227], [120.98136490000002, 14.595765]]]}}, {"id": "433", "type": "Feature", "properties": {"building_id": "1524377724", "area_m2": 22.305730295935874}, "geometry": {"type": "Polygon", "coordinates": [[[120.9801354, 14.5935799], [120.9801969, 14.5935982], [120.98020570000001, 14.5935704], [120.9801443, 14.5935521], [120.9801354, 14.5935799]]]}}, {"id": "434", "type": "Feature", "properties": {"building_id": "1524377733", "area_m2": 149.09015151466315}, "geometry": {"type": "Polygon", "coordinates": [[[120.98278310000002, 14.5937286], [120.9828207, 14.5936488], [120.982691, 14.5935916], [120.9826534, 14.5936714], [120.98278310000002, 14.5937286]]]}}, {"id": "435", "type": "Feature", "properties": {"building_id": "1524377734", "area_m2": 79.31440922307125}, "geometry": {"type": "Polygon", "coordinates": [[[120.982226, 14.5935404], [120.9821167, 14.5934851], [120.98212259999998, 14.5934479], [120.9822115, 14.593461], [120.9822379, 14.5934649], [120.982226, 14.5935404]]]}}, {"id": "436", "type": "Feature", "properties": {"building_id": "1524377735", "area_m2": 59.55454971443655}, "geometry": {"type": "Polygon", "coordinates": [[[120.98221160000001, 14.5935672], [120.9820648, 14.5934928], [120.9820792, 14.5934662], [120.9821167, 14.5934851], [120.982226, 14.5935404], [120.98221160000001, 14.5935672]]]}}, {"id": "437", "type": "Feature", "properties": {"building_id": "1524377736", "area_m2": 79.46404027431919}, "geometry": {"type": "Polygon", "coordinates": [[[120.98235569999999, 14.593585], [120.98233230000001, 14.5936284], [120.98221160000001, 14.5935672], [120.982226, 14.5935404], [120.9822349, 14.5935239], [120.98235569999999, 14.593585]]]}}, {"id": "438", "type": "Feature", "properties": {"building_id": "1524377737", "area_m2": 37.30625238492925}, "geometry": {"type": "Polygon", "coordinates": [[[120.9824123, 14.5936137], [120.98238890000002, 14.5936571], [120.98233230000001, 14.5936284], [120.98235569999999, 14.593585], [120.9824123, 14.5936137]]]}}, {"id": "439", "type": "Feature", "properties": {"building_id": "1524377738", "area_m2": 42.05512757928521}, "geometry": {"type": "Polygon", "coordinates": [[[120.98245259999999, 14.5936894], [120.9824761, 14.5936459], [120.9824123, 14.5936137], [120.98238890000002, 14.5936571], [120.98245259999999, 14.5936894]]]}}, {"id": "440", "type": "Feature", "properties": {"building_id": "1524377739", "area_m2": 59.85495711337904}, "geometry": {"type": "Polygon", "coordinates": [[[120.9825306, 14.5937289], [120.98255789999999, 14.5936783], [120.9824798, 14.5936389], [120.9824761, 14.5936459], [120.98245259999999, 14.5936894], [120.9825306, 14.5937289]]]}}, {"id": "441", "type": "Feature", "properties": {"building_id": "1524377740", "area_m2": 77.76461614420995}, "geometry": {"type": "Polygon", "coordinates": [[[120.9825944, 14.5937612], [120.9825306, 14.5937289], [120.98255789999999, 14.5936783], [120.9825626, 14.5936696], [120.982649, 14.5937133], [120.9826171, 14.5937724], [120.9825944, 14.5937612]]]}}, {"id": "442", "type": "Feature", "properties": {"building_id": "1524502718", "area_m2": 76.19224635917811}, "geometry": {"type": "Polygon", "coordinates": [[[120.9816417, 14.5935319], [120.9816244, 14.5935616], [120.981617, 14.5935575], [120.9815868, 14.5936088], [120.9815805, 14.5936201], [120.9816353, 14.5936501], [120.9816891, 14.5935578], [120.9816417, 14.5935319]]]}}, {"id": "443", "type": "Feature", "properties": {"building_id": "1524502724", "area_m2": 77.06680933968896}, "geometry": {"type": "Polygon", "coordinates": [[[120.9826097, 14.5938071], [120.98257220000002, 14.5938765], [120.9826342, 14.5939079], [120.98264480000002, 14.5938883], [120.9826585, 14.5938953], [120.9826793, 14.5938568], [120.9826655, 14.5938498], [120.9826763, 14.59383], [120.9826478, 14.5938156], [120.9826432, 14.593824], [120.9826097, 14.5938071]]]}}, {"id": "444", "type": "Feature", "properties": {"building_id": "1524502725", "area_m2": 78.88401936383988}, "geometry": {"type": "Polygon", "coordinates": [[[120.9815537, 14.5950022], [120.9816355, 14.5950419], [120.981602, 14.5951065], [120.9815202, 14.5950668], [120.9815537, 14.5950022]]]}}, {"id": "445", "type": "Feature", "properties": {"building_id": "1524502767", "area_m2": 76.5590709362846}, "geometry": {"type": "Polygon", "coordinates": [[[120.98157680000001, 14.5936346], [120.9815308, 14.5937133], [120.9815926, 14.5937471], [120.98163860000001, 14.5936683], [120.98157680000001, 14.5936346]]]}}, {"id": "446", "type": "Feature", "properties": {"building_id": "1524502768", "area_m2": 43.70063076506881}, "geometry": {"type": "Polygon", "coordinates": [[[120.98115910000001, 14.5945146], [120.98113960000002, 14.5945783], [120.9811925, 14.5945934], [120.981212, 14.5945297], [120.98115910000001, 14.5945146]]]}}, {"id": "447", "type": "Feature", "properties": {"building_id": "1524790419", "area_m2": 822.9796793968869}, "geometry": {"type": "Polygon", "coordinates": [[[120.9848955, 14.5940758], [120.9847004, 14.593922], [120.9848795, 14.5937094], [120.98507450000001, 14.5938633], [120.9848955, 14.5940758]]]}}, {"id": "448", "type": "Feature", "properties": {"building_id": "dce276b8-e730-435c-b73a-dd92c1ce7b46", "area_m2": 22.97078847696373}, "geometry": {"type": "Polygon", "coordinates": [[[120.9783843, 14.5954127], [120.9784354, 14.5954229], [120.97842770000001, 14.5954591], [120.97837670000001, 14.5954489], [120.9783843, 14.5954127]]]}}, {"id": "449", "type": "Feature", "properties": {"building_id": "65656a81-662b-4cc2-b90d-d6e99e81ccb9", "area_m2": 650.2834112540063}, "geometry": {"type": "Polygon", "coordinates": [[[120.9776192, 14.5935791], [120.9776049, 14.5936021], [120.9775717, 14.5935858], [120.9775838, 14.5935575], [120.9775955, 14.5935301], [120.9778498, 14.5929593], [120.97808750000002, 14.5924074], [120.97810060000002, 14.5923367], [120.97813480000002, 14.5923525], [120.9781222, 14.5924227], [120.977886, 14.5929774], [120.97765630000002, 14.5934965], [120.97763180000001, 14.5935587], [120.9776192, 14.5935791]]]}}, {"id": "450", "type": "Feature", "properties": {"building_id": "c81c5e7f-5951-4920-ac84-928bab06ca8d", "area_m2": 386.9996247532541}, "geometry": {"type": "Polygon", "coordinates": [[[120.97786360000002, 14.5990933], [120.9779772, 14.5989543], [120.97806380000002, 14.5990085], [120.9781295, 14.5990662], [120.97800439999999, 14.5991902], [120.97786360000002, 14.5990933]]]}}, {"id": "451", "type": "Feature", "properties": {"building_id": "1b83d9aa-bbb7-474f-bbb8-f4f5355c2290", "area_m2": 74.68355804147349}, "geometry": {"type": "Polygon", "coordinates": [[[120.9851577, 14.5983251], [120.98520769999999, 14.5983425], [120.9852005, 14.5983621], [120.9852598, 14.5983828], [120.9852444, 14.5984246], [120.9851352, 14.5983866], [120.9851577, 14.5983251]]]}}, {"id": "452", "type": "Feature", "properties": {"building_id": "c6ec5b88-f2d8-421d-9bdc-e7b40895c8ec", "area_m2": 96.60067622303733}, "geometry": {"type": "Polygon", "coordinates": [[[120.984999, 14.5988802], [120.985074, 14.5988919], [120.98505169999999, 14.5990276], [120.98501630000001, 14.5990221], [120.98502580000002, 14.5989646], [120.9849862, 14.5989584], [120.984999, 14.5988802]]]}}, {"id": "453", "type": "Feature", "properties": {"building_id": "f91b66af-77dd-4163-9022-f5759409837f", "area_m2": 26.622060229200347}, "geometry": {"type": "Polygon", "coordinates": [[[120.9855127, 14.5986423], [120.9855622, 14.5986541], [120.98555150000001, 14.5986967], [120.9855021, 14.5986849], [120.9855127, 14.5986423]]]}}, {"id": "454", "type": "Feature", "properties": {"building_id": "1718516a-cc50-4ed1-9da5-06a66fef0908", "area_m2": 32.259715953878604}, "geometry": {"type": "Polygon", "coordinates": [[[120.9855493, 14.5983571], [120.9855957, 14.5983736], [120.98557630000002, 14.5984251], [120.98553, 14.5984085], [120.9855493, 14.5983571]]]}}, {"id": "455", "type": "Feature", "properties": {"building_id": "5e919d41-b023-456d-9f13-9f8d8b5b7633", "area_m2": 52.41764975703759}, "geometry": {"type": "Polygon", "coordinates": [[[120.9854975, 14.5983208], [120.9855552, 14.5983414], [120.98553, 14.5984085], [120.9854722, 14.5983879], [120.9854975, 14.5983208]]]}}, {"id": "456", "type": "Feature", "properties": {"building_id": "5c1be86a-1ab8-4a1c-bbd0-617580ea4d84", "area_m2": 41.04133792194639}, "geometry": {"type": "Polygon", "coordinates": [[[120.9855307, 14.597944], [120.9854991, 14.5980233], [120.98546140000002, 14.598009], [120.9854929, 14.5979298], [120.9855307, 14.597944]]]}}, {"id": "457", "type": "Feature", "properties": {"building_id": "6a38a385-d590-4a66-adcb-d0e75cd1c024", "area_m2": 61.00758290965093}, "geometry": {"type": "Polygon", "coordinates": [[[120.98556790000002, 14.5969273], [120.9855116, 14.5969287], [120.98550920000001, 14.5968379], [120.98556550000002, 14.5968365], [120.98556790000002, 14.5969273]]]}}, {"id": "458", "type": "Feature", "properties": {"building_id": "aeedbcca-dbff-4be5-a6ea-5d825ee8a8af", "area_m2": 42.36556338831424}, "geometry": {"type": "Polygon", "coordinates": [[[120.9854585, 14.5954193], [120.9855284, 14.5954166], [120.9855306, 14.5954673], [120.98546060000001, 14.59547], [120.9854585, 14.5954193]]]}}, {"id": "459", "type": "Feature", "properties": {"building_id": "0872bb45-bb63-4411-8381-759841c62eb4", "area_m2": 20.963342555573035}, "geometry": {"type": "Polygon", "coordinates": [[[120.98545540000002, 14.5953707], [120.98551040000001, 14.5953739], [120.9855085, 14.5954057], [120.9854535, 14.5954026], [120.98545540000002, 14.5953707]]]}}, {"id": "460", "type": "Feature", "properties": {"building_id": "a10b41e9-bdcb-4944-aee7-da9fb7d77655", "area_m2": 22.208695167719917}, "geometry": {"type": "Polygon", "coordinates": [[[120.9854585, 14.5953192], [120.98549450000002, 14.5953212], [120.9854914, 14.5953728], [120.98545540000002, 14.5953707], [120.9854585, 14.5953192]]]}}, {"id": "461", "type": "Feature", "properties": {"building_id": "6f73bacd-b92f-46ce-8c8e-767072fc139b", "area_m2": 30.53560413831894}, "geometry": {"type": "Polygon", "coordinates": [[[120.9855011, 14.5953265], [120.9855489, 14.5953225], [120.98555360000002, 14.595376], [120.9855058, 14.5953794], [120.9855011, 14.5953265]]]}}, {"id": "462", "type": "Feature", "properties": {"building_id": "a53f936a-c39a-40ea-ba37-8a1a0c7c7bbf", "area_m2": 50.57958215229533}, "geometry": {"type": "Polygon", "coordinates": [[[120.9855911, 14.5954141], [120.985595, 14.5954887], [120.98553860000001, 14.5954916], [120.9855346, 14.5954163], [120.9855911, 14.5954141]]]}}, {"id": "463", "type": "Feature", "properties": {"building_id": "632e4b9b-fb04-444a-b2d9-2ae3d318718d", "area_m2": 31.30820029613863}, "geometry": {"type": "Polygon", "coordinates": [[[120.98561930000001, 14.5944469], [120.9855711, 14.5944453], [120.985573, 14.5943909], [120.98562119999998, 14.5943925], [120.98561930000001, 14.5944469]]]}}, {"id": "464", "type": "Feature", "properties": {"building_id": "e560cd34-632b-4649-95ab-1a3c9cc7c746", "area_m2": 155.19623190345786}, "geometry": {"type": "Polygon", "coordinates": [[[120.98558339999998, 14.5941075], [120.9854764, 14.5941908], [120.9854155, 14.5941166], [120.9855224, 14.5940333], [120.98558339999998, 14.5941075]]]}}, {"id": "465", "type": "Feature", "properties": {"building_id": "31b4c526-ddf6-4b99-b86d-35c552bb93dc", "area_m2": 59.16794563043726}, "geometry": {"type": "Polygon", "coordinates": [[[120.9856245, 14.5937305], [120.9855649, 14.5937921], [120.985522, 14.5937532], [120.9855816, 14.5936916], [120.9856245, 14.5937305]]]}}, {"id": "466", "type": "Feature", "properties": {"building_id": "f21fde4d-e5f7-4434-aca3-60ac97cd49c2", "area_m2": 46.56720697054066}, "geometry": {"type": "Polygon", "coordinates": [[[120.9854549, 14.5942937], [120.98552330000001, 14.5942746], [120.985539, 14.5943273], [120.9854706, 14.5943464], [120.9854549, 14.5942937]]]}}, {"id": "467", "type": "Feature", "properties": {"building_id": "639403eb-a5f6-4b35-b25d-db8b4b82d405", "area_m2": 209.9830885053004}, "geometry": {"type": "Polygon", "coordinates": [[[120.985436, 14.594184], [120.98549, 14.5942473], [120.98532539999998, 14.5943804], [120.9852714, 14.5943171], [120.985436, 14.594184]]]}}, {"id": "468", "type": "Feature", "properties": {"building_id": "2ebea569-9640-4168-a781-d4646cf9b65e", "area_m2": 25.084925976199614}, "geometry": {"type": "Polygon", "coordinates": [[[120.9854334, 14.5941447], [120.98537510000001, 14.5942003], [120.9853566, 14.5941818], [120.9854149, 14.5941263], [120.9854334, 14.5941447]]]}}, {"id": "469", "type": "Feature", "properties": {"building_id": "c18e43bc-6c7b-42f2-8307-896861a664f5", "area_m2": 205.37240780318217}, "geometry": {"type": "Polygon", "coordinates": [[[120.98538830000001, 14.5939183], [120.9854947, 14.5940145], [120.98541179999998, 14.5941014], [120.9853054, 14.5940051], [120.98538830000001, 14.5939183]]]}}, {"id": "470", "type": "Feature", "properties": {"building_id": "7422399e-fef0-4f2d-90c5-30585e5de919", "area_m2": 161.7355354099783}, "geometry": {"type": "Polygon", "coordinates": [[[120.9853054, 14.5940051], [120.9853841, 14.5940764], [120.985296, 14.5941688], [120.9852172, 14.5940976], [120.9853054, 14.5940051]]]}}, {"id": "471", "type": "Feature", "properties": {"building_id": "e7a8c5d7-6bce-4e45-877d-6cc7de77512d", "area_m2": 41.50293326499239}, "geometry": {"type": "Polygon", "coordinates": [[[120.9852109, 14.5951409], [120.9852499, 14.5951294], [120.98527540000002, 14.5952112], [120.98523650000001, 14.5952227], [120.9852109, 14.5951409]]]}}, {"id": "472", "type": "Feature", "properties": {"building_id": "c954dc85-6ecf-4b7b-9c18-2c2765eb151f", "area_m2": 33.18115164027306}, "geometry": {"type": "Polygon", "coordinates": [[[120.9851973, 14.5954872], [120.9852394, 14.5954831], [120.985246, 14.5955486], [120.9852039, 14.5955526], [120.9851973, 14.5954872]]]}}, {"id": "473", "type": "Feature", "properties": {"building_id": "e794fa70-6ce3-4740-8ca9-5324533703d1", "area_m2": 26.681118678119365}, "geometry": {"type": "Polygon", "coordinates": [[[120.98501860000002, 14.5960502], [120.9850563, 14.5960469], [120.9850609, 14.5960959], [120.98503609999999, 14.5960981], [120.98503870000002, 14.5961264], [120.9850257, 14.5961276], [120.98501860000002, 14.5960502]]]}}, {"id": "474", "type": "Feature", "properties": {"building_id": "0177543a-54ef-467a-ac82-8dd0e7ff7da6", "area_m2": 54.11639930322016}, "geometry": {"type": "Polygon", "coordinates": [[[120.9848574, 14.5960661], [120.9848976, 14.5960639], [120.9849007, 14.5961166], [120.9849235, 14.5961153], [120.9849258, 14.5961535], [120.9848628, 14.596157], [120.9848574, 14.5960661]]]}}, {"id": "475", "type": "Feature", "properties": {"building_id": "0d4fad02-1c34-462c-b6cb-d93417394f53", "area_m2": 31.017939155673012}, "geometry": {"type": "Polygon", "coordinates": [[[120.9848808, 14.5952388], [120.9849168, 14.5952282], [120.9849374, 14.5952943], [120.98490140000001, 14.595305], [120.9848808, 14.5952388]]]}}, {"id": "476", "type": "Feature", "properties": {"building_id": "1da1b400-31c3-4efb-80e4-f38ce861266c", "area_m2": 52.02638857839013}, "geometry": {"type": "Polygon", "coordinates": [[[120.9849929, 14.5952056], [120.9849991, 14.5952254], [120.9849766, 14.5952321], [120.98499109999999, 14.5952784], [120.9849374, 14.5952943], [120.9849168, 14.5952282], [120.9849929, 14.5952056]]]}}, {"id": "477", "type": "Feature", "properties": {"building_id": "6848db75-86c6-4ce6-bbc5-f27fea91fe8c", "area_m2": 36.078509356715806}, "geometry": {"type": "Polygon", "coordinates": [[[120.985121, 14.5945514], [120.9851652, 14.594584], [120.9851314, 14.5946275], [120.9850872, 14.594595], [120.985121, 14.5945514]]]}}, {"id": "478", "type": "Feature", "properties": {"building_id": "9271558d-6df2-4c7b-9e73-8045d0a88659", "area_m2": 22.065890145940752}, "geometry": {"type": "Polygon", "coordinates": [[[120.9851875, 14.5946704], [120.98519159999998, 14.5946978], [120.98512540000002, 14.5947071], [120.9851214, 14.5946797], [120.9851875, 14.5946704]]]}}, {"id": "479", "type": "Feature", "properties": {"building_id": "0545ba20-1749-41dd-92f4-90cfdf39303a", "area_m2": 64.08456319383845}, "geometry": {"type": "Polygon", "coordinates": [[[120.985219, 14.5931338], [120.9852456, 14.5931726], [120.9851504, 14.5932344], [120.9851235, 14.593195], [120.985219, 14.5931338]]]}}, {"id": "480", "type": "Feature", "properties": {"building_id": "8ac86372-9c98-4911-9094-33bf509b9d93", "area_m2": 104.47329111142061}, "geometry": {"type": "Polygon", "coordinates": [[[120.9849165, 14.5931], [120.9849515, 14.5930689], [120.9849915, 14.5931113], [120.98491429999999, 14.5931798], [120.98484079999999, 14.5931022], [120.9848831, 14.5930647], [120.9849165, 14.5931]]]}}, {"id": "481", "type": "Feature", "properties": {"building_id": "8d03be03-9834-4d11-9f36-7710b2c94f22", "area_m2": 97.85639458132896}, "geometry": {"type": "Polygon", "coordinates": [[[120.9852456, 14.5931726], [120.9852864, 14.5932323], [120.9851913, 14.5932941], [120.9851504, 14.5932344], [120.9852456, 14.5931726]]]}}, {"id": "482", "type": "Feature", "properties": {"building_id": "8c17eb5b-adb3-4428-bae7-d2e9a3b04281", "area_m2": 42.03216143537257}, "geometry": {"type": "Polygon", "coordinates": [[[120.9853132, 14.5932614], [120.98522470000002, 14.5933167], [120.9852061, 14.5932885], [120.98529460000002, 14.5932332], [120.9853132, 14.5932614]]]}}, {"id": "483", "type": "Feature", "properties": {"building_id": "179f0e17-0978-404e-ae48-cd10b667ab29", "area_m2": 22.59923879544196}, "geometry": {"type": "Polygon", "coordinates": [[[120.9847794, 14.5929678], [120.98480179999999, 14.5930046], [120.9847637, 14.5930266], [120.9847413, 14.5929898], [120.9847794, 14.5929678]]]}}, {"id": "484", "type": "Feature", "properties": {"building_id": "15ef6972-15c7-4646-9278-c4d3f33c7484", "area_m2": 33.05928554047348}, "geometry": {"type": "Polygon", "coordinates": [[[120.98469649999998, 14.5930372], [120.9847341, 14.5930671], [120.9846971, 14.5931113], [120.9846594, 14.5930814], [120.98469649999998, 14.5930372]]]}}, {"id": "485", "type": "Feature", "properties": {"building_id": "a4bf5b84-1e3d-49de-91a2-421db18f28d8", "area_m2": 27.06068848585366}, "geometry": {"type": "Polygon", "coordinates": [[[120.9848083, 14.596003], [120.98481280000001, 14.5960349], [120.9847431, 14.5960443], [120.9847386, 14.5960123], [120.9848083, 14.596003]]]}}, {"id": "486", "type": "Feature", "properties": {"building_id": "37296142-4965-46b3-a7ed-b7b7631cdf47", "area_m2": 51.498423838698166}, "geometry": {"type": "Polygon", "coordinates": [[[120.984627, 14.5960856], [120.98461450000002, 14.5960273], [120.9846855, 14.596013], [120.984698, 14.5960713], [120.984627, 14.5960856]]]}}, {"id": "487", "type": "Feature", "properties": {"building_id": "e8a2ee08-56fc-4505-8273-36d6a9d2af1b", "area_m2": 32.63080377236913}, "geometry": {"type": "Polygon", "coordinates": [[[120.9846074, 14.5960972], [120.98464429999999, 14.5960951], [120.9846486, 14.5961691], [120.9846118, 14.5961712], [120.9846074, 14.5960972]]]}}, {"id": "488", "type": "Feature", "properties": {"building_id": "aed1481a-4508-4bcd-90fb-28b8fdfb39ba", "area_m2": 42.237950443711995}, "geometry": {"type": "Polygon", "coordinates": [[[120.9842803, 14.5957224], [120.9843312, 14.5957382], [120.9843104, 14.5958014], [120.98425960000002, 14.5957856], [120.9842803, 14.5957224]]]}}, {"id": "489", "type": "Feature", "properties": {"building_id": "29ceb4dd-fd2c-4c7c-99be-13e8a415bd85", "area_m2": 82.97969109343515}, "geometry": {"type": "Polygon", "coordinates": [[[120.984392, 14.5933736], [120.98442060000002, 14.5933953], [120.9842993, 14.5935467], [120.98427070000001, 14.5935251], [120.984392, 14.5933736]]]}}, {"id": "490", "type": "Feature", "properties": {"building_id": "c0986548-a181-481d-b7c0-df08850cf934", "area_m2": 70.86934826490224}, "geometry": {"type": "Polygon", "coordinates": [[[120.9842144, 14.5939424], [120.9842912, 14.5940042], [120.9842523, 14.5940502], [120.9841754, 14.5939884], [120.9842144, 14.5939424]]]}}, {"id": "491", "type": "Feature", "properties": {"building_id": "1a17fe23-314d-4b89-9c38-64973b60c94a", "area_m2": 20.113766698234347}, "geometry": {"type": "Polygon", "coordinates": [[[120.98405020000001, 14.5957808], [120.9840173, 14.5958387], [120.983995, 14.5958266], [120.9840279, 14.5957688], [120.98405020000001, 14.5957808]]]}}, {"id": "492", "type": "Feature", "properties": {"building_id": "7afb88df-ebbb-44bc-b362-fbec257fef88", "area_m2": 73.61008885604386}, "geometry": {"type": "Polygon", "coordinates": [[[120.9839061, 14.5938807], [120.98397340000001, 14.5939302], [120.98392819999998, 14.5939886], [120.98386080000002, 14.593939], [120.9839061, 14.5938807]]]}}, {"id": "493", "type": "Feature", "properties": {"building_id": "e179fb22-e84a-4f31-9ea2-c552e44009bf", "area_m2": 22.063083525798266}, "geometry": {"type": "Polygon", "coordinates": [[[120.9839432, 14.5937976], [120.98397220000001, 14.5938209], [120.98394010000001, 14.5938589], [120.9839111, 14.5938356], [120.9839432, 14.5937976]]]}}, {"id": "494", "type": "Feature", "properties": {"building_id": "0af065a5-29e7-4f2a-bcc2-2c51cc491497", "area_m2": 32.967421311125364}, "geometry": {"type": "Polygon", "coordinates": [[[120.9834617, 14.5952413], [120.98347440000002, 14.5951937], [120.9835288, 14.5952072], [120.98351610000002, 14.5952549], [120.9834617, 14.5952413]]]}}, {"id": "495", "type": "Feature", "properties": {"building_id": "6e1e3fe8-01e4-4125-8269-ff73eb990300", "area_m2": 33.202297654728746}, "geometry": {"type": "Polygon", "coordinates": [[[120.9830871, 14.5929593], [120.9831345, 14.5929666], [120.98312520000002, 14.5930239], [120.9830778, 14.5930166], [120.9830871, 14.5929593]]]}}, {"id": "496", "type": "Feature", "properties": {"building_id": "ee390493-5caf-499d-b2d3-3ce4701c2210", "area_m2": 59.02969166715967}, "geometry": {"type": "Polygon", "coordinates": [[[120.98340720000002, 14.5985397], [120.9833981, 14.5984576], [120.9834577, 14.5984514], [120.9834668, 14.5985335], [120.98340720000002, 14.5985397]]]}}, {"id": "497", "type": "Feature", "properties": {"building_id": "3566ac3e-b808-4e96-a45b-ebdf4a9b636c", "area_m2": 418.92609914525485}, "geometry": {"type": "Polygon", "coordinates": [[[120.982171, 14.5989196], [120.9822373, 14.599159], [120.9821005, 14.5991949], [120.9820342, 14.5989556], [120.982171, 14.5989196]]]}}, {"id": "498", "type": "Feature", "properties": {"building_id": "6ff9b395-a17a-4ab9-9dd4-f5113b10c67a", "area_m2": 743.9591193217495}, "geometry": {"type": "Polygon", "coordinates": [[[120.9810632, 14.5993275], [120.9808715, 14.5992841], [120.9808953, 14.5991642], [120.98082160000001, 14.5991457], [120.9808576, 14.5990002], [120.98094460000002, 14.5990261], [120.9811125, 14.5990709], [120.98107010000001, 14.5992821], [120.9810632, 14.5993275]]]}}, {"id": "499", "type": "Feature", "properties": {"building_id": "660d97a0-91f8-4d5e-8a57-b1486dd26489", "area_m2": 77.43673058432341}, "geometry": {"type": "Polygon", "coordinates": [[[120.97977750000001, 14.5979468], [120.97963980000002, 14.598125], [120.9796165, 14.598108], [120.9797543, 14.5979297], [120.97977750000001, 14.5979468]]]}}, {"id": "500", "type": "Feature", "properties": {"building_id": "d0af2a2d-24ca-4e5c-aabb-a85333ac48ac", "area_m2": 85.02844157093244}, "geometry": {"type": "Polygon", "coordinates": [[[120.9796725, 14.5978724], [120.9797222, 14.5979114], [120.9796501, 14.5979984], [120.97960050000002, 14.5979594], [120.9796725, 14.5978724]]]}}, {"id": "501", "type": "Feature", "properties": {"building_id": "69eb2260-7f3d-4d1d-b445-65359573f71c", "area_m2": 26.72003927939732}, "geometry": {"type": "Polygon", "coordinates": [[[120.9796142, 14.5981509], [120.979569, 14.5982013], [120.97954380000002, 14.5981798], [120.97958910000001, 14.5981294], [120.9796142, 14.5981509]]]}}, {"id": "502", "type": "Feature", "properties": {"building_id": "6ec6b579-f9db-4f39-a07a-f5b4d40712e5", "area_m2": 119.16877533178229}, "geometry": {"type": "Polygon", "coordinates": [[[120.9795655, 14.5979535], [120.97958970000002, 14.5979725], [120.97960050000002, 14.5979594], [120.9796501, 14.5979984], [120.97957860000001, 14.5980847], [120.97950480000002, 14.5980267], [120.9795655, 14.5979535]]]}}, {"id": "503", "type": "Feature", "properties": {"building_id": "b517ec19-24b9-4f74-8e74-86fbdfa49468", "area_m2": 36.29394755166543}, "geometry": {"type": "Polygon", "coordinates": [[[120.980061, 14.5977921], [120.9800987, 14.5977852], [120.98011360000001, 14.5978631], [120.9800758, 14.59787], [120.980061, 14.5977921]]]}}, {"id": "504", "type": "Feature", "properties": {"building_id": "6587d2da-0265-447f-9987-1eb4a375c88a", "area_m2": 86.99065123561635}, "geometry": {"type": "Polygon", "coordinates": [[[120.98033620000001, 14.5974381], [120.9803603, 14.5975746], [120.9803084, 14.5975833], [120.9802843, 14.5974468], [120.98033620000001, 14.5974381]]]}}, {"id": "505", "type": "Feature", "properties": {"building_id": "cbaeedd2-e569-4910-bdb0-cfdf035fe180", "area_m2": 32.54547199155681}, "geometry": {"type": "Polygon", "coordinates": [[[120.9808383, 14.5958331], [120.9808608, 14.5958181], [120.9809189, 14.5959008], [120.9808965, 14.5959158], [120.9808383, 14.5958331]]]}}, {"id": "506", "type": "Feature", "properties": {"building_id": "389ab09e-1bd2-43f1-b5c5-dcc4aafc21c2", "area_m2": 46.0902137422402}, "geometry": {"type": "Polygon", "coordinates": [[[120.98080030000001, 14.5937273], [120.98092360000001, 14.5937596], [120.9809156, 14.5937888], [120.9807923, 14.5937566], [120.98080030000001, 14.5937273]]]}}, {"id": "507", "type": "Feature", "properties": {"building_id": "f4af80f9-e92c-4ef1-884b-ac55b488b70e", "area_m2": 40.43257573852703}, "geometry": {"type": "Polygon", "coordinates": [[[120.98031109999998, 14.5935815], [120.9804195, 14.5936112], [120.9804111, 14.5936402], [120.98030280000002, 14.5936105], [120.98031109999998, 14.5935815]]]}}, {"id": "508", "type": "Feature", "properties": {"building_id": "6fdc1bf7-8ee6-4e38-823a-cf3fe4561a1a", "area_m2": 138.1924985206371}, "geometry": {"type": "Polygon", "coordinates": [[[120.9795316, 14.5958136], [120.9796215, 14.5958409], [120.9795839, 14.5959584], [120.979494, 14.595931], [120.9795316, 14.5958136]]]}}, {"id": "509", "type": "Feature", "properties": {"building_id": "72d4eca5-52ef-4476-9148-38b168082b9e", "area_m2": 52.39531491472803}, "geometry": {"type": "Polygon", "coordinates": [[[120.979494, 14.595931], [120.9795839, 14.5959584], [120.9795697, 14.5960029], [120.9794797, 14.5959755], [120.979494, 14.595931]]]}}, {"id": "510", "type": "Feature", "properties": {"building_id": "6de64015-3d82-4020-90b6-5f520446e9f1", "area_m2": 154.18858157587493}, "geometry": {"type": "Polygon", "coordinates": [[[120.98133170000001, 14.5929658], [120.98134240000002, 14.5930616], [120.9812091, 14.5930758], [120.9811984, 14.5929799], [120.98133170000001, 14.5929658]]]}}, {"id": "511", "type": "Feature", "properties": {"building_id": "bb28bdcc-2e1b-43d4-940c-246aec7c8238", "area_m2": 36.939492313498114}, "geometry": {"type": "Polygon", "coordinates": [[[120.9860361, 14.5942143], [120.9860609, 14.5942637], [120.9860102, 14.5942878], [120.9859855, 14.5942385], [120.9860361, 14.5942143]]]}}, {"id": "512", "type": "Feature", "properties": {"building_id": "42fefff1-ff2e-450f-9ea1-0c165ecf3109", "area_m2": 33.45435904549075}, "geometry": {"type": "Polygon", "coordinates": [[[120.9857689, 14.5951034], [120.98581529999998, 14.5951177], [120.9857971, 14.5951728], [120.985751, 14.5951584], [120.9857689, 14.5951034]]]}}, {"id": "513", "type": "Feature", "properties": {"building_id": "69059b5d-7124-4c0d-ba0f-f8ae333f600d", "area_m2": 35.30721653814531}, "geometry": {"type": "Polygon", "coordinates": [[[120.98589350000002, 14.593734], [120.985846, 14.5937614], [120.98581769999998, 14.5937154], [120.9858652, 14.593688], [120.98589350000002, 14.593734]]]}}, {"id": "514", "type": "Feature", "properties": {"building_id": "c485a798-9c16-4712-84e8-51e2ae99db5b", "area_m2": 46.62807003927826}, "geometry": {"type": "Polygon", "coordinates": [[[120.9856912, 14.5937874], [120.98574440000002, 14.5937291], [120.9857821, 14.5937613], [120.98572880000002, 14.5938196], [120.9856912, 14.5937874]]]}}, {"id": "515", "type": "Feature", "properties": {"building_id": "d255028c-861f-4899-bb3f-11163af9474b", "area_m2": 32.21859958797441}, "geometry": {"type": "Polygon", "coordinates": [[[120.98569280000001, 14.5930988], [120.98575979999998, 14.5931822], [120.98573969999998, 14.5931975], [120.9856727, 14.5931141], [120.98569280000001, 14.5930988]]]}}, {"id": "516", "type": "Feature", "properties": {"building_id": "e110ae15-46ce-4195-8e44-62bcba7f69ca", "area_m2": 22.946127718615607}, "geometry": {"type": "Polygon", "coordinates": [[[120.9857079, 14.5932384], [120.985729, 14.5932793], [120.9856914, 14.5932976], [120.98567030000001, 14.5932567], [120.9857079, 14.5932384]]]}}, {"id": "517", "type": "Feature", "properties": {"building_id": "f9d35df8-daae-4b40-9dba-816bf87465a1", "area_m2": 90.7823547013538}, "geometry": {"type": "Polygon", "coordinates": [[[120.985587, 14.593228], [120.9856787, 14.5931629], [120.98571959999998, 14.5932168], [120.9856279, 14.593282], [120.985587, 14.593228]]]}}, {"id": "518", "type": "Feature", "properties": {"building_id": "83241e8c-01b4-457e-bf48-c11207933ee8", "area_m2": 28.02110103830927}, "geometry": {"type": "Polygon", "coordinates": [[[120.98559040000002, 14.5929984], [120.98560850000001, 14.5929856], [120.985672, 14.5930705], [120.9856539, 14.5930833], [120.98559040000002, 14.5929984]]]}}, {"id": "519", "type": "Feature", "properties": {"building_id": "2916b229-b55d-48c4-a6bb-97b150ab70cb", "area_m2": 86.90873308782045}, "geometry": {"type": "Polygon", "coordinates": [[[120.9856914, 14.5950801], [120.9857618, 14.5950989], [120.98573480000002, 14.5951952], [120.9856644, 14.5951764], [120.9856914, 14.5950801]]]}}, {"id": "520", "type": "Feature", "properties": {"building_id": "777622dd-2bb3-4dd3-8cbf-db42e4c35002", "area_m2": 36.749422506205256}, "geometry": {"type": "Polygon", "coordinates": [[[120.98573, 14.5977149], [120.9857791, 14.5977283], [120.98576240000001, 14.5977865], [120.9857133, 14.5977731], [120.98573, 14.5977149]]]}}, {"id": "521", "type": "Feature", "properties": {"building_id": "748dc30a-2712-448c-b67a-4af290c8fc72", "area_m2": 42.70007133714899}, "geometry": {"type": "Polygon", "coordinates": [[[120.9855639, 14.5974085], [120.9856503, 14.597427], [120.98564140000002, 14.5974665], [120.98555489999998, 14.597448], [120.9855639, 14.5974085]]]}}, {"id": "522", "type": "Feature", "properties": {"building_id": "58afbc0c-eb9b-48e7-9164-9a54d2b37d04", "area_m2": 469.57029323260525}, "geometry": {"type": "Polygon", "coordinates": [[[120.9855997, 14.5977925], [120.9858133, 14.5978769], [120.9857474, 14.5980351], [120.98553370000002, 14.5979508], [120.9855997, 14.5977925]]]}}, {"id": "523", "type": "Feature", "properties": {"building_id": "0f9ea092-72f4-4335-b0f9-d8221895351d", "area_m2": 30.291692563121806}, "geometry": {"type": "Polygon", "coordinates": [[[120.9856445, 14.5989638], [120.9857169, 14.5989869], [120.98570630000002, 14.5990186], [120.9856339, 14.5989955], [120.9856445, 14.5989638]]]}}, {"id": "524", "type": "Feature", "properties": {"building_id": "83638077-349f-492a-b846-9db8c65328ba", "area_m2": 837.2747014502519}, "geometry": {"type": "Polygon", "coordinates": [[[120.9862008, 14.5986993], [120.9859451, 14.5986104], [120.9860431, 14.5983478], [120.9862958, 14.5984434], [120.9862008, 14.5986993]], [[120.986158, 14.5985692], [120.9860552, 14.5985333], [120.98604050000002, 14.5985729], [120.9861433, 14.5986088], [120.986158, 14.5985692]]]}}]}