{"type": "FeatureCollection", "features": [{"id": "0", "type": "Feature", "properties": {"building_id": "11317398", "area_m2": 2524.4125848473695}, "geometry": {"type": "Polygon", "coordinates": [[[-70.6554975, -33.4419882], [-70.6555277, -33.4418735], [-70.655353, -33.4418415], [-70.6548869, -33.4417561], [-70.6547679, -33.4422084], [-70.65476940000002, -33.442215], [-70.6547731, -33.44222160000001], [-70.6547823, -33.4422311], [-70.6547882, -33.4422336], [-70.6547948, -33.4422349], [-70.6553802, -33.4423021], [-70.6554043, -33.4422137], [-70.6553967, -33.4422122], [-70.6554598, -33.4419812], [-70.6554975, -33.4419882]], [[-70.6552333, -33.4420047], [-70.6551828, -33.4419957], [-70.6551536, -33.4421095], [-70.6552041, -33.4421185], [-70.6551888, -33.4421784], [-70.6551767, -33.4421762], [-70.6551858, -33.4421406], [-70.655164, -33.4421368], [-70.6551552, -33.4421712], [-70.6549618, -33.4421367], [-70.6549687, -33.4421097], [-70.6549741, -33.4421107], [-70.65499240000001, -33.4420392], [-70.6550082, -33.442042], [-70.6550166, -33.4420094], [-70.654998, -33.442006], [-70.6550173, -33.4419307], [-70.6550115, -33.4419296], [-70.6550182, -33.4419034], [-70.6552488, -33.441944499999984], [-70.6552333, -33.4420047]]]}}, {"id": "1", "type": "Feature", "properties": {"building_id": "11320623", "area_m2": 1345.5971689439782}, "geometry": {"type": "Polygon", "coordinates": [[[-70.6565094, -33.4423378], [-70.6565694, -33.4419087], [-70.6565137, -33.4419003], [-70.6565086, -33.4419364], [-70.6564092, -33.4419215], [-70.6564178, -33.4418857], [-70.6562973, -33.4418675], [-70.6562951, -33.4418766], [-70.6563008, -33.4418774], [-70.656293, -33.44190960000001], [-70.6562876, -33.4419087], [-70.656268, -33.4419902], [-70.6562735, -33.4419911], [-70.656246, -33.4421055], [-70.6562401, -33.4421045], [-70.6562197, -33.4421895], [-70.6562256, -33.4421905], [-70.6561991, -33.442301], [-70.6561918, -33.4422997], [-70.6561687, -33.4423959], [-70.65617910000002, -33.4423977], [-70.6562015, -33.4424184], [-70.6563037, -33.4424284], [-70.6563046, -33.4424224], [-70.656495, -33.4424411], [-70.6565094, -33.4423378]], [[-70.6564645, -33.44223860000001], [-70.6564423, -33.442337], [-70.6563245, -33.4423254], [-70.6563152, -33.4423135], [-70.6563396, -33.4422115], [-70.6563916, -33.4422201], [-70.6563931, -33.4422141], [-70.6564529, -33.4422241], [-70.6564645, -33.44223860000001]], [[-70.6565126, -33.442026], [-70.6564878, -33.4421356], [-70.656472, -33.4421452], [-70.656412, -33.4421352], [-70.6564132, -33.4421303], [-70.6563612, -33.4421217], [-70.656386, -33.4420183], [-70.6564019, -33.4420095], [-70.6565126, -33.442026]]]}}, {"id": "2", "type": "Feature", "properties": {"building_id": "11361699", "area_m2": 187.4241642915057}, "geometry": {"type": "Polygon", "coordinates": [[[-70.6555179, -33.43957730000001], [-70.6555567, -33.4395809], [-70.6555588, -33.439565], [-70.6555884, -33.4395678], [-70.6555856, -33.4395889], [-70.6555974, -33.439591], [-70.6556388, -33.4395985], [-70.6556771, -33.4396054], [-70.655726, -33.4396142], [-70.6557412, -33.4395151], [-70.6556966, -33.439511], [-70.6556477, -33.4395065], [-70.6555288, -33.4394955], [-70.6555179, -33.43957730000001]], [[-70.6556784, -33.4395597], [-70.6556756, -33.4395778], [-70.6556481, -33.4395749], [-70.6556508, -33.4395568], [-70.6556784, -33.4395597]]]}}, {"id": "3", "type": "Feature", "properties": {"building_id": "11361700", "area_m2": 1419.8355093651355}, "geometry": {"type": "Polygon", "coordinates": [[[-70.6560617, -33.4390396], [-70.6560645, -33.4390187], [-70.6558037, -33.4389946], [-70.6557878, -33.4391606], [-70.6557841, -33.4391989], [-70.655775, -33.4392946], [-70.6557692, -33.4393325], [-70.6557606, -33.4393884], [-70.6557549, -33.4394253], [-70.65574830000001, -33.4394646], [-70.6557412, -33.4395151], [-70.655726, -33.4396142], [-70.6557897, -33.4396257], [-70.6558009, -33.4395623], [-70.6559258, -33.439571], [-70.6559198, -33.4396491], [-70.6559795, -33.4396598], [-70.6560003, -33.439503], [-70.6560445, -33.4391698], [-70.6560617, -33.4390396]], [[-70.6558366, -33.4395194], [-70.6558478, -33.4394471], [-70.6559425, -33.4394573], [-70.6559318, -33.4395258], [-70.6558366, -33.4395194]], [[-70.6558762, -33.4392186], [-70.6558887, -33.4391265], [-70.6559812, -33.43913649999999], [-70.6559692, -33.4392271], [-70.6558762, -33.4392186]]]}}, {"id": "4", "type": "Feature", "properties": {"building_id": "11361701", "area_m2": 3385.135484597577}, "geometry": {"type": "Polygon", "coordinates": [[[-70.6566156, -33.4390932], [-70.6566124, -33.4391155], [-70.6564998, -33.43910450000001], [-70.6565028, -33.4390826], [-70.6560617, -33.4390396], [-70.6560445, -33.4391698], [-70.65607460000001, -33.4391726], [-70.6560639, -33.4392572], [-70.6560603, -33.439337], [-70.6560466, -33.4393416], [-70.6560374, -33.4395036], [-70.6560003, -33.439503], [-70.6559795, -33.4396598], [-70.656283, -33.4396912], [-70.6562899, -33.439645], [-70.656361, -33.4396523], [-70.656376, -33.4396539], [-70.6563858, -33.439588], [-70.6564293, -33.4395927], [-70.6565806, -33.4396081], [-70.6566415, -33.4391594], [-70.6566681, -33.439162], [-70.6566769, -33.43909919999999], [-70.6566156, -33.4390932]], [[-70.6562638, -33.4394914], [-70.6563036, -33.4394955], [-70.6562911, -33.4396033], [-70.6562574, -33.4396019], [-70.6562638, -33.4394914]]]}}, {"id": "5", "type": "Feature", "properties": {"building_id": "15555483", "area_m2": 460.34138846048006}, "geometry": {"type": "Polygon", "coordinates": [[[-70.6565351, -33.438712], [-70.6566072, -33.4387188], [-70.6566241, -33.4387204], [-70.6566842, -33.4387261], [-70.656691, -33.4386763], [-70.6567015, -33.4386773], [-70.6567054, -33.43864890000001], [-70.6566982, -33.4386482], [-70.6567105, -33.4385592], [-70.6567177, -33.4385599], [-70.65672080000002, -33.4385369], [-70.6567103, -33.4385358], [-70.6567179, -33.4384812], [-70.6565527, -33.4384653], [-70.6565349, -33.4384636], [-70.6565039, -33.438709], [-70.6565351, -33.438712]], [[-70.6566305, -33.4385559], [-70.6566271, -33.4385806], [-70.6566138, -33.4385794], [-70.6566172, -33.4385546], [-70.6566305, -33.4385559]], [[-70.6565909, -33.4385667], [-70.6565638, -33.43856430000001], [-70.6565682, -33.43852949999999], [-70.6565953, -33.4385319], [-70.6565909, -33.4385667]]]}}, {"id": "6", "type": "Feature", "properties": {"building_id": "15555484", "area_m2": 1116.9672348216527}, "geometry": {"type": "Polygon", "coordinates": [[[-70.6549784, -33.4387434], [-70.6549822, -33.4387438], [-70.6550038, -33.4385997], [-70.6549829, -33.4385975], [-70.6549951, -33.4385163], [-70.6549178, -33.43850819999999], [-70.65487910000002, -33.4385242], [-70.654812, -33.4385171], [-70.6548005, -33.4385038], [-70.6547835, -33.4384923], [-70.6547691, -33.43848769999999], [-70.6547521, -33.4384874], [-70.6547358, -33.4384896], [-70.6547222, -33.4384951], [-70.6547058, -33.4385075], [-70.6546973, -33.4385235], [-70.6546947, -33.4385417], [-70.654697, -33.4385603], [-70.6546685, -33.4385573], [-70.6546516, -33.4386693], [-70.6545942, -33.4386633], [-70.6545963, -33.4386499], [-70.6544771, -33.4386374], [-70.6544751, -33.4386508], [-70.6544163, -33.4386447], [-70.6544045, -33.4387422], [-70.6544019, -33.438764], [-70.654469, -33.438771], [-70.6544684, -33.4387749], [-70.6545684, -33.4387854], [-70.654569, -33.43878149999998], [-70.654636, -33.4387885], [-70.654635, -33.4387952], [-70.6546475, -33.4387965], [-70.6546485, -33.4387898], [-70.6546889, -33.438794], [-70.6546879, -33.4388004], [-70.6547306, -33.4388049], [-70.6547316, -33.4387985], [-70.6547667, -33.4388022], [-70.6547661, -33.4388063], [-70.6548348, -33.4388135], [-70.6548354, -33.4388094], [-70.6548691, -33.4388129], [-70.6548682, -33.4388188], [-70.6549131, -33.4388235], [-70.654914, -33.438817599999986], [-70.6549549, -33.4388219], [-70.6549541, -33.4388272], [-70.6549656, -33.4388284], [-70.6549784, -33.4387434]], [[-70.6548986, -33.43872669999999], [-70.6547298, -33.438709], [-70.65474690000002, -33.4385953], [-70.6547632, -33.4385937], [-70.6547803, -33.4385895], [-70.6547918, -33.4385849], [-70.6548009, -33.4385794], [-70.65479950000001, -33.4385889], [-70.6548681, -33.4385961], [-70.6548696, -33.4385866], [-70.6548786, -33.4385945], [-70.6548873, -33.4386046], [-70.6549002, -33.4386103], [-70.6549157, -33.438613], [-70.6548986, -33.43872669999999]]]}}, {"id": "7", "type": "Feature", "properties": {"building_id": "15555746", "area_m2": 1872.0523605032095}, "geometry": {"type": "Polygon", "coordinates": [[[-70.6546574, -33.4375492], [-70.654618, -33.4375454], [-70.6546057, -33.4376425], [-70.6550432, -33.4376844], [-70.6550562, -33.4375746], [-70.655058, -33.4375593], [-70.65501250000001, -33.4375549], [-70.6550434, -33.4373306], [-70.6551504, -33.4373408], [-70.655162, -33.4372408], [-70.6551719, -33.4371569], [-70.6549347, -33.43715069999999], [-70.6549296, -33.4371906], [-70.6546663, -33.4371653], [-70.6546576, -33.4372288], [-70.6546492, -33.437291], [-70.6546923, -33.4372952], [-70.6546574, -33.4375492]], [[-70.6549087, -33.4372843], [-70.6548695, -33.43756949999999], [-70.6547711, -33.4375601], [-70.6548103, -33.4372749], [-70.6549087, -33.4372843]]]}}, {"id": "8", "type": "Feature", "properties": {"building_id": "15566802", "area_m2": 1255.6602153688193}, "geometry": {"type": "Polygon", "coordinates": [[[-70.6589777, -33.4405035], [-70.6586799, -33.4404731], [-70.6586779, -33.440487], [-70.6586554, -33.4404847], [-70.6586388, -33.4405982], [-70.6586853, -33.440603], [-70.658683, -33.440619], [-70.65867260000002, -33.4406179], [-70.6586473, -33.4407903], [-70.6586111, -33.4407866], [-70.6585944, -33.4409006], [-70.6586189, -33.4409031], [-70.6586174, -33.4409134], [-70.6589161, -33.4409439], [-70.6589231, -33.4408963], [-70.6589621, -33.4409002], [-70.658999, -33.4406484], [-70.6589571, -33.4406441], [-70.6589777, -33.4405035]], [[-70.6587526, -33.4407722], [-70.6587719, -33.4406404], [-70.6589549, -33.4406591], [-70.6589505, -33.4406892], [-70.6589356, -33.4407909], [-70.6587526, -33.4407722]]]}}, {"id": "9", "type": "Feature", "properties": {"building_id": "15566964", "area_m2": 2267.005258219816}, "geometry": {"type": "Polygon", "coordinates": [[[-70.6572514, -33.44034], [-70.6572526, -33.4403327], [-70.6570811, -33.4403142], [-70.6570803, -33.4403198], [-70.6567916, -33.4402887], [-70.6567923, -33.44028559999999], [-70.656714, -33.4402745], [-70.6567119, -33.4402848], [-70.6566964, -33.4402826], [-70.6566985, -33.4402723], [-70.65664, -33.440264], [-70.6566307, -33.4403093], [-70.656623, -33.4403082], [-70.6566093, -33.4403756], [-70.6566177, -33.4403768], [-70.6566141, -33.4403942], [-70.6566057, -33.440393], [-70.6565379, -33.44072580000001], [-70.6565352, -33.4407388], [-70.6565471, -33.4407405], [-70.6566667, -33.4407575], [-70.6566768, -33.4407076], [-70.6572343, -33.4407867], [-70.6572408, -33.4407322], [-70.6572465, -33.440684], [-70.6571837, -33.4406782], [-70.6571858, -33.4406681], [-70.657152, -33.4406633], [-70.6571559, -33.4406441], [-70.6571695, -33.4406462], [-70.6571886, -33.4405591], [-70.6572013, -33.440561], [-70.6572297, -33.4404317], [-70.6572757, -33.4404385], [-70.6572869, -33.4403438], [-70.6572514, -33.44034]], [[-70.6566798, -33.4405674], [-70.656692, -33.4405691], [-70.6567124, -33.4404694], [-70.6567536, -33.4404752], [-70.6567739, -33.4403755], [-70.6568018, -33.4403798], [-70.6567966, -33.4404031], [-70.6570407, -33.4404404], [-70.657044, -33.4404254], [-70.6570616, -33.4404281], [-70.6570588, -33.4404406], [-70.6570672, -33.4404419], [-70.6570658, -33.4404485], [-70.657086, -33.4404515], [-70.6570721, -33.4405146], [-70.6570839, -33.4405163], [-70.6570591, -33.4406293], [-70.6570649, -33.4406302], [-70.6570608, -33.4406504], [-70.6570313, -33.4406454], [-70.6570355, -33.4406281], [-70.6569703, -33.4406172], [-70.6569661, -33.44063449999999], [-70.6569389, -33.44063], [-70.6569429, -33.4406133], [-70.6567992, -33.4405892], [-70.6567952, -33.4406059], [-70.6567709, -33.44060180000001], [-70.6567747, -33.4405859], [-70.656707, -33.4405746], [-70.6567032, -33.4405905], [-70.6566761, -33.4405859], [-70.6566798, -33.4405674]]]}}, {"id": "10", "type": "Feature", "properties": {"building_id": "15573375", "area_m2": 2043.4652668892143}, "geometry": {"type": "Polygon", "coordinates": [[[-70.658381, -33.4397931], [-70.6581032, -33.4397668], [-70.6580288, -33.4402899], [-70.6584218, -33.4403313], [-70.6584935, -33.4398038], [-70.658381, -33.4397931]], [[-70.658333, -33.4399693], [-70.6582162, -33.4399598], [-70.6582266, -33.4398714], [-70.6583434, -33.4398809], [-70.658333, -33.4399693]]]}}, {"id": "11", "type": "Feature", "properties": {"building_id": "15573426", "area_m2": 1389.2063684258433}, "geometry": {"type": "Polygon", "coordinates": [[[-70.6569747, -33.4394843], [-70.6567627, -33.4394686], [-70.6567496, -33.4394771], [-70.6567317, -33.4396121], [-70.6567472, -33.4396141], [-70.6567399, -33.4396584], [-70.6567862, -33.439664], [-70.6568051, -33.439666], [-70.656806, -33.4396599], [-70.6570821, -33.4396818], [-70.6570687, -33.4397995], [-70.6571399, -33.4398069], [-70.6571456, -33.4397686], [-70.6571974, -33.4397741], [-70.6571916, -33.4398124], [-70.657277, -33.4398213], [-70.6572844, -33.4396963], [-70.6572959, -33.4395018], [-70.6573166, -33.4395033], [-70.6573205, -33.4394708], [-70.65697880000002, -33.4394457], [-70.6569747, -33.4394843]], [[-70.6572104, -33.4396528], [-70.6572021, -33.4397234], [-70.6571515, -33.4397193], [-70.6571598, -33.4396486], [-70.6572104, -33.4396528]], [[-70.6569705, -33.4395884], [-70.6569912, -33.4395897], [-70.6569904, -33.4395983], [-70.6570051, -33.4395992], [-70.6570012, -33.4396435], [-70.6569658, -33.4396413], [-70.6569705, -33.4395884]]]}}, {"id": "12", "type": "Feature", "properties": {"building_id": "15573471", "area_m2": 2010.593596950464}, "geometry": {"type": "Polygon", "coordinates": [[[-70.6599066, -33.438859], [-70.6599265, -33.438700099999984], [-70.6599432, -33.4387017], [-70.6599572, -33.4386701], [-70.6599691, -33.4386358], [-70.6599769, -33.4385994], [-70.65999710000001, -33.438441], [-70.6600093, -33.4384423], [-70.6600208, -33.438352], [-70.6597585, -33.4383238], [-70.6597477, -33.4384181], [-70.6597538, -33.4384185], [-70.6597365, -33.4385708], [-70.6597344, -33.4385999], [-70.6597344, -33.4386358], [-70.6597452, -33.438682], [-70.6597567, -33.4386832], [-70.6597363, -33.4388436], [-70.6597097, -33.4388412], [-70.6596841, -33.4390425], [-70.6597107, -33.4390449], [-70.6596955, -33.4391643], [-70.6597376, -33.4391669], [-70.6597285, -33.4392678], [-70.6598081, -33.4392728], [-70.6598087, -33.4392664], [-70.6598596, -33.4392695], [-70.6598655, -33.4392037], [-70.6598876, -33.4392056], [-70.6599323, -33.4388607], [-70.6599066, -33.438859]], [[-70.6598612, -33.439182], [-70.6598382, -33.4391805], [-70.6598321, -33.4392421], [-70.6598141, -33.439241], [-70.6598204, -33.4391757], [-70.6598615, -33.4391785], [-70.6598612, -33.439182]]]}}, {"id": "13", "type": "Feature", "properties": {"building_id": "15573546", "area_m2": 615.1256486881227}, "geometry": {"type": "Polygon", "coordinates": [[[-70.6590083, -33.4377048], [-70.6590207, -33.4376066], [-70.6590376, -33.4376083], [-70.6590462, -33.437531], [-70.6590494, -33.43750279999998], [-70.6590016, -33.437498199999986], [-70.6589541, -33.4374936], [-70.6589503, -33.4375211], [-70.6590042, -33.4375267], [-70.6589782, -33.4377016], [-70.6588265, -33.4376858], [-70.6587854, -33.4379525], [-70.65888560000002, -33.4379617], [-70.6588751, -33.4380414], [-70.6589651, -33.4380501], [-70.6590083, -33.4377048]], [[-70.6589006, -33.437884], [-70.6588554, -33.4378787], [-70.6588773, -33.4377303], [-70.6589203, -33.4377347], [-70.6589006, -33.437884]]]}}, {"id": "14", "type": "Feature", "properties": {"building_id": "48861882", "area_m2": 2180.9066681493596}, "geometry": {"type": "Polygon", "coordinates": [[[-70.65537620000002, -33.4417543], [-70.6553993, -33.4416532], [-70.655407, -33.4416194], [-70.6554611, -33.441383], [-70.6554814, -33.4412943], [-70.6550509, -33.4412496], [-70.6550214, -33.4412663], [-70.6550095, -33.4413127], [-70.6550014, -33.4413112], [-70.6549281, -33.441596], [-70.6549362, -33.4415975], [-70.6549168, -33.4416726], [-70.65537620000002, -33.4417543]]]}}, {"id": "15", "type": "Feature", "properties": {"building_id": "48862946", "area_m2": 2022.0824133428387}, "geometry": {"type": "Polygon", "coordinates": [[[-70.6569836, -33.4401014], [-70.6569791, -33.4401328], [-70.6572261, -33.4401566], [-70.657286, -33.4398665], [-70.6570638, -33.4398425], [-70.6570687, -33.4397995], [-70.6570821, -33.4396818], [-70.656806, -33.4396599], [-70.6568051, -33.439666], [-70.6567862, -33.439664], [-70.6567561, -33.43986730000001], [-70.6567991, -33.4398717], [-70.6567971, -33.4398943], [-70.6567531, -33.4399251], [-70.6567329, -33.440065799999985], [-70.6567727, -33.4401136], [-70.6569396, -33.44012979999999], [-70.6569836, -33.4401014]]]}}, {"id": "16", "type": "Feature", "properties": {"building_id": "208374303", "area_m2": 1976.367344913562}, "geometry": {"type": "Polygon", "coordinates": [[[-70.6586086, -33.4379363], [-70.6585071, -33.437927], [-70.6584964, -33.438009], [-70.6584911, -33.4380085], [-70.6584891, -33.4380237], [-70.6584982, -33.4380246], [-70.6584976, -33.4380291], [-70.6585113, -33.4380303], [-70.6585119, -33.4380258], [-70.6585207, -33.4380266], [-70.6585216, -33.4380201], [-70.6585679, -33.4380243], [-70.658567, -33.4380315], [-70.6585726, -33.438032], [-70.6585721, -33.4380361], [-70.6585854, -33.4380373], [-70.658586, -33.438033], [-70.6585926, -33.4380336], [-70.6585935, -33.4380267], [-70.6586012, -33.4380274], [-70.6586, -33.4380363], [-70.6586087, -33.4380371], [-70.6586078, -33.4380439], [-70.6586215, -33.4380452], [-70.6586219, -33.4380421], [-70.6586309, -33.4380429], [-70.6586305, -33.438046], [-70.6586459, -33.4380474], [-70.6586468, -33.4380406], [-70.6586586, -33.4380417], [-70.6586597, -33.43803269999999], [-70.658704, -33.4380368], [-70.658703, -33.4380442], [-70.6587144, -33.4380452], [-70.6587135, -33.4380523], [-70.6587307, -33.4380539], [-70.6587312, -33.4380502], [-70.65874090000001, -33.4380511], [-70.6587404, -33.4380548], [-70.6587555, -33.4380562], [-70.6587565, -33.4380491], [-70.658766, -33.43805], [-70.658767, -33.4380426], [-70.6587749, -33.4380433], [-70.6587741, -33.4380489], [-70.6587801, -33.4380495], [-70.6587796, -33.4380535], [-70.6587904, -33.4380545], [-70.6587909, -33.4380504], [-70.6587979, -33.43805110000001], [-70.6587986, -33.4380455], [-70.6588489, -33.4380501], [-70.6588482, -33.4380556], [-70.6588546, -33.4380561], [-70.658854, -33.4380604], [-70.6588669, -33.4380615], [-70.6588674, -33.4380573], [-70.6588758, -33.4380581], [-70.6588771, -33.4380482], [-70.6588742, -33.4380479], [-70.6588751, -33.4380414], [-70.65888560000002, -33.4379617], [-70.6587854, -33.4379525], [-70.6588265, -33.4376858], [-70.6589782, -33.4377016], [-70.6590042, -33.4375267], [-70.6589503, -33.4375211], [-70.6588534, -33.4375111], [-70.6588576, -33.4374842], [-70.6586809, -33.4374671], [-70.6585376, -33.4374532], [-70.6584576, -33.4374455], [-70.6584434, -33.4374441], [-70.6584415, -33.4374566], [-70.6584241, -33.4374578], [-70.6584085, -33.4374631], [-70.6583962, -33.4374734], [-70.658388, -33.43749169999999], [-70.6583903, -33.437508], [-70.6583999, -33.4375233], [-70.6584131, -33.43753430000001], [-70.6584293, -33.437539], [-70.6584277, -33.4375496], [-70.6585059, -33.4375577], [-70.6584985, -33.4376071], [-70.6584955, -33.4376272], [-70.658492, -33.4376512], [-70.6585585, -33.437658], [-70.6585917, -33.43766149999998], [-70.65865, -33.4376675], [-70.6586324, -33.4377823], [-70.6586086, -33.4379363]]]}}, {"id": "17", "type": "Feature", "properties": {"building_id": "208377323", "area_m2": 662.5839985210418}, "geometry": {"type": "Polygon", "coordinates": [[[-70.65607460000001, -33.4421974], [-70.6561319, -33.4419445], [-70.6561086, -33.4419408], [-70.6561114, -33.44192850000001], [-70.6561066, -33.4419277], [-70.6561084, -33.44191820000001], [-70.6558932, -33.4418902], [-70.655868, -33.44188789999998], [-70.6558221, -33.4418916], [-70.6558231, -33.4419263], [-70.655798, -33.442025], [-70.65596490000001, -33.4420505], [-70.6559318, -33.4421875], [-70.6559507, -33.4421888], [-70.65607460000001, -33.4421974]]]}}, {"id": "18", "type": "Feature", "properties": {"building_id": "299548466", "area_m2": 694.0123146349006}, "geometry": {"type": "Polygon", "coordinates": [[[-70.659503, -33.4413385], [-70.6594464, -33.4410455], [-70.6594362, -33.4410344], [-70.6594198, -33.4410308], [-70.6594076, -33.4410333], [-70.6593994, -33.4410381], [-70.6593951, -33.4410462], [-70.6593945, -33.4410541], [-70.659384, -33.4410764], [-70.6593932, -33.4410799], [-70.6593858, -33.4410897], [-70.659377, -33.4410988], [-70.65937, -33.4411122], [-70.659371, -33.4411242], [-70.6593762, -33.4411321], [-70.659365, -33.4411431], [-70.6593543, -33.4411613], [-70.6593473, -33.4411798], [-70.659344, -33.4411994], [-70.6593375, -33.441221], [-70.6593268, -33.441241], [-70.6593066, -33.44126880000001], [-70.6592925, -33.4412928], [-70.6592827, -33.4413402], [-70.6592891, -33.4413519], [-70.65928020000001, -33.4413555], [-70.6592753, -33.4413723], [-70.6592817, -33.441379], [-70.6592724, -33.4413811], [-70.6592743, -33.4413911], [-70.65927, -33.441391199999984], [-70.6592706, -33.4414239], [-70.6592755, -33.4414237], [-70.65927, -33.4414292], [-70.6592695, -33.4414424], [-70.6592743, -33.4414472], [-70.659267, -33.4414526], [-70.6592788, -33.441476], [-70.65929950000002, -33.4414862], [-70.6594387, -33.44149070000001], [-70.6594467, -33.44148529999999], [-70.6594504, -33.44149], [-70.6594612, -33.4414903], [-70.6594715, -33.441484], [-70.6594458, -33.4413516], [-70.6594619, -33.4413498], [-70.6594945, -33.4413462], [-70.659503, -33.4413385]]]}}, {"id": "19", "type": "Feature", "properties": {"building_id": "300981991", "area_m2": 2516.15190836187}, "geometry": {"type": "Polygon", "coordinates": [[[-70.6589471, -33.4398467], [-70.6584935, -33.4398038], [-70.6584218, -33.4403313], [-70.6586, -33.4403482], [-70.6585988, -33.4403568], [-70.6587869, -33.4403747], [-70.6587881, -33.440366], [-70.6588754, -33.4403743], [-70.6589471, -33.4398467]]]}}, {"id": "20", "type": "Feature", "properties": {"building_id": "346365577", "area_m2": 384.1939854397589}, "geometry": {"type": "Polygon", "coordinates": [[[-70.6566345, -33.4370003], [-70.6565979, -33.4372711], [-70.6567295, -33.4372814], [-70.6567716, -33.4369745], [-70.6567378, -33.4369713], [-70.6567326, -33.4370096], [-70.6566755, -33.4370041], [-70.6566345, -33.4370003]]]}}, {"id": "21", "type": "Feature", "properties": {"building_id": "364037328", "area_m2": 751.3646025965635}, "geometry": {"type": "Polygon", "coordinates": [[[-70.65752290000002, -33.4410198], [-70.6574848, -33.4410158], [-70.6574241, -33.44100959999999], [-70.6574291, -33.4409758], [-70.6572692, -33.4409594], [-70.6572263, -33.4412498], [-70.6574849, -33.4412764], [-70.6574872, -33.44126069999999], [-70.65752290000002, -33.4410198]]]}}, {"id": "22", "type": "Feature", "properties": {"building_id": "386234376", "area_m2": 566.1412556289415}, "geometry": {"type": "Polygon", "coordinates": [[[-70.6581617, -33.4379955], [-70.6582028, -33.4376488], [-70.6580508, -33.4376364], [-70.6580262, -33.4378099], [-70.6580837, -33.4378157], [-70.6580788, -33.4378711], [-70.6579829, -33.437864], [-70.6579678, -33.4379752], [-70.6581617, -33.4379955]]]}}, {"id": "23", "type": "Feature", "properties": {"building_id": "386234377", "area_m2": 527.0767659632207}, "geometry": {"type": "Polygon", "coordinates": [[[-70.6579678, -33.4379752], [-70.6575878, -33.4379392], [-70.6575885, -33.4379338], [-70.6576058, -33.4378064], [-70.6579858, -33.4378424], [-70.6579829, -33.437864], [-70.6579678, -33.4379752]]]}}, {"id": "24", "type": "Feature", "properties": {"building_id": "447593875", "area_m2": 669.166097171539}, "geometry": {"type": "Polygon", "coordinates": [[[-70.6553254, -33.4385021], [-70.6551888, -33.4384918], [-70.6551863, -33.4385148], [-70.6551746, -33.438514], [-70.6551743, -33.4385166], [-70.6551516, -33.4385149], [-70.6551325, -33.4386911], [-70.6551217, -33.4386903], [-70.6551186, -33.43871870000001], [-70.6550886, -33.4387158], [-70.6550718, -33.4388346], [-70.6552537, -33.4388526], [-70.6552904, -33.4388295], [-70.6553254, -33.4385021]]]}}, {"id": "25", "type": "Feature", "properties": {"building_id": "447712618", "area_m2": 1482.841137231849}, "geometry": {"type": "Polygon", "coordinates": [[[-70.6558987, -33.438022], [-70.6559124, -33.4379226], [-70.6558639, -33.4379179], [-70.655865, -33.43791010000001], [-70.6557982, -33.4379037], [-70.6557998, -33.4378921], [-70.6556037, -33.4378733], [-70.6555912, -33.4378838], [-70.6555248, -33.4383669], [-70.6555378, -33.4383681], [-70.655644, -33.4383785], [-70.6557426, -33.4383882], [-70.655805, -33.4383944], [-70.6558111, -33.4383502], [-70.6558568, -33.438018], [-70.6558987, -33.438022]]]}}, {"id": "26", "type": "Feature", "properties": {"building_id": "447750128", "area_m2": 467.46441539917134}, "geometry": {"type": "Polygon", "coordinates": [[[-70.6583146, -33.4370249], [-70.6582838, -33.4370223], [-70.6582859, -33.4370051], [-70.6581808, -33.4369962], [-70.6581703, -33.4370632], [-70.6582066, -33.4370664], [-70.6581906, -33.4371977], [-70.6581674, -33.4371958], [-70.6581678, -33.4371923], [-70.6581553, -33.4371913], [-70.6581469, -33.4372599], [-70.6581606, -33.437261], [-70.6581612, -33.4372569], [-70.6581832, -33.4372587], [-70.6581662, -33.437399], [-70.658268, -33.4374076], [-70.658271, -33.4373836], [-70.6583146, -33.4370249]]]}}, {"id": "27", "type": "Feature", "properties": {"building_id": "448219715", "area_m2": 337.76198256510764}, "geometry": {"type": "Polygon", "coordinates": [[[-70.6567619, -33.43818849999998], [-70.6567777, -33.43807529999999], [-70.6567845, -33.438076], [-70.6567936, -33.4380107], [-70.6567868, -33.43801], [-70.6567879, -33.438001600000014], [-70.656759, -33.43799929999999], [-70.6567599, -33.4379906], [-70.6566953, -33.4379855], [-70.6566943, -33.4379942], [-70.6566186, -33.4379882], [-70.6566065, -33.4380761], [-70.6565933, -33.4381724], [-70.6566577, -33.4381786], [-70.6566841, -33.4381811], [-70.6567067, -33.43818319999998], [-70.6567619, -33.43818849999998]]]}}, {"id": "28", "type": "Feature", "properties": {"building_id": "448219716", "area_m2": 1034.8839863082685}, "geometry": {"type": "Polygon", "coordinates": [[[-70.6581716, -33.4382009], [-70.6581201, -33.4385986], [-70.6578939, -33.4385782], [-70.6579009, -33.438524], [-70.6578052, -33.4385153], [-70.6578179, -33.4384293], [-70.6580298, -33.4384484], [-70.6580325, -33.4384273], [-70.65801960000002, -33.4384261], [-70.658027, -33.4383686], [-70.6580525, -33.4383709], [-70.6580566, -33.4383391], [-70.6578341, -33.4383192], [-70.657856, -33.4381703], [-70.6581716, -33.4382009]]]}}, {"id": "29", "type": "Feature", "properties": {"building_id": "448332251", "area_m2": 1209.0526454162084}, "geometry": {"type": "Polygon", "coordinates": [[[-70.6572711, -33.4379041], [-70.6572885, -33.4377753], [-70.6572377, -33.4377706], [-70.6572719, -33.4374676], [-70.6571783, -33.4374602], [-70.6571833, -33.437416], [-70.6570274, -33.4373976], [-70.6570217, -33.4374479], [-70.6569796, -33.4378153], [-70.6570339, -33.4378196], [-70.65702820000001, -33.4378692], [-70.657196, -33.4378849], [-70.6571944, -33.4378969], [-70.6572711, -33.4379041]]]}}, {"id": "30", "type": "Feature", "properties": {"building_id": "448348905", "area_m2": 1875.6637888115413}, "geometry": {"type": "Polygon", "coordinates": [[[-70.6576628, -33.4412752], [-70.6576658, -33.44127969999999], [-70.6577438, -33.441244], [-70.657741, -33.4412397], [-70.657778, -33.4412345], [-70.6577851, -33.4411726], [-70.6577966, -33.4411735], [-70.6578217, -33.4409543], [-70.6578228, -33.4409441], [-70.657696, -33.440934], [-70.6576817, -33.4409328], [-70.657706, -33.4407204], [-70.6577266, -33.44054], [-70.6577302, -33.4405081], [-70.6577391, -33.4404304], [-70.6577438, -33.4403893], [-70.6576008, -33.4403779], [-70.6575936, -33.4404408], [-70.6576219, -33.440443], [-70.6576188, -33.4404704], [-70.6575905, -33.4404681], [-70.6575873, -33.4404962], [-70.6575777, -33.4405798], [-70.6575609, -33.4407274], [-70.6575466, -33.4408528], [-70.6575038, -33.4408494], [-70.6574848, -33.4410158], [-70.65752290000002, -33.4410198], [-70.6574872, -33.44126069999999], [-70.6575212, -33.4412634], [-70.6575219, -33.441257], [-70.6575564, -33.4412598], [-70.6575539, -33.4412822], [-70.6576443, -33.4412894], [-70.6576628, -33.4412752]]]}}, {"id": "31", "type": "Feature", "properties": {"building_id": "448348906", "area_m2": 744.093747098955}, "geometry": {"type": "Polygon", "coordinates": [[[-70.6575107, -33.4417261], [-70.6575323, -33.4415918], [-70.657474, -33.4415853], [-70.657473, -33.441591299999985], [-70.65737380000002, -33.4415803], [-70.6573787, -33.4415501], [-70.6574009, -33.4415525], [-70.657407, -33.4415142], [-70.6573848, -33.4415117], [-70.6573883, -33.4414898], [-70.6571135, -33.4414592], [-70.6570899, -33.4415862], [-70.6570851, -33.4416124], [-70.6571404, -33.44161850000001], [-70.6572457, -33.4416303], [-70.6572387, -33.4416738], [-70.6572429, -33.4416743], [-70.657271, -33.4416774], [-70.6572673, -33.441698899999984], [-70.6574057, -33.4417144], [-70.6575107, -33.4417261]]]}}, {"id": "32", "type": "Feature", "properties": {"building_id": "448350614", "area_m2": 601.7491421908636}, "geometry": {"type": "Polygon", "coordinates": [[[-70.656777, -33.4411367], [-70.6565973, -33.44111250000001], [-70.656605, -33.4410728], [-70.6566287, -33.4410761], [-70.6566487, -33.4410626], [-70.6566551, -33.4410314], [-70.6565072, -33.4410143], [-70.6564718, -33.4411559], [-70.6564646, -33.4411546], [-70.65646, -33.4411733], [-70.6564467, -33.441189], [-70.6564394, -33.4412115], [-70.656439, -33.441226], [-70.6564461, -33.4412424], [-70.6564702, -33.4412527], [-70.6567516, -33.4412861], [-70.656777, -33.4411367]]]}}, {"id": "33", "type": "Feature", "properties": {"building_id": "448354416", "area_m2": 239.94801885058683}, "geometry": {"type": "Polygon", "coordinates": [[[-70.6565208, -33.4388368], [-70.6565161, -33.4388705], [-70.6564839, -33.4388675], [-70.6564724, -33.4389508], [-70.6565047, -33.4389539], [-70.6565035, -33.4389623], [-70.6566521, -33.4389766], [-70.6566543, -33.4389611], [-70.6566712, -33.4389627], [-70.6566828, -33.4388785], [-70.6566732, -33.4388776], [-70.6566768, -33.4388517], [-70.6566037, -33.4388447], [-70.6565984, -33.4388442], [-70.6565208, -33.4388368]]]}}, {"id": "34", "type": "Feature", "properties": {"building_id": "448358416", "area_m2": 1016.4805260125693}, "geometry": {"type": "Polygon", "coordinates": [[[-70.6557476, -33.43856], [-70.6557435, -33.438592], [-70.6557366, -33.438647], [-70.6557062, -33.4388885], [-70.6555074, -33.4388711], [-70.6554799, -33.438842600000015], [-70.6555195, -33.4385169], [-70.6555561, -33.43852], [-70.6555609, -33.4384799], [-70.65562170000001, -33.438485], [-70.6556257, -33.4384509], [-70.6556353, -33.4384517], [-70.655644, -33.4383785], [-70.6557426, -33.4383882], [-70.6557213, -33.4385577], [-70.6557476, -33.43856]]]}}, {"id": "35", "type": "Feature", "properties": {"building_id": "448362800", "area_m2": 2097.410948951685}, "geometry": {"type": "Polygon", "coordinates": [[[-70.6549433, -33.4378922], [-70.6548971, -33.4382442], [-70.6551549, -33.4382678], [-70.6551531, -33.4382816], [-70.6551717, -33.4382833], [-70.6551681, -33.4383108], [-70.6553447, -33.4383241], [-70.6554041, -33.437872], [-70.6553941, -33.4378709], [-70.6553959, -33.4378586], [-70.6551655, -33.437835], [-70.6550246, -33.4378206], [-70.6549635, -33.4378144], [-70.6549616, -33.4378267], [-70.6549521, -33.4378257], [-70.6549433, -33.4378922]]]}}, {"id": "36", "type": "Feature", "properties": {"building_id": "448365983", "area_m2": 1431.0865807885475}, "geometry": {"type": "Polygon", "coordinates": [[[-70.6580923, -33.4409966], [-70.6580942, -33.4409833], [-70.6580003, -33.44097449999999], [-70.6579863, -33.440977], [-70.6579747, -33.4409828], [-70.6579664, -33.4409907], [-70.6579611, -33.44099939999999], [-70.6579444, -33.4411565], [-70.6579531, -33.4411574], [-70.6579415, -33.4412388], [-70.6579872, -33.4412582], [-70.658028, -33.441284], [-70.6580627, -33.4413155], [-70.6580883, -33.4413486], [-70.6581071, -33.4413848], [-70.6581186, -33.4414231], [-70.6582163, -33.4414328], [-70.6582154, -33.4414391], [-70.6584949, -33.4414667], [-70.6584958, -33.4414604], [-70.6585516, -33.441466], [-70.6585519, -33.441464], [-70.6585619, -33.4413805], [-70.6585645, -33.4413596], [-70.6585147, -33.4413547], [-70.6585404, -33.4411731], [-70.6584357, -33.4411627], [-70.6584099, -33.4413444], [-70.6583352, -33.441337], [-70.658361, -33.4411554], [-70.6582526, -33.4411446], [-70.6582268, -33.4413262], [-70.6582129, -33.441324899999984], [-70.6581866, -33.441286], [-70.6581536, -33.4412475], [-70.6581125, -33.4412107], [-70.6580661, -33.441181599999986], [-70.6580811, -33.4410761], [-70.6580923, -33.4409966]]]}}, {"id": "37", "type": "Feature", "properties": {"building_id": "448368636", "area_m2": 263.971961432267}, "geometry": {"type": "Polygon", "coordinates": [[[-70.6586409, -33.44160560000001], [-70.6586341, -33.4416828], [-70.6586322, -33.441704399999985], [-70.6586277, -33.4417561], [-70.6586568, -33.4417581], [-70.6586526, -33.4418], [-70.6587428, -33.4418063], [-70.6587567, -33.4416662], [-70.6587939, -33.4416687], [-70.6587988, -33.4416184], [-70.6588, -33.4416056], [-70.6586474, -33.4415954], [-70.6586464, -33.441606], [-70.6586409, -33.44160560000001]]]}}, {"id": "38", "type": "Feature", "properties": {"building_id": "448368637", "area_m2": 812.5271513363742}, "geometry": {"type": "Polygon", "coordinates": [[[-70.6583098, -33.4415564], [-70.6580865, -33.441536], [-70.6580736, -33.44156069999999], [-70.6580548, -33.4415871], [-70.6580318, -33.4416111], [-70.6580053, -33.4416324], [-70.6579755, -33.4416505], [-70.6579431, -33.4416651], [-70.6579087, -33.4416759], [-70.6578728, -33.4416828], [-70.6578525, -33.4418515], [-70.658007, -33.4418657], [-70.6580151, -33.4418044], [-70.6580548, -33.4417777], [-70.6580627, -33.4417858], [-70.6581684, -33.4417147], [-70.6581606, -33.4417066], [-70.6581997, -33.4416803], [-70.6582969, -33.441687], [-70.6583002, -33.4416536], [-70.658308, -33.4415749], [-70.6583098, -33.4415564]]]}}, {"id": "39", "type": "Feature", "properties": {"building_id": "448375767", "area_m2": 722.4847153057849}, "geometry": {"type": "Polygon", "coordinates": [[[-70.6552867, -33.4390082], [-70.6552606, -33.4389816], [-70.6549413, -33.4389519], [-70.6549192, -33.439117299999985], [-70.6549068, -33.4391162], [-70.6549024, -33.4391491], [-70.6552634, -33.4391827], [-70.6552867, -33.4390082]]]}}, {"id": "40", "type": "Feature", "properties": {"building_id": "448384630", "area_m2": 799.9370161323237}, "geometry": {"type": "Polygon", "coordinates": [[[-70.6554519, -33.4374261], [-70.65533480000002, -33.43742], [-70.6553314, -33.4374658], [-70.6552966, -33.437464], [-70.6552947, -33.4374894], [-70.6552505, -33.4374871], [-70.6552469, -33.4375361], [-70.6551797, -33.4375326], [-70.6551794, -33.4375373], [-70.6551521, -33.4375359], [-70.6551486, -33.4375834], [-70.6550562, -33.4375746], [-70.6550432, -33.4376844], [-70.6550912, -33.437689], [-70.6550902, -33.4376958], [-70.6551825, -33.4377046], [-70.6551834, -33.4376978], [-70.6553783, -33.4377165], [-70.6554213, -33.4376919], [-70.6554305, -33.4375686], [-70.65544570000002, -33.4375694], [-70.6554564, -33.4374264], [-70.6554519, -33.4374261]]]}}, {"id": "41", "type": "Feature", "properties": {"building_id": "448391636", "area_m2": 1249.4974540748865}, "geometry": {"type": "Polygon", "coordinates": [[[-70.6568598, -33.437409], [-70.6568179, -33.4377142], [-70.6568307, -33.4377155], [-70.65681160000001, -33.4378548], [-70.6567324, -33.4378473], [-70.6567311, -33.4378567], [-70.6565412, -33.4378385], [-70.6565425, -33.4378291], [-70.6565006, -33.4378251], [-70.6565209, -33.4376769], [-70.6566292, -33.4376873], [-70.6566502, -33.4375345], [-70.6565419, -33.4375241], [-70.656559, -33.437399], [-70.6565616, -33.4373805], [-70.6568598, -33.437409]]]}}, {"id": "42", "type": "Feature", "properties": {"building_id": "448519539", "area_m2": 1355.6002936179148}, "geometry": {"type": "Polygon", "coordinates": [[[-70.6570062, -33.4385168], [-70.6568773, -33.438505], [-70.6568213, -33.4389844], [-70.6568212, -33.4389942], [-70.656825, -33.4390031], [-70.6568348, -33.4390096], [-70.6568476, -33.4390141], [-70.6571328, -33.4390447], [-70.6571407, -33.4389861], [-70.6571205, -33.43898449999999], [-70.6571385, -33.4388308], [-70.657156, -33.4388322], [-70.6571647, -33.4387575], [-70.6569798, -33.4387424], [-70.6569965, -33.4385994], [-70.657179, -33.4386142], [-70.6571884, -33.4385333], [-70.6570062, -33.4385168]]]}}, {"id": "43", "type": "Feature", "properties": {"building_id": "448519540", "area_m2": 1217.357836911496}, "geometry": {"type": "Polygon", "coordinates": [[[-70.6574716, -33.4380733], [-70.6569847, -33.438014], [-70.6569574, -33.4380158], [-70.6569387, -33.4380261], [-70.6569341, -33.4380463], [-70.6569382, -33.4380665], [-70.6569208, -33.4382091], [-70.6569076, -33.4382081], [-70.6568866, -33.4383807], [-70.657072, -33.4384033], [-70.6570846, -33.4383314], [-70.6571113, -33.4383346], [-70.6571377, -33.4381838], [-70.657178, -33.4381887], [-70.6571816, -33.4381679], [-70.6573431, -33.4381876], [-70.6573466, -33.4381675], [-70.6574529, -33.4381804], [-70.6574633, -33.4381211], [-70.6574716, -33.4380733]]]}}, {"id": "44", "type": "Feature", "properties": {"building_id": "467459138", "area_m2": 1660.2779782406212}, "geometry": {"type": "Polygon", "coordinates": [[[-70.6571841, -33.4408306], [-70.6566667, -33.4407575], [-70.6565471, -33.4407405], [-70.6565375, -33.4407877], [-70.6566113, -33.4407982], [-70.65661, -33.4408051], [-70.6565955, -33.440803], [-70.6565606, -33.4409743], [-70.656575, -33.4409764], [-70.6565731, -33.44098549999999], [-70.6564993, -33.440975], [-70.6564919, -33.4410113], [-70.6565072, -33.4410143], [-70.6566551, -33.4410314], [-70.6567916, -33.4410468], [-70.6569286, -33.4410623], [-70.6569432, -33.4410639], [-70.65713270000002, -33.4410853], [-70.6571841, -33.4408306]]]}}, {"id": "45", "type": "Feature", "properties": {"building_id": "589555231", "area_m2": 692.9335175617533}, "geometry": {"type": "Polygon", "coordinates": [[[-70.6569043, -33.4372866], [-70.6569529, -33.4369322], [-70.6567857, -33.4369162], [-70.6567464, -33.4372027], [-70.6567637, -33.4372043], [-70.6567448, -33.4373427], [-70.6568678, -33.4373485], [-70.6568766, -33.437284], [-70.6569043, -33.4372866]]]}}, {"id": "46", "type": "Feature", "properties": {"building_id": "589555232", "area_m2": 2148.9075094086793}, "geometry": {"type": "Polygon", "coordinates": [[[-70.6560596, -33.4377934], [-70.6561279, -33.4372962], [-70.6559886, -33.4372829], [-70.6559951, -33.4372355], [-70.6558917, -33.4372256], [-70.6556811, -33.4372055], [-70.6556263, -33.437605], [-70.6556741, -33.437609500000015], [-70.6556681, -33.4376533], [-70.6558051, -33.4376664], [-70.6558116, -33.4376191], [-70.6559154, -33.437629], [-70.6559121, -33.4376532], [-70.6558896, -33.4376511], [-70.6558791, -33.4377272], [-70.6559016, -33.4377294], [-70.655895, -33.4377777], [-70.6560596, -33.4377934]]]}}, {"id": "47", "type": "Feature", "properties": {"building_id": "589555235", "area_m2": 756.6880191538602}, "geometry": {"type": "Polygon", "coordinates": [[[-70.6574349, -33.4385411], [-70.6574167, -33.4387108], [-70.6574223, -33.4387112], [-70.6574144, -33.4387849], [-70.6574089, -33.4387844], [-70.6573879, -33.4389807], [-70.65737460000001, -33.4389797], [-70.6573728, -33.4389969], [-70.6572405, -33.438987], [-70.6572421, -33.4389725], [-70.6572329, -33.4389718], [-70.6572536, -33.43877830000001], [-70.6572482, -33.4387779], [-70.6572566, -33.438699], [-70.65726370000002, -33.4386995], [-70.6572744, -33.4385592], [-70.6572947, -33.4385603], [-70.6572984, -33.4385123], [-70.6574067, -33.4385181], [-70.6574051, -33.4385395], [-70.6574349, -33.4385411]]]}}, {"id": "48", "type": "Feature", "properties": {"building_id": "589555238", "area_m2": 2171.97108617639}, "geometry": {"type": "Polygon", "coordinates": [[[-70.6594474, -33.4381033], [-70.6589651, -33.4380501], [-70.6590083, -33.4377048], [-70.6590207, -33.4376066], [-70.6590376, -33.4376083], [-70.6591439, -33.4376193], [-70.6591823, -33.4376233], [-70.6591759, -33.4376667], [-70.6593501, -33.4376846], [-70.6593565, -33.4376413], [-70.6595061, -33.4376567], [-70.6594474, -33.4381033]]]}}, {"id": "49", "type": "Feature", "properties": {"building_id": "589555239", "area_m2": 1692.7902631436148}, "geometry": {"type": "Polygon", "coordinates": [[[-70.6595061, -33.4376567], [-70.6593565, -33.4376413], [-70.6591823, -33.4376233], [-70.6591439, -33.4376193], [-70.659153, -33.4375394], [-70.6591743, -33.4373513], [-70.6591815, -33.4372883], [-70.6591879, -33.4372315], [-70.6592263, -33.4372338], [-70.6592316, -33.4371839], [-70.6595296, -33.4372134], [-70.6595251, -33.4372547], [-70.6595651, -33.4372582], [-70.6595253, -33.4376419], [-70.659508, -33.4376406], [-70.6595061, -33.4376567]]]}}, {"id": "50", "type": "Feature", "properties": {"building_id": "589555244", "area_m2": 1931.9391190793358}, "geometry": {"type": "Polygon", "coordinates": [[[-70.6575626, -33.4397081], [-70.6575248, -33.439706499999986], [-70.6572986, -33.4396969], [-70.6572844, -33.4396963], [-70.657277, -33.4398213], [-70.6572949, -33.4398232], [-70.657286, -33.4398665], [-70.6572261, -33.4401566], [-70.6572163, -33.4402044], [-70.6576382, -33.4402496], [-70.6576476, -33.4401417], [-70.6576687, -33.4399019], [-70.6575413, -33.439891], [-70.6575626, -33.4397081]]]}}, {"id": "51", "type": "Feature", "properties": {"building_id": "589555245", "area_m2": 682.8273631388981}, "geometry": {"type": "Polygon", "coordinates": [[[-70.6579405, -33.4399558], [-70.6579226, -33.4399543], [-70.6579265, -33.4399239], [-70.6577967, -33.4399128], [-70.65778650000001, -33.4399942], [-70.6577734, -33.4399931], [-70.6577664, -33.4400487], [-70.6577828, -33.4400501], [-70.6577772, -33.4400949], [-70.6577713, -33.4400944], [-70.6577684, -33.4401176], [-70.6577586, -33.4401167], [-70.6577552, -33.4401432], [-70.6577443, -33.4401422], [-70.65774270000001, -33.4401554], [-70.6576802, -33.4401499], [-70.6576808, -33.4401446], [-70.6576476, -33.4401417], [-70.6576382, -33.4402496], [-70.6576751, -33.4402483], [-70.6576743, -33.4402617], [-70.6577018, -33.4402641], [-70.6577012, -33.4402691], [-70.6577644, -33.4402746], [-70.657765, -33.4402696], [-70.6578158, -33.4402741], [-70.6578151, -33.440279899999986], [-70.6578484, -33.4402828], [-70.6578491, -33.440277], [-70.6578949, -33.440281], [-70.6579039, -33.4402093], [-70.6579094, -33.4402098], [-70.65791630000001, -33.4401551], [-70.6579108, -33.440154599999985], [-70.6579292, -33.4400078], [-70.6579339, -33.44000829999999], [-70.6579405, -33.4399558]]]}}, {"id": "52", "type": "Feature", "properties": {"building_id": "646144383", "area_m2": 484.24227724236664}, "geometry": {"type": "Polygon", "coordinates": [[[-70.659012, -33.44103839999999], [-70.6589428, -33.4410316], [-70.6587995, -33.4410174], [-70.6587966, -33.441038], [-70.658728, -33.4410312], [-70.658731, -33.4410107], [-70.6586217, -33.4409998], [-70.6586159, -33.4410403], [-70.6586046, -33.4411198], [-70.6589477, -33.4411537], [-70.6589443, -33.4411778], [-70.6589815, -33.4411815], [-70.6589849, -33.4411574], [-70.658995, -33.4411584], [-70.659012, -33.44103839999999]]]}}, {"id": "53", "type": "Feature", "properties": {"building_id": "701978980", "area_m2": 933.9596816725957}, "geometry": {"type": "Polygon", "coordinates": [[[-70.657812, -33.4370486], [-70.6577975, -33.4371386], [-70.6578763, -33.4371474], [-70.6578698, -33.4371879], [-70.6578637, -33.4371872], [-70.657852, -33.4372596], [-70.6578625, -33.4372608], [-70.6578336, -33.4374404], [-70.658033, -33.4374627], [-70.65804450000002, -33.4373912], [-70.658037, -33.4373903], [-70.65806660000001, -33.437206], [-70.6580522, -33.4372044], [-70.6580581, -33.4371678], [-70.6581521, -33.437178300000014], [-70.6581663, -33.4370882], [-70.657812, -33.4370486]]]}}, {"id": "54", "type": "Feature", "properties": {"building_id": "701978981", "area_m2": 926.9650722850814}, "geometry": {"type": "Polygon", "coordinates": [[[-70.6577975, -33.4371386], [-70.657812, -33.4370486], [-70.6574983, -33.4370135], [-70.6574976, -33.4370173], [-70.6574472, -33.4370115], [-70.6574319, -33.4371043], [-70.6575395, -33.4371167], [-70.6575348, -33.43714640000001], [-70.6575181, -33.4371445], [-70.6574887, -33.4373279], [-70.6574734, -33.4373262], [-70.6574621, -33.4373964], [-70.6576498, -33.4374174], [-70.6576602, -33.4373526], [-70.6576802, -33.4373548], [-70.6577164, -33.4371295], [-70.6577975, -33.4371386]]]}}, {"id": "55", "type": "Feature", "properties": {"building_id": "737757784", "area_m2": 1389.1550647581678}, "geometry": {"type": "Polygon", "coordinates": [[[-70.6571833, -33.437416], [-70.65729060000001, -33.4374286], [-70.6572946, -33.437406], [-70.6573377, -33.4371433], [-70.6573465, -33.4371443], [-70.6573546, -33.4370954], [-70.6574319, -33.4371043], [-70.6574472, -33.4370115], [-70.657359, -33.4370014], [-70.6573609, -33.4369898], [-70.6571034, -33.4369627], [-70.6570646, -33.4369883], [-70.6570192, -33.4373209], [-70.6570397, -33.4373233], [-70.657031, -33.4373759], [-70.6570274, -33.4373976], [-70.6571833, -33.437416]]]}}, {"id": "56", "type": "Feature", "properties": {"building_id": "737757785", "area_m2": 1324.075065816618}, "geometry": {"type": "Polygon", "coordinates": [[[-70.6563128, -33.4389513], [-70.656058, -33.4389268], [-70.6560617, -33.4389019], [-70.65607140000002, -33.4388375], [-70.6560766, -33.4388034], [-70.6561315, -33.4384389], [-70.6561336, -33.4384252], [-70.6562674, -33.438438], [-70.6563834, -33.4384491], [-70.6563128, -33.4389513]]]}}, {"id": "57", "type": "Feature", "properties": {"building_id": "827558309", "area_m2": 81.05794150799214}, "geometry": {"type": "Polygon", "coordinates": [[[-70.655973, -33.4417565], [-70.6559656, -33.4418017], [-70.6561249, -33.4418198], [-70.65613970000001, -33.4418106], [-70.6561453, -33.4417761], [-70.655973, -33.4417565]]]}}, {"id": "58", "type": "Feature", "properties": {"building_id": "827558310", "area_m2": 731.307917018126}, "geometry": {"type": "Polygon", "coordinates": [[[-70.6562224, -33.4413609], [-70.6560471, -33.4413475], [-70.6560455, -33.4413575], [-70.6560029, -33.441351], [-70.6559647, -33.4415234], [-70.6560114, -33.4415306], [-70.6560076, -33.4415479], [-70.6559814, -33.4415439], [-70.6559754, -33.4415709], [-70.6560016, -33.441575], [-70.6559979, -33.4415918], [-70.655981, -33.44158920000001], [-70.6559752, -33.4416154], [-70.655933, -33.4416087], [-70.6559291, -33.4416268], [-70.6559171, -33.4416823], [-70.6560273, -33.4416966], [-70.656038, -33.441642899999984], [-70.6561674, -33.441658], [-70.6562325, -33.4413732], [-70.6562224, -33.4413609]]]}}, {"id": "59", "type": "Feature", "properties": {"building_id": "827558311", "area_m2": 409.54486780916983}, "geometry": {"type": "Polygon", "coordinates": [[[-70.6556948, -33.44168650000001], [-70.6556898, -33.4417079], [-70.6556669, -33.4418051], [-70.6556973, -33.4418095], [-70.6556964, -33.441815], [-70.6557302, -33.4418185], [-70.6557579, -33.4418199], [-70.6557776, -33.44182], [-70.6558013, -33.44181720000001], [-70.6558338, -33.4418094], [-70.6558539, -33.4418035], [-70.6558796, -33.4417999], [-70.6558914, -33.4418006], [-70.6559087, -33.4417211], [-70.6558079, -33.4417036], [-70.6558161, -33.44166580000001], [-70.6559171, -33.4416823], [-70.6559291, -33.4416268], [-70.6558945, -33.4416209], [-70.6558968, -33.4416119], [-70.6557847, -33.4415927], [-70.6557825, -33.4416018], [-70.6557173, -33.4415906], [-70.6557162, -33.4415955], [-70.6557039, -33.4416476], [-70.6557657, -33.4416576], [-70.6557574, -33.441696], [-70.6556948, -33.44168650000001]]]}}, {"id": "60", "type": "Feature", "properties": {"building_id": "827558312", "area_m2": 441.7871900297681}, "geometry": {"type": "Polygon", "coordinates": [[[-70.6559632, -33.4415305], [-70.6559647, -33.4415234], [-70.6560029, -33.441351], [-70.6559938, -33.4413501], [-70.6559944, -33.44134539999999], [-70.655879, -33.4413341], [-70.6558783, -33.4413388], [-70.6557727, -33.4413285], [-70.6557723, -33.4413316], [-70.6557557, -33.4414281], [-70.6557481, -33.4414602], [-70.6557354, -33.4415144], [-70.6559632, -33.4415305]]]}}, {"id": "61", "type": "Feature", "properties": {"building_id": "827558313", "area_m2": 313.83993046335604}, "geometry": {"type": "Polygon", "coordinates": [[[-70.6555194, -33.4417811], [-70.6556669, -33.4418051], [-70.6556898, -33.4417079], [-70.6556647, -33.4417037], [-70.6556718, -33.441673299999984], [-70.655697, -33.4416774], [-70.6557039, -33.4416476], [-70.6557162, -33.4415955], [-70.6555683, -33.4415715], [-70.6555518, -33.4416425], [-70.6555487, -33.44165539999999], [-70.6555822, -33.4416609], [-70.6555761, -33.4416868], [-70.6555427, -33.4416814], [-70.6555194, -33.4417811]]]}}, {"id": "62", "type": "Feature", "properties": {"building_id": "827558314", "area_m2": 316.3418727571909}, "geometry": {"type": "Polygon", "coordinates": [[[-70.6556284, -33.4413142], [-70.6555807, -33.4415183], [-70.6557288, -33.4415423], [-70.6557354, -33.4415144], [-70.6557481, -33.4414602], [-70.6557213, -33.4414558], [-70.6557289, -33.4414237], [-70.6557557, -33.4414281], [-70.6557723, -33.4413316], [-70.6556284, -33.4413142]]]}}, {"id": "63", "type": "Feature", "properties": {"building_id": "827558315", "area_m2": 468.33206839945836}, "geometry": {"type": "Polygon", "coordinates": [[[-70.6554814, -33.4412943], [-70.6554611, -33.441383], [-70.655504, -33.4413893], [-70.6554841, -33.4414763], [-70.6554414, -33.4414695], [-70.655407, -33.4416194], [-70.6555518, -33.4416425], [-70.6555683, -33.4415715], [-70.6555807, -33.4415183], [-70.6556284, -33.4413142], [-70.6554814, -33.4412943]]]}}, {"id": "64", "type": "Feature", "properties": {"building_id": "827558316", "area_m2": 169.75705912987672}, "geometry": {"type": "Polygon", "coordinates": [[[-70.65537620000002, -33.4417543], [-70.6555194, -33.4417811], [-70.6555486, -33.4416561], [-70.6554982, -33.44164809999999], [-70.6554936, -33.4416682], [-70.6553993, -33.4416532], [-70.65537620000002, -33.4417543]]]}}, {"id": "65", "type": "Feature", "properties": {"building_id": "827558319", "area_m2": 737.0784101863081}, "geometry": {"type": "Polygon", "coordinates": [[[-70.655798, -33.442025], [-70.6558231, -33.4419263], [-70.6558221, -33.4418916], [-70.6557842, -33.4418936], [-70.6557497, -33.441897], [-70.6557033, -33.4418959], [-70.6556859, -33.44189440000001], [-70.6556661, -33.4418913], [-70.6556314, -33.44190780000001], [-70.6556052, -33.4420234], [-70.6556549, -33.4420313], [-70.6556107, -33.4422266], [-70.6555981, -33.4422243], [-70.655578, -33.44229929999999], [-70.6556135, -33.442344], [-70.6557114, -33.442358], [-70.6557153, -33.4423394], [-70.6557297, -33.4423409], [-70.6557597, -33.4421756], [-70.655798, -33.442025]]]}}, {"id": "66", "type": "Feature", "properties": {"building_id": "827773760", "area_m2": 426.6877720125052}, "geometry": {"type": "Polygon", "coordinates": [[[-70.6566211, -33.441677599999984], [-70.6569333, -33.44170819999999], [-70.6569522, -33.4415739], [-70.6566632, -33.4415481], [-70.6566602, -33.4415691], [-70.6566403, -33.4415672], [-70.6566347, -33.441599], [-70.6566211, -33.441677599999984]]]}}, {"id": "67", "type": "Feature", "properties": {"building_id": "827773761", "area_m2": 664.9111232140858}, "geometry": {"type": "Polygon", "coordinates": [[[-70.656667, -33.4414132], [-70.6566403, -33.4415672], [-70.6566602, -33.4415691], [-70.6566632, -33.4415481], [-70.6569522, -33.4415739], [-70.6570899, -33.4415862], [-70.6571135, -33.4414592], [-70.6571147, -33.4414517], [-70.6570807, -33.441449], [-70.6570817, -33.4414409], [-70.656668, -33.4414052], [-70.656667, -33.4414132]]]}}, {"id": "68", "type": "Feature", "properties": {"building_id": "827773762", "area_m2": 1179.5097071503603}, "geometry": {"type": "Polygon", "coordinates": [[[-70.6563994, -33.4414018], [-70.6563123, -33.4417895], [-70.6563288, -33.44181240000001], [-70.6565932, -33.4418379], [-70.656616, -33.4417068], [-70.6566211, -33.441677599999984], [-70.6565654, -33.4416711], [-70.6565645, -33.441671], [-70.6565825, -33.4415908], [-70.6566347, -33.441599], [-70.6566403, -33.4415672], [-70.656667, -33.4414132], [-70.6564236, -33.4413864], [-70.6563994, -33.4414018]]]}}, {"id": "69", "type": "Feature", "properties": {"building_id": "827773763", "area_m2": 641.6707613107877}, "geometry": {"type": "Polygon", "coordinates": [[[-70.6570357, -33.441878], [-70.6570595, -33.4417503], [-70.6570603, -33.4417457], [-70.656616, -33.4417068], [-70.6565932, -33.4418379], [-70.6566331, -33.4418415], [-70.6566321, -33.4418494], [-70.65675, -33.4418608], [-70.6567512, -33.4418522], [-70.6568154, -33.4418581], [-70.6568143, -33.441867], [-70.6570127, -33.4418861], [-70.657014, -33.4418761], [-70.6570357, -33.441878]]]}}, {"id": "70", "type": "Feature", "properties": {"building_id": "827773769", "area_m2": 178.1533638706319}, "geometry": {"type": "Polygon", "coordinates": [[[-70.6573893, -33.4418082], [-70.6574057, -33.4417144], [-70.6572673, -33.441698899999984], [-70.6572648, -33.4417138], [-70.6572113, -33.4417069], [-70.6571971, -33.4417833], [-70.6573893, -33.4418082]]]}}, {"id": "71", "type": "Feature", "properties": {"building_id": "827773770", "area_m2": 536.3447966296153}, "geometry": {"type": "Polygon", "coordinates": [[[-70.6570747, -33.4417675], [-70.6570774, -33.4417527], [-70.6570595, -33.4417503], [-70.6570357, -33.441878], [-70.6571069, -33.4418841], [-70.6574993, -33.4419324], [-70.6575212, -33.4418253], [-70.6573893, -33.4418082], [-70.6571971, -33.4417833], [-70.6570747, -33.4417675]]]}}, {"id": "72", "type": "Feature", "properties": {"building_id": "827773771", "area_m2": 167.1486747070306}, "geometry": {"type": "Polygon", "coordinates": [[[-70.6570764, -33.4416588], [-70.6570603, -33.4417457], [-70.6570595, -33.4417503], [-70.6570774, -33.4417527], [-70.6570747, -33.4417675], [-70.6571971, -33.4417833], [-70.6572113, -33.4417069], [-70.6572648, -33.4417138], [-70.6572673, -33.441698899999984], [-70.657271, -33.4416774], [-70.6572429, -33.4416743], [-70.6572396, -33.4416922], [-70.6571893, -33.4416857], [-70.6571916, -33.4416737], [-70.6571328, -33.4416661], [-70.6570764, -33.4416588]]]}}, {"id": "73", "type": "Feature", "properties": {"building_id": "827773772", "area_m2": 27.62875957231215}, "geometry": {"type": "Polygon", "coordinates": [[[-70.6570851, -33.4416124], [-70.6570764, -33.4416588], [-70.6571328, -33.4416661], [-70.6571404, -33.44161850000001], [-70.6570851, -33.4416124]]]}}, {"id": "74", "type": "Feature", "properties": {"building_id": "827773773", "area_m2": 147.03873533218396}, "geometry": {"type": "Polygon", "coordinates": [[[-70.6571719, -33.4419776], [-70.6570217, -33.4419591], [-70.6570086, -33.4420544], [-70.6571588, -33.4420693], [-70.6571593, -33.4420655], [-70.6571719, -33.4419776]]]}}, {"id": "75", "type": "Feature", "properties": {"building_id": "827773774", "area_m2": 45.74026469830981}, "geometry": {"type": "Polygon", "coordinates": [[[-70.6572214, -33.44205370000001], [-70.6572312, -33.4419849], [-70.6571719, -33.4419776], [-70.6571593, -33.4420655], [-70.6571727, -33.4420668], [-70.65717530000002, -33.4420491], [-70.6572214, -33.44205370000001]]]}}, {"id": "76", "type": "Feature", "properties": {"building_id": "827773775", "area_m2": 62.33876352976408}, "geometry": {"type": "Polygon", "coordinates": [[[-70.65730950000001, -33.4420625], [-70.6573188, -33.4419958], [-70.6572312, -33.4419849], [-70.6572214, -33.44205370000001], [-70.65730950000001, -33.4420625]]]}}, {"id": "77", "type": "Feature", "properties": {"building_id": "827773781", "area_m2": 761.2791484639714}, "geometry": {"type": "Polygon", "coordinates": [[[-70.6567691, -33.44246780000002], [-70.6569491, -33.4424853], [-70.6569517, -33.4424664], [-70.656956, -33.4424359], [-70.6569489, -33.4424352], [-70.6570153, -33.4419599], [-70.6569481, -33.44195220000001], [-70.6569361, -33.442038], [-70.6569224, -33.4420367], [-70.6569252, -33.4420166], [-70.6568359, -33.442008], [-70.6568215, -33.4421109], [-70.6569036, -33.4421189], [-70.6568839, -33.4422596], [-70.6568918, -33.4422604], [-70.6568896, -33.4422765], [-70.656868, -33.4422744], [-70.6568734, -33.442236], [-70.6568292, -33.4422317], [-70.656828, -33.4422408], [-70.6568012, -33.4422382], [-70.6567873, -33.4423374], [-70.6567691, -33.44246780000002]]]}}, {"id": "78", "type": "Feature", "properties": {"building_id": "827773783", "area_m2": 844.9616753906162}, "geometry": {"type": "Polygon", "coordinates": [[[-70.6565694, -33.4419087], [-70.6565265, -33.4422159], [-70.6567917, -33.4422417], [-70.6568339, -33.4419391], [-70.6565694, -33.4419087]]]}}, {"id": "79", "type": "Feature", "properties": {"building_id": "827773788", "area_m2": 699.3080855949079}, "geometry": {"type": "Polygon", "coordinates": [[[-70.6577331, -33.4416733], [-70.6576903, -33.4416555], [-70.6576816, -33.4416426], [-70.6576661, -33.4416292], [-70.657648, -33.4416183], [-70.65763060000002, -33.4416127], [-70.65761130000001, -33.4415931], [-70.6575612, -33.4415898], [-70.6575505, -33.4416505], [-70.6575563, -33.4416529], [-70.6575212, -33.4418253], [-70.6574993, -33.4419324], [-70.6574924, -33.4419665], [-70.6576931, -33.4419902], [-70.6577331, -33.4416733]]]}}, {"id": "80", "type": "Feature", "properties": {"building_id": "829003291", "area_m2": 2521.0256491671703}, "geometry": {"type": "Polygon", "coordinates": [[[-70.65479510000002, -33.4400602], [-70.6547657, -33.4402163], [-70.6549382, -33.4402405], [-70.6549112, -33.4403614], [-70.6547602, -33.44033790000001], [-70.6547555, -33.4403678], [-70.6547398, -33.4404697], [-70.6548379, -33.4404854], [-70.6547992, -33.4406585], [-70.6547874, -33.4406604], [-70.654778, -33.4406651], [-70.6547686, -33.4406716], [-70.6547626, -33.4406792], [-70.6547064, -33.4406697], [-70.6547271, -33.4405843], [-70.6546766, -33.4405784], [-70.654628, -33.4405743], [-70.6546141, -33.4405722], [-70.6546092, -33.4405947], [-70.6546231, -33.4405968], [-70.6546035, -33.440687], [-70.654595, -33.4406858], [-70.6545916, -33.4407018], [-70.6545203, -33.440691], [-70.654513, -33.4407312], [-70.6545307, -33.440733899999984], [-70.654611, -33.4407461], [-70.6546005, -33.4407945], [-70.6545975, -33.4408083], [-70.6546251, -33.4408108], [-70.6546522, -33.44081389999999], [-70.6546553, -33.4408011], [-70.65479070000002, -33.4408239], [-70.65478950000002, -33.4408294], [-70.6548044, -33.4408317], [-70.6547896, -33.440898], [-70.6547705, -33.4408951], [-70.654763, -33.4409311], [-70.6546284, -33.4409206], [-70.6546082, -33.4410752], [-70.6548323, -33.4410985], [-70.6548692, -33.4410755], [-70.6549347, -33.4407832], [-70.6550774, -33.4401464], [-70.6550718, -33.4401404], [-70.6550814, -33.4401341], [-70.6550754, -33.440088], [-70.6550658, -33.4400943], [-70.655059, -33.440087], [-70.65479510000002, -33.4400602]]]}}, {"id": "81", "type": "Feature", "properties": {"building_id": "829003293", "area_m2": 901.2043009489498}, "geometry": {"type": "Polygon", "coordinates": [[[-70.6558485, -33.44041689999999], [-70.655702, -33.4404014], [-70.6556881, -33.4404093], [-70.6556825, -33.4404459], [-70.6556444, -33.4404416], [-70.6556315, -33.4404496], [-70.6556206, -33.440439], [-70.6555678, -33.440433], [-70.6555103, -33.440708], [-70.6555546, -33.44071659999999], [-70.655787, -33.4407557], [-70.6558485, -33.44041689999999]]]}}, {"id": "82", "type": "Feature", "properties": {"building_id": "829003294", "area_m2": 222.01506029808394}, "geometry": {"type": "Polygon", "coordinates": [[[-70.6563687, -33.4405918], [-70.65635, -33.4406773], [-70.6562404, -33.4406607], [-70.6562262, -33.4407232], [-70.6564305, -33.4407543], [-70.6564629, -33.4406061], [-70.6564243, -33.4406002], [-70.6563687, -33.4405918]]]}}, {"id": "83", "type": "Feature", "properties": {"building_id": "829003295", "area_m2": 488.28860684330675}, "geometry": {"type": "Polygon", "coordinates": [[[-70.6563025, -33.4403858], [-70.6562901, -33.4404406], [-70.6563275, -33.4404465], [-70.6563252, -33.4404568], [-70.6563618, -33.4404626], [-70.6563352, -33.4405867], [-70.6563687, -33.4405918], [-70.6564243, -33.4406002], [-70.6564967, -33.44026859999999], [-70.6564826, -33.4402571], [-70.6563424, -33.4402396], [-70.6563223, -33.4402464], [-70.656321, -33.4402543], [-70.6563266, -33.4402551], [-70.6563216, -33.4402774], [-70.6563269, -33.4402782], [-70.6563025, -33.4403858]]]}}, {"id": "84", "type": "Feature", "properties": {"building_id": "829003296", "area_m2": 195.93480088350316}, "geometry": {"type": "Polygon", "coordinates": [[[-70.6560953, -33.4407523], [-70.65602880000002, -33.441073], [-70.6560163, -33.44113329999998], [-70.6560648, -33.4411403], [-70.6561436, -33.4407599], [-70.6560953, -33.4407523]]]}}, {"id": "85", "type": "Feature", "properties": {"building_id": "829003297", "area_m2": 500.9835480313758}, "geometry": {"type": "Polygon", "coordinates": [[[-70.6557199, -33.4410227], [-70.6556959, -33.44111], [-70.6556888, -33.4411612], [-70.6556793, -33.4411588], [-70.6556766, -33.4411768], [-70.6560008, -33.4412081], [-70.6560163, -33.44113329999998], [-70.65602880000002, -33.441073], [-70.6559833, -33.4410656], [-70.6559878, -33.4410464], [-70.655909, -33.44103350000001], [-70.6559045, -33.4410528], [-70.6557199, -33.4410227]]]}}, {"id": "86", "type": "Feature", "properties": {"building_id": "829003298", "area_m2": 980.2256702799441}, "geometry": {"type": "Polygon", "coordinates": [[[-70.65602880000002, -33.441073], [-70.6560953, -33.4407523], [-70.6558524, -33.440714], [-70.6558424, -33.4407689], [-70.6557859, -33.4407618], [-70.6557716, -33.4408192], [-70.6557317, -33.4409794], [-70.6557199, -33.4410227], [-70.6559045, -33.4410528], [-70.655909, -33.44103350000001], [-70.6559878, -33.4410464], [-70.6559833, -33.4410656], [-70.65602880000002, -33.441073]]]}}, {"id": "87", "type": "Feature", "properties": {"building_id": "829003299", "area_m2": 1118.1280641555118}, "geometry": {"type": "Polygon", "coordinates": [[[-70.6556793, -33.4411588], [-70.6556888, -33.4411612], [-70.6556959, -33.44111], [-70.6557199, -33.4410227], [-70.6557317, -33.4409794], [-70.6556936, -33.440972199999976], [-70.6557373, -33.44081269999999], [-70.6557716, -33.4408192], [-70.6557859, -33.4407618], [-70.655787, -33.4407557], [-70.6555546, -33.44071659999999], [-70.6554761, -33.4410033], [-70.6554346, -33.44099529999998], [-70.6554331, -33.44100130000001], [-70.6553958, -33.4411549], [-70.6556753, -33.4411856], [-70.6556766, -33.4411768], [-70.6556793, -33.4411588]]]}}, {"id": "88", "type": "Feature", "properties": {"building_id": "829003300", "area_m2": 976.2498430105915}, "geometry": {"type": "Polygon", "coordinates": [[[-70.6562319, -33.4403747], [-70.6559547, -33.4403311], [-70.6559498, -33.4403525], [-70.655931, -33.4403498], [-70.6558772, -33.4406468], [-70.6561603, -33.4406914], [-70.6562319, -33.4403747]]]}}, {"id": "89", "type": "Feature", "properties": {"building_id": "829003301", "area_m2": 795.7019656694756}, "geometry": {"type": "Polygon", "coordinates": [[[-70.6558772, -33.4406468], [-70.655931, -33.4403498], [-70.6558625, -33.44034], [-70.6558485, -33.44041689999999], [-70.655787, -33.4407557], [-70.6557859, -33.4407618], [-70.6558424, -33.4407689], [-70.6558524, -33.440714], [-70.6560953, -33.4407523], [-70.6561436, -33.4407599], [-70.6562154, -33.4407712], [-70.6562262, -33.4407232], [-70.6562404, -33.4406607], [-70.6562901, -33.4404406], [-70.6563025, -33.4403858], [-70.6562319, -33.4403747], [-70.6561603, -33.4406914], [-70.6558772, -33.4406468]]]}}, {"id": "90", "type": "Feature", "properties": {"building_id": "829003302", "area_m2": 623.0369356346669}, "geometry": {"type": "Polygon", "coordinates": [[[-70.6558857, -33.4402119], [-70.6558625, -33.44034], [-70.655931, -33.4403498], [-70.6559498, -33.4403525], [-70.6559547, -33.4403311], [-70.6562319, -33.4403747], [-70.6563025, -33.4403858], [-70.6563269, -33.4402782], [-70.6563216, -33.4402774], [-70.6563266, -33.4402551], [-70.656321, -33.4402543], [-70.6563223, -33.4402464], [-70.6562669, -33.44024], [-70.6558971, -33.440197], [-70.6558958, -33.4402048], [-70.6558872, -33.4402038], [-70.6558857, -33.4402119]]]}}, {"id": "91", "type": "Feature", "properties": {"building_id": "829003303", "area_m2": 355.14940017822323}, "geometry": {"type": "Polygon", "coordinates": [[[-70.6557222, -33.4401869], [-70.6557205, -33.4401977], [-70.655691, -33.4403903], [-70.655702, -33.4404014], [-70.6558485, -33.44041689999999], [-70.6558625, -33.44034], [-70.6558857, -33.4402119], [-70.6558105, -33.4402039], [-70.6558116, -33.4401965], [-70.6557222, -33.4401869]]]}}, {"id": "92", "type": "Feature", "properties": {"building_id": "829003304", "area_m2": 804.3224300915858}, "geometry": {"type": "Polygon", "coordinates": [[[-70.6557222, -33.4401869], [-70.6555567, -33.4401693], [-70.655555, -33.44018029999999], [-70.6554243, -33.4401664], [-70.6554076, -33.440276], [-70.6553964, -33.4402749], [-70.6553915, -33.4403072], [-70.6553755, -33.4404115], [-70.6553828, -33.4404123], [-70.6553889, -33.440413], [-70.6555045, -33.4404259], [-70.6555678, -33.440433], [-70.6556206, -33.440439], [-70.6556315, -33.4404496], [-70.6556444, -33.4404416], [-70.6556825, -33.4404459], [-70.6556881, -33.4404093], [-70.655702, -33.4404014], [-70.655691, -33.4403903], [-70.6557205, -33.4401977], [-70.6557222, -33.4401869]]]}}, {"id": "93", "type": "Feature", "properties": {"building_id": "829003305", "area_m2": 270.9913888847032}, "geometry": {"type": "Polygon", "coordinates": [[[-70.6552134, -33.4404675], [-70.655351, -33.4404828], [-70.6553707, -33.4404854], [-70.6553828, -33.4404123], [-70.6553755, -33.4404115], [-70.6553915, -33.4403072], [-70.6552559, -33.4402925], [-70.6552134, -33.4404675]]]}}, {"id": "94", "type": "Feature", "properties": {"building_id": "829003306", "area_m2": 658.52760313434}, "geometry": {"type": "Polygon", "coordinates": [[[-70.6551711, -33.4406419], [-70.6553905, -33.4406846], [-70.6555103, -33.440708], [-70.6555678, -33.440433], [-70.6555045, -33.4404259], [-70.6554749, -33.4405684], [-70.6553376, -33.4405481], [-70.655351, -33.4404828], [-70.6552134, -33.4404675], [-70.6552075, -33.4404922], [-70.6551906, -33.44048939999998], [-70.6551544, -33.4406386], [-70.6551711, -33.4406419]]]}}, {"id": "95", "type": "Feature", "properties": {"building_id": "829003307", "area_m2": 394.72992547767967}, "geometry": {"type": "Polygon", "coordinates": [[[-70.6551307, -33.4408088], [-70.6551711, -33.4406419], [-70.6553905, -33.4406846], [-70.6553834, -33.4407162], [-70.6553973, -33.4407184], [-70.6553862, -33.4407676], [-70.6553723, -33.44076549999998], [-70.6553548, -33.4408433], [-70.655313, -33.4408369], [-70.6551307, -33.4408088]]]}}, {"id": "96", "type": "Feature", "properties": {"building_id": "829003308", "area_m2": 841.7255016343995}, "geometry": {"type": "Polygon", "coordinates": [[[-70.6553958, -33.4411549], [-70.6554331, -33.44100130000001], [-70.6552799, -33.4409815], [-70.655313, -33.4408369], [-70.6551307, -33.4408088], [-70.6550655, -33.4410776], [-70.6551022, -33.4411226], [-70.6553958, -33.4411549]]]}}, {"id": "97", "type": "Feature", "properties": {"building_id": "829003309", "area_m2": 445.61444915473925}, "geometry": {"type": "Polygon", "coordinates": [[[-70.6560921, -33.4412203], [-70.6562478, -33.4412409], [-70.6562801, -33.4412141], [-70.6563246, -33.4410129], [-70.6561435, -33.440985], [-70.6560921, -33.4412203]]]}}, {"id": "98", "type": "Feature", "properties": {"building_id": "831665912", "area_m2": 498.40856477115653}, "geometry": {"type": "Polygon", "coordinates": [[[-70.6555988, -33.4394422], [-70.6556287, -33.4392274], [-70.6554198, -33.4392071], [-70.6554137, -33.4392509], [-70.6554062, -33.4392501], [-70.6553887, -33.439376], [-70.6553962, -33.4393768], [-70.6553901, -33.4394211], [-70.6554022, -33.4394329], [-70.6555839, -33.4394505], [-70.6555988, -33.4394422]]]}}, {"id": "99", "type": "Feature", "properties": {"building_id": "831665913", "area_m2": 467.61093909542717}, "geometry": {"type": "Polygon", "coordinates": [[[-70.6556287, -33.4392274], [-70.6556355, -33.4391783], [-70.6556457, -33.4391793], [-70.6556515, -33.4391376], [-70.6556413, -33.4391366], [-70.6556439, -33.4391181], [-70.6556541, -33.439119], [-70.6556594, -33.4390804], [-70.6556492, -33.4390794], [-70.6556562, -33.439029], [-70.6556414, -33.4390129], [-70.6554799, -33.4389972], [-70.65544570000002, -33.439021], [-70.6554198, -33.4392071], [-70.6556287, -33.4392274]]]}}, {"id": "100", "type": "Feature", "properties": {"building_id": "831665914", "area_m2": 120.90556221726993}, "geometry": {"type": "Polygon", "coordinates": [[[-70.6557878, -33.4391606], [-70.6558002, -33.4390311], [-70.6557309, -33.4390232], [-70.6557171, -33.4390271], [-70.6557086, -33.4390382], [-70.6556971, -33.439151], [-70.6557878, -33.4391606]]]}}, {"id": "101", "type": "Feature", "properties": {"building_id": "831665915", "area_m2": 108.51025385802876}, "geometry": {"type": "Polygon", "coordinates": [[[-70.6556817, -33.4392847], [-70.655775, -33.4392946], [-70.6557783, -33.4392603], [-70.6557454, -33.4392567], [-70.6557548, -33.4391958], [-70.6557841, -33.4391989], [-70.6557878, -33.4391606], [-70.6556971, -33.439151], [-70.6556817, -33.4392847]]]}}, {"id": "102", "type": "Feature", "properties": {"building_id": "831665916", "area_m2": 112.2980133107983}, "geometry": {"type": "Polygon", "coordinates": [[[-70.6557549, -33.4394253], [-70.6557606, -33.4393884], [-70.6557343, -33.4393856], [-70.6557429, -33.43932969999999], [-70.6557692, -33.4393325], [-70.655775, -33.4392946], [-70.6556817, -33.4392847], [-70.6556617, -33.4394153], [-70.6557549, -33.4394253]]]}}, {"id": "103", "type": "Feature", "properties": {"building_id": "831665917", "area_m2": 70.91925815837335}, "geometry": {"type": "Polygon", "coordinates": [[[-70.6557549, -33.4394253], [-70.6556617, -33.4394153], [-70.6556477, -33.4395065], [-70.6556966, -33.439511], [-70.6557001, -33.4394883], [-70.6557214, -33.43949030000001], [-70.6557251, -33.4394625], [-70.65574830000001, -33.4394646], [-70.6557549, -33.4394253]]]}}, {"id": "104", "type": "Feature", "properties": {"building_id": "831665920", "area_m2": 119.10919173035333}, "geometry": {"type": "Polygon", "coordinates": [[[-70.6553747, -33.439564], [-70.6554577, -33.4395717], [-70.6554622, -33.4395721], [-70.6554661, -33.4395427], [-70.6554806, -33.4395441], [-70.6554766, -33.4395735], [-70.6554929, -33.439575], [-70.6555179, -33.43957730000001], [-70.6555288, -33.4394955], [-70.6554753, -33.4394905], [-70.6554757, -33.4394877], [-70.6554047, -33.4394811], [-70.6553841, -33.4394936], [-70.6553747, -33.439564]]]}}, {"id": "105", "type": "Feature", "properties": {"building_id": "831665922", "area_m2": 393.9369337165035}, "geometry": {"type": "Polygon", "coordinates": [[[-70.6556604, -33.4397306], [-70.6556707, -33.4396535], [-70.6556319, -33.4396499], [-70.6556388, -33.4395985], [-70.6555974, -33.439591], [-70.6555956, -33.4396044], [-70.6555541, -33.4396005], [-70.6555567, -33.4395809], [-70.6555179, -33.43957730000001], [-70.6554929, -33.439575], [-70.6554898, -33.4395983], [-70.6554546, -33.439595], [-70.6554577, -33.4395717], [-70.6553747, -33.439564], [-70.6553563, -33.4397024], [-70.6556604, -33.4397306]]]}}, {"id": "106", "type": "Feature", "properties": {"building_id": "831665929", "area_m2": 1043.5643441650857}, "geometry": {"type": "Polygon", "coordinates": [[[-70.6565806, -33.4396081], [-70.6564293, -33.4395927], [-70.6564155, -33.4396907], [-70.6563564, -33.439685], [-70.656361, -33.4396523], [-70.6562899, -33.439645], [-70.656283, -33.4396912], [-70.6559795, -33.4396598], [-70.6559198, -33.4396491], [-70.6557897, -33.4396257], [-70.6557728, -33.4397407], [-70.6565511, -33.4398184], [-70.6565806, -33.4396081]]]}}, {"id": "107", "type": "Feature", "properties": {"building_id": "831665931", "area_m2": 1936.5527296626049}, "geometry": {"type": "Polygon", "coordinates": [[[-70.65652, -33.4401366], [-70.6565539, -33.4398844], [-70.6558494, -33.4398102], [-70.6558361, -33.4399264], [-70.6557791, -33.4399204], [-70.6557585, -33.4400565], [-70.65652, -33.4401366]]]}}, {"id": "108", "type": "Feature", "properties": {"building_id": "831665932", "area_m2": 884.380826552205}, "geometry": {"type": "Polygon", "coordinates": [[[-70.655685, -33.4398022], [-70.6553866, -33.439771], [-70.6553839, -33.4397891], [-70.6553559, -33.4397862], [-70.6553258, -33.4399873], [-70.6553538, -33.4399902], [-70.6553507, -33.4400106], [-70.6556491, -33.4400418], [-70.6556518, -33.4400238], [-70.6556879, -33.4400276], [-70.6557183, -33.43982469999999], [-70.6556822, -33.4398209], [-70.655685, -33.4398022]]]}}, {"id": "109", "type": "Feature", "properties": {"building_id": "831665943", "area_m2": 397.10548886164213}, "geometry": {"type": "Polygon", "coordinates": [[[-70.6549572, -33.4397316], [-70.6549408, -33.439749], [-70.6549125, -33.4399336], [-70.6549404, -33.4399205], [-70.6551091, -33.4399385], [-70.6551146, -33.4399544], [-70.6551434, -33.4397663], [-70.6551265, -33.4397496], [-70.6549572, -33.4397316]]]}}, {"id": "110", "type": "Feature", "properties": {"building_id": "831665944", "area_m2": 48.992170898346544}, "geometry": {"type": "Polygon", "coordinates": [[[-70.6551265, -33.4397496], [-70.6551304, -33.4397245], [-70.6549441, -33.4397047], [-70.6549403, -33.4397298], [-70.6549572, -33.4397316], [-70.6551265, -33.4397496]]]}}, {"id": "111", "type": "Feature", "properties": {"building_id": "831665945", "area_m2": 212.99278930544023}, "geometry": {"type": "Polygon", "coordinates": [[[-70.655159, -33.4397276], [-70.6551715, -33.4396462], [-70.6551518, -33.4396441], [-70.654966, -33.4396243], [-70.6549217, -33.4396196], [-70.6549093, -33.439701], [-70.6549441, -33.4397047], [-70.6551304, -33.4397245], [-70.655159, -33.4397276]]]}}, {"id": "112", "type": "Feature", "properties": {"building_id": "831665946", "area_m2": 52.815579410684904}, "geometry": {"type": "Polygon", "coordinates": [[[-70.6549789, -33.4395981], [-70.6549701, -33.4395972], [-70.654966, -33.4396243], [-70.6551518, -33.4396441], [-70.655156, -33.439617], [-70.6549789, -33.4395981]]]}}, {"id": "113", "type": "Feature", "properties": {"building_id": "831665947", "area_m2": 395.1778682988636}, "geometry": {"type": "Polygon", "coordinates": [[[-70.655, -33.4394127], [-70.654994, -33.4394174], [-70.6549688, -33.4395894], [-70.6549789, -33.4395981], [-70.655156, -33.439617], [-70.655163, -33.4396178], [-70.6551732, -33.43961119999999], [-70.6551983, -33.4394399], [-70.6551908, -33.4394322], [-70.655, -33.4394127]]]}}, {"id": "114", "type": "Feature", "properties": {"building_id": "831665948", "area_m2": 98.44044335313849}, "geometry": {"type": "Polygon", "coordinates": [[[-70.6552386, -33.439395], [-70.6550052, -33.4393734], [-70.655, -33.4394127], [-70.6551908, -33.4394322], [-70.6552331, -33.4394365], [-70.6552386, -33.439395]]]}}, {"id": "115", "type": "Feature", "properties": {"building_id": "831665949", "area_m2": 670.2520304712366}, "geometry": {"type": "Polygon", "coordinates": [[[-70.654895, -33.439205], [-70.6548502, -33.4392008], [-70.6548404, -33.4392747], [-70.6548302, -33.439351], [-70.6548219, -33.4394127], [-70.6548479, -33.4394151], [-70.6548423, -33.4394568], [-70.6548805, -33.4394604], [-70.6548935, -33.4393631], [-70.6550052, -33.4393734], [-70.6552386, -33.439395], [-70.6552597, -33.4392216], [-70.6552517, -33.4392153], [-70.6551118, -33.4392023], [-70.6551034, -33.4392141], [-70.6550967, -33.4392644], [-70.6551009, -33.4392716], [-70.6551126, -33.4392727], [-70.6551084, -33.4393039], [-70.6550805, -33.4393183], [-70.6550045, -33.4393113], [-70.6549845, -33.43932190000001], [-70.6550018, -33.4391921], [-70.654898, -33.4391824], [-70.654895, -33.439205]]]}}, {"id": "116", "type": "Feature", "properties": {"building_id": "1006190188", "area_m2": 1892.4682625315188}, "geometry": {"type": "Polygon", "coordinates": [[[-70.65899, -33.4371614], [-70.6589541, -33.4374936], [-70.6588576, -33.4374842], [-70.6586809, -33.4374671], [-70.6585376, -33.4374532], [-70.6585461, -33.437391], [-70.658466, -33.43738339999999], [-70.6584576, -33.4374455], [-70.6584434, -33.4374441], [-70.6583939, -33.4374393], [-70.6584279, -33.4371359], [-70.6584542, -33.4371176], [-70.6584554, -33.4371051], [-70.65899, -33.4371614]]]}}, {"id": "117", "type": "Feature", "properties": {"building_id": "1149764007", "area_m2": 1480.9535430368894}, "geometry": {"type": "Polygon", "coordinates": [[[-70.6576487, -33.4374871], [-70.6576058, -33.4378064], [-70.6575885, -33.4379338], [-70.6572711, -33.4379041], [-70.6572885, -33.4377753], [-70.6573312, -33.4374573], [-70.6576487, -33.4374871]]]}}, {"id": "118", "type": "Feature", "properties": {"building_id": "1151191768", "area_m2": 40.056435049648755}, "geometry": {"type": "Polygon", "coordinates": [[[-70.65600310000002, -33.438897], [-70.6560617, -33.4389019], [-70.65607140000002, -33.4388375], [-70.6560109, -33.43883240000001], [-70.65600310000002, -33.438897]]]}}, {"id": "119", "type": "Feature", "properties": {"building_id": "1151191769", "area_m2": 254.83845823489958}, "geometry": {"type": "Polygon", "coordinates": [[[-70.6560594, -33.4384328], [-70.6560148, -33.4387982], [-70.6560766, -33.4388034], [-70.6561315, -33.4384389], [-70.6560594, -33.4384328]]]}}, {"id": "120", "type": "Feature", "properties": {"building_id": "1151191770", "area_m2": 129.83921422510736}, "geometry": {"type": "Polygon", "coordinates": [[[-70.6559257, -33.4384303], [-70.6558957, -33.4384277], [-70.6558457, -33.4388371], [-70.6558766, -33.4388398], [-70.6558781, -33.438827], [-70.6559257, -33.4384303]]]}}, {"id": "121", "type": "Feature", "properties": {"building_id": "1151191771", "area_m2": 236.89529460387297}, "geometry": {"type": "Polygon", "coordinates": [[[-70.6558781, -33.438827], [-70.6559333, -33.4388317], [-70.6559832, -33.4384229], [-70.6559272, -33.4384181], [-70.6559257, -33.4384303], [-70.6558781, -33.438827]]]}}, {"id": "122", "type": "Feature", "properties": {"building_id": "1151191773", "area_m2": 145.39987778192685}, "geometry": {"type": "Polygon", "coordinates": [[[-70.655644, -33.4383785], [-70.6555378, -33.4383681], [-70.6555271, -33.4383736], [-70.6555212, -33.4383836], [-70.6555209, -33.4383929], [-70.6555234, -33.4383994], [-70.6555296, -33.4384054], [-70.6555263, -33.438433], [-70.65552, -33.4384324], [-70.65551, -33.4385161], [-70.6555195, -33.4385169], [-70.6555561, -33.43852], [-70.6555609, -33.4384799], [-70.65562170000001, -33.438485], [-70.6556257, -33.4384509], [-70.6556353, -33.4384517], [-70.655644, -33.4383785]]]}}, {"id": "123", "type": "Feature", "properties": {"building_id": "1151191774", "area_m2": 629.2935577128591}, "geometry": {"type": "Polygon", "coordinates": [[[-70.655885, -33.4384014], [-70.655805, -33.4383944], [-70.6557426, -33.4383882], [-70.6557213, -33.4385577], [-70.6557476, -33.43856], [-70.6557435, -33.438592], [-70.6557634, -33.4385938], [-70.6557749, -33.4386104], [-70.6557699, -33.4386499], [-70.6557366, -33.438647], [-70.6557062, -33.4388885], [-70.6558062, -33.4388973], [-70.6558248, -33.4388797], [-70.655885, -33.4384014]]]}}, {"id": "124", "type": "Feature", "properties": {"building_id": "1151191775", "area_m2": 813.175448740529}, "geometry": {"type": "Polygon", "coordinates": [[[-70.6564839, -33.4388675], [-70.6565039, -33.438709], [-70.6565349, -33.4384636], [-70.656449, -33.4384554], [-70.6563834, -33.4384491], [-70.6563128, -33.4389513], [-70.6564703, -33.4389665], [-70.6564724, -33.4389508], [-70.6564839, -33.4388675]]]}}, {"id": "125", "type": "Feature", "properties": {"building_id": "1151191776", "area_m2": 211.6910027177392}, "geometry": {"type": "Polygon", "coordinates": [[[-70.6565351, -33.438712], [-70.6565179, -33.4388365], [-70.6565208, -33.4388368], [-70.6565984, -33.4388442], [-70.6566006, -33.4388284], [-70.6566059, -33.4388289], [-70.6566037, -33.4388447], [-70.6566768, -33.4388517], [-70.6566776, -33.4388455], [-70.6566864, -33.4388463], [-70.6567016, -33.4387359], [-70.6566928, -33.438735], [-70.6566939, -33.438727], [-70.6566842, -33.4387261], [-70.6566241, -33.4387204], [-70.6566208, -33.4387449], [-70.6566039, -33.4387433], [-70.6566072, -33.4387188], [-70.6565351, -33.438712]]]}}, {"id": "126", "type": "Feature", "properties": {"building_id": "1151191780", "area_m2": 263.8169558243662}, "geometry": {"type": "Polygon", "coordinates": [[[-70.656743, -33.438360199999984], [-70.65674770000001, -33.4383174], [-70.6567551, -33.4383179], [-70.6567651, -33.4382262], [-70.6567578, -33.4382257], [-70.6567619, -33.43818849999998], [-70.6567067, -33.43818319999998], [-70.6567071, -33.4382056], [-70.6566845, -33.438205899999986], [-70.6566841, -33.4381811], [-70.6566577, -33.4381786], [-70.6566546, -33.4382067], [-70.6565901, -33.4382017], [-70.6565848, -33.4382493], [-70.6566075, -33.438251], [-70.6566051, -33.4382723], [-70.6565825, -33.4382705], [-70.6565768, -33.4383224], [-70.6566414, -33.4383273], [-70.6566389, -33.4383502], [-70.656743, -33.438360199999984]]]}}, {"id": "127", "type": "Feature", "properties": {"building_id": "1151191781", "area_m2": 225.08689395552858}, "geometry": {"type": "Polygon", "coordinates": [[[-70.65656610000002, -33.4383432], [-70.6565527, -33.4384653], [-70.6567179, -33.4384812], [-70.6567296, -33.43848229999998], [-70.656743, -33.438360199999984], [-70.6566389, -33.4383502], [-70.65656610000002, -33.4383432]]]}}, {"id": "128", "type": "Feature", "properties": {"building_id": "1151191782", "area_m2": 947.9032862908439}, "geometry": {"type": "Polygon", "coordinates": [[[-70.656225, -33.4379525], [-70.6561429, -33.4379447], [-70.6561439, -33.4379371], [-70.6560303, -33.4379262], [-70.6560293, -33.4379338], [-70.6559124, -33.4379226], [-70.6558987, -33.438022], [-70.6559915, -33.4380309], [-70.6559799, -33.4381149], [-70.6559672, -33.4381137], [-70.6559586, -33.4381768], [-70.6559712, -33.438178], [-70.6559578, -33.4382755], [-70.6559476, -33.4382745], [-70.6559341, -33.4383725], [-70.655977, -33.4383766], [-70.6559777, -33.4383714], [-70.6560763, -33.43838079999998], [-70.6560756, -33.4383861], [-70.6561122, -33.4383896], [-70.6561593, -33.438047], [-70.6562113, -33.438052], [-70.656225, -33.4379525]]]}}, {"id": "129", "type": "Feature", "properties": {"building_id": "1151191783", "area_m2": 1106.9964302018677}, "geometry": {"type": "Polygon", "coordinates": [[[-70.6566197, -33.4379808], [-70.6564106, -33.4379608], [-70.6564093, -33.4379702], [-70.6563789, -33.4379673], [-70.65638, -33.4379588], [-70.6562366, -33.437945], [-70.6562354, -33.4379535], [-70.656225, -33.4379525], [-70.6562113, -33.438052], [-70.6563161, -33.438062], [-70.6563155, -33.4380665], [-70.6563265, -33.4380676], [-70.656309, -33.4381946], [-70.6562891, -33.4381927], [-70.6562825, -33.4382412], [-70.6563023, -33.4382431], [-70.6562902, -33.4383312], [-70.656297, -33.4383318], [-70.6562848, -33.438421], [-70.65626990000001, -33.43841949999999], [-70.6562674, -33.438438], [-70.6563834, -33.4384491], [-70.656449, -33.4384554], [-70.6564516, -33.4384367], [-70.6564386, -33.4384355], [-70.6564564, -33.4383065], [-70.6564804, -33.4383088], [-70.65650220000002, -33.4381509], [-70.6564858, -33.4381494], [-70.6564953, -33.4380805], [-70.6564715, -33.4380782], [-70.6564735, -33.4380634], [-70.6566065, -33.4380761], [-70.6566186, -33.4379882], [-70.6566197, -33.4379808]]]}}, {"id": "130", "type": "Feature", "properties": {"building_id": "1151191784", "area_m2": 447.7133860463406}, "geometry": {"type": "Polygon", "coordinates": [[[-70.6553447, -33.4383241], [-70.6551681, -33.4383108], [-70.6551375, -33.4383085], [-70.6551254, -33.4384211], [-70.6550305, -33.4384139], [-70.6550235, -33.4384793], [-70.6551888, -33.4384918], [-70.6553254, -33.4385021], [-70.6553447, -33.4383241]]]}}, {"id": "131", "type": "Feature", "properties": {"building_id": "1151207475", "area_m2": 612.6109331425951}, "geometry": {"type": "Polygon", "coordinates": [[[-70.6554836, -33.4371956], [-70.6554857, -33.437165], [-70.6553389, -33.4371612], [-70.655332, -33.4372593], [-70.6552695, -33.4372525], [-70.65527170000001, -33.4372387], [-70.6552092, -33.4372319], [-70.6552071, -33.4372457], [-70.655162, -33.4372408], [-70.6551504, -33.4373408], [-70.6551483, -33.4373569], [-70.6553247, -33.4373762], [-70.6553181, -33.4374192], [-70.65533480000002, -33.43742], [-70.6554519, -33.4374261], [-70.6554548, -33.4374089], [-70.6554602, -33.4374095], [-70.6554936, -33.4371967], [-70.6554836, -33.4371956]]]}}, {"id": "132", "type": "Feature", "properties": {"building_id": "1151227967", "area_m2": 1143.6832935587595}, "geometry": {"type": "Polygon", "coordinates": [[[-70.6556811, -33.4372055], [-70.6558917, -33.4372256], [-70.6559432, -33.4368506], [-70.6560461, -33.4368604], [-70.656059, -33.4367662], [-70.65574630000002, -33.4367302], [-70.6556811, -33.4372055]]]}}, {"id": "133", "type": "Feature", "properties": {"building_id": "1151227969", "area_m2": 167.23057242971603}, "geometry": {"type": "Polygon", "coordinates": [[[-70.65678910000001, -33.4368468], [-70.6567013, -33.4368385], [-70.6566417, -33.4368327], [-70.65663240000002, -33.4369], [-70.6566779, -33.4369044], [-70.6566723, -33.4369455], [-70.6566834, -33.4369465], [-70.6566755, -33.4370041], [-70.6567326, -33.4370096], [-70.6567378, -33.4369713], [-70.6567461, -33.4369109], [-70.6567799, -33.4369141], [-70.65678910000001, -33.4368468]]]}}, {"id": "134", "type": "Feature", "properties": {"building_id": "1151227970", "area_m2": 782.0899932623408}, "geometry": {"type": "Polygon", "coordinates": [[[-70.6565542, -33.4369119], [-70.6563298, -33.4368912], [-70.6563213, -33.4369553], [-70.656352, -33.4369582], [-70.6563223, -33.4371824], [-70.6563098, -33.4371812], [-70.65629360000001, -33.4373032], [-70.6564848, -33.43732079999999], [-70.656501, -33.4371989], [-70.6564883, -33.4371977], [-70.656518, -33.4369735], [-70.6565457, -33.43697610000001], [-70.6565542, -33.4369119]]]}}, {"id": "135", "type": "Feature", "properties": {"building_id": "1151227971", "area_m2": 647.6151109814826}, "geometry": {"type": "Polygon", "coordinates": [[[-70.6559886, -33.4372829], [-70.6561279, -33.4372962], [-70.6561289, -33.4372886], [-70.6561984, -33.4372953], [-70.6562384, -33.437003300000015], [-70.6560297, -33.43698340000001], [-70.6559951, -33.4372355], [-70.6559886, -33.4372829]]]}}, {"id": "136", "type": "Feature", "properties": {"building_id": "1151227972", "area_m2": 2026.0537807019996}, "geometry": {"type": "Polygon", "coordinates": [[[-70.656559, -33.437399], [-70.6562396, -33.4373685], [-70.656249, -33.4373001], [-70.6561984, -33.4372953], [-70.6561289, -33.4372886], [-70.6561279, -33.4372962], [-70.6560596, -33.4377934], [-70.6562044, -33.4378073], [-70.6562132, -33.43774290000001], [-70.6563111, -33.4377523], [-70.6563021, -33.43781769999998], [-70.656499, -33.4378365], [-70.6565006, -33.4378251], [-70.6565209, -33.4376769], [-70.6565419, -33.4375241], [-70.656559, -33.437399]]]}}, {"id": "137", "type": "Feature", "properties": {"building_id": "1151350033", "area_m2": 252.4234245447449}, "geometry": {"type": "Polygon", "coordinates": [[[-70.6589549, -33.4406591], [-70.6587719, -33.4406404], [-70.6587526, -33.4407722], [-70.6589356, -33.4407909], [-70.6589505, -33.4406892], [-70.6589549, -33.4406591]]]}}, {"id": "138", "type": "Feature", "properties": {"building_id": "1151350034", "area_m2": 120.02506731952926}, "geometry": {"type": "Polygon", "coordinates": [[[-70.6586281, -33.4406709], [-70.6585218, -33.4406601], [-70.658506, -33.440768], [-70.6586123, -33.4407788], [-70.6586281, -33.4406709]]]}}, {"id": "139", "type": "Feature", "properties": {"building_id": "1151350035", "area_m2": 152.65002188151263}, "geometry": {"type": "Polygon", "coordinates": [[[-70.6581762, -33.44086619999999], [-70.6582434, -33.4408725], [-70.6582728, -33.440655], [-70.6582056, -33.4406487], [-70.6581872, -33.4407846], [-70.6581762, -33.44086619999999]]]}}, {"id": "140", "type": "Feature", "properties": {"building_id": "1151350036", "area_m2": 607.1794511964733}, "geometry": {"type": "Polygon", "coordinates": [[[-70.6580417, -33.4404489], [-70.6579915, -33.4408501], [-70.6581762, -33.44086619999999], [-70.6581872, -33.4407846], [-70.6580911, -33.4407763], [-70.6581091, -33.4406319], [-70.6581284, -33.4406336], [-70.6581263, -33.4406509], [-70.6581719, -33.4406549], [-70.6581813, -33.4405795], [-70.6581164, -33.44057389999998], [-70.6581241, -33.4405126], [-70.6582228, -33.4405212], [-70.6582336, -33.4404416], [-70.6580447, -33.4404251], [-70.6580417, -33.4404489]]]}}, {"id": "141", "type": "Feature", "properties": {"building_id": "1151350037", "area_m2": 334.6999711506636}, "geometry": {"type": "Polygon", "coordinates": [[[-70.6584445, -33.4404631], [-70.6582336, -33.4404416], [-70.6582228, -33.4405212], [-70.658213, -33.440594], [-70.6584221, -33.4406154], [-70.6584245, -33.4405993], [-70.6584445, -33.4404631]]]}}, {"id": "142", "type": "Feature", "properties": {"building_id": "1151350038", "area_m2": 300.68290778615665}, "geometry": {"type": "Polygon", "coordinates": [[[-70.6586554, -33.4404847], [-70.6584445, -33.4404631], [-70.6584245, -33.4405993], [-70.6586354, -33.4406209], [-70.6586388, -33.4405982], [-70.6586554, -33.4404847]]]}}, {"id": "143", "type": "Feature", "properties": {"building_id": "1151350039", "area_m2": 639.2212485600309}, "geometry": {"type": "Polygon", "coordinates": [[[-70.6589656, -33.4413172], [-70.658894, -33.4413112], [-70.6588956, -33.4412973], [-70.6588259, -33.4412915], [-70.6588272, -33.4412805], [-70.6587908, -33.4412774], [-70.6587895, -33.4412884], [-70.6587549, -33.4412855], [-70.6587562, -33.441275], [-70.6587238, -33.4412723], [-70.6587225, -33.44128280000001], [-70.6586465, -33.4412764], [-70.6586454, -33.441285], [-70.6585742, -33.441279], [-70.6585662, -33.4413453], [-70.6586134, -33.4413493], [-70.6586091, -33.4413845], [-70.6585619, -33.4413805], [-70.6585519, -33.441464], [-70.6586957, -33.4414761], [-70.6586999, -33.4414411], [-70.6587149, -33.4414423], [-70.6587183, -33.4414137], [-70.6587034, -33.4414125], [-70.6587087, -33.4413683], [-70.6588105, -33.4413769], [-70.6588051, -33.441422], [-70.6587896, -33.4414207], [-70.6587863, -33.4414486], [-70.6588017, -33.4414499], [-70.6587975, -33.4414846], [-70.6589439, -33.4414969], [-70.6589531, -33.4414205], [-70.6589046, -33.4414164], [-70.65890930000002, -33.4413778], [-70.6589578, -33.4413818], [-70.6589636, -33.4413333], [-70.6589656, -33.4413172]]]}}, {"id": "144", "type": "Feature", "properties": {"building_id": "1151350040", "area_m2": 441.09364488710395}, "geometry": {"type": "Polygon", "coordinates": [[[-70.6586046, -33.4411198], [-70.6586159, -33.4410403], [-70.6580923, -33.4409966], [-70.6580811, -33.4410761], [-70.6581903, -33.4410853], [-70.6581894, -33.4410927], [-70.6582311, -33.4410961], [-70.658232, -33.4410887], [-70.6584521, -33.4411071], [-70.6584511, -33.4411151], [-70.6584939, -33.4411186], [-70.6584949, -33.4411106], [-70.6586046, -33.4411198]]]}}, {"id": "145", "type": "Feature", "properties": {"building_id": "1151357469", "area_m2": 529.1801325374178}, "geometry": {"type": "Polygon", "coordinates": [[[-70.6586366, -33.4418633], [-70.6586225, -33.4419924], [-70.6586459, -33.4419942], [-70.6586313, -33.4421278], [-70.6586079, -33.4421261], [-70.6586058, -33.4421454], [-70.6585828, -33.4421436], [-70.6585778, -33.4421916], [-70.6586096, -33.442194], [-70.6586077, -33.4422131], [-70.6587169, -33.4422218], [-70.6587777, -33.4418087], [-70.6587428, -33.4418063], [-70.6586526, -33.4418], [-70.6586294, -33.4417984], [-70.658623, -33.4418623], [-70.6586366, -33.4418633]]]}}, {"id": "146", "type": "Feature", "properties": {"building_id": "1151357474", "area_m2": 687.7485375376942}, "geometry": {"type": "Polygon", "coordinates": [[[-70.658839, -33.4419362], [-70.6588265, -33.4419354], [-70.6588238, -33.44196320000001], [-70.6588609, -33.4419658], [-70.6588588, -33.4419868], [-70.658818, -33.441984], [-70.6588153, -33.4420117], [-70.6588284, -33.4420131], [-70.6588202, -33.4420954], [-70.6589336, -33.4421061], [-70.6590132, -33.4416356], [-70.6587988, -33.4416184], [-70.6587939, -33.4416687], [-70.6587886, -33.44172409999999], [-70.6589024, -33.441732], [-70.6589002, -33.4417542], [-70.6588564, -33.4417512], [-70.6588537, -33.441778], [-70.6588656, -33.4417788], [-70.658839, -33.4419362]]]}}, {"id": "147", "type": "Feature", "properties": {"building_id": "1151357478", "area_m2": 703.2482648037814}, "geometry": {"type": "Polygon", "coordinates": [[[-70.6594101, -33.4422214], [-70.6594264, -33.4422233], [-70.6594613, -33.4420181], [-70.6595796, -33.4420322], [-70.6595641, -33.4419674], [-70.659554, -33.4419662], [-70.6595555, -33.4419572], [-70.65956190000001, -33.4419579], [-70.6595482, -33.4419009], [-70.6595163, -33.4418971], [-70.6595172, -33.4418921], [-70.6593255, -33.4418694], [-70.6593224, -33.4418877], [-70.6593151, -33.4418868], [-70.6592611, -33.4422037], [-70.6592684, -33.4422046], [-70.6594101, -33.4422214]]]}}, {"id": "148", "type": "Feature", "properties": {"building_id": "1151357480", "area_m2": 234.47620364366787}, "geometry": {"type": "Polygon", "coordinates": [[[-70.6584108, -33.4417925], [-70.6584337, -33.4415845], [-70.6583907, -33.4415812], [-70.6583919, -33.4415705], [-70.6583199, -33.441565], [-70.6583187, -33.4415757], [-70.658308, -33.4415749], [-70.6583002, -33.4416536], [-70.6583328, -33.4416561], [-70.6583186, -33.4417854], [-70.6584108, -33.4417925]]]}}, {"id": "149", "type": "Feature", "properties": {"building_id": "1151357490", "area_m2": 253.74089138900214}, "geometry": {"type": "Polygon", "coordinates": [[[-70.65863080000001, -33.441605], [-70.6586321, -33.4415938], [-70.6585621, -33.4415881], [-70.6585611, -33.4415967], [-70.6585144, -33.4415929], [-70.6584936, -33.4418016], [-70.6585406, -33.4418036], [-70.6585427, -33.4417796], [-70.6586252, -33.4417846], [-70.6586277, -33.4417561], [-70.6586322, -33.441704399999985], [-70.6586099, -33.441703], [-70.6586105, -33.4416958], [-70.6586, -33.44169509999998], [-70.6586012, -33.4416808], [-70.6586341, -33.4416828], [-70.6586409, -33.44160560000001], [-70.65863080000001, -33.441605]]]}}, {"id": "150", "type": "Feature", "properties": {"building_id": "1151357491", "area_m2": 131.30310989942342}, "geometry": {"type": "Polygon", "coordinates": [[[-70.65849, -33.4418014], [-70.6584811, -33.4418898], [-70.6584991, -33.4418911], [-70.6584961, -33.441921], [-70.6585653, -33.4419263], [-70.6585796, -33.4419274], [-70.6585823, -33.4418757], [-70.6586078, -33.4418775], [-70.6586138, -33.44181849999999], [-70.6585692, -33.4418155], [-70.6585601, -33.4418045], [-70.6585406, -33.4418036], [-70.6584936, -33.4418016], [-70.65849, -33.4418014]]]}}, {"id": "151", "type": "Feature", "properties": {"building_id": "1151357492", "area_m2": 123.2857899798474}, "geometry": {"type": "Polygon", "coordinates": [[[-70.6583984, -33.4419096], [-70.6584108, -33.4417925], [-70.6583186, -33.4417854], [-70.6583097, -33.4418666], [-70.6582794, -33.4418643], [-70.6582767, -33.4418916], [-70.6583067, -33.4418939], [-70.6583052, -33.4419071], [-70.6583984, -33.4419096]]]}}, {"id": "152", "type": "Feature", "properties": {"building_id": "1151357493", "area_m2": 166.45521139423838}, "geometry": {"type": "Polygon", "coordinates": [[[-70.6583052, -33.4419071], [-70.6583039, -33.4419397], [-70.6582642, -33.4419386], [-70.6582601, -33.4420395], [-70.6582999, -33.4420406], [-70.6583468, -33.4420429], [-70.6583868, -33.4420448], [-70.6583984, -33.4419096], [-70.6583052, -33.4419071]]]}}, {"id": "153", "type": "Feature", "properties": {"building_id": "1151357494", "area_m2": 116.79952830962017}, "geometry": {"type": "Polygon", "coordinates": [[[-70.6585535, -33.442056100000016], [-70.6585653, -33.4419263], [-70.6584961, -33.441921], [-70.658479, -33.4419197], [-70.6584671, -33.4420506], [-70.6585535, -33.442056100000016]]]}}, {"id": "154", "type": "Feature", "properties": {"building_id": "1151357496", "area_m2": 270.2445066703622}, "geometry": {"type": "Polygon", "coordinates": [[[-70.6582914, -33.4417427], [-70.6582215, -33.441738], [-70.6582124, -33.4418302], [-70.6580683, -33.4418204], [-70.6580593, -33.4419119], [-70.658264, -33.4419259], [-70.6582733, -33.4419266], [-70.6582767, -33.4418916], [-70.6582794, -33.4418643], [-70.6582914, -33.4417427]]]}}, {"id": "155", "type": "Feature", "properties": {"building_id": "1151363607", "area_m2": 165.6118992747248}, "geometry": {"type": "Polygon", "coordinates": [[[-70.6575466, -33.4408528], [-70.6575609, -33.4407274], [-70.657434, -33.4407173], [-70.6574197, -33.4408428], [-70.6575038, -33.4408494], [-70.6575466, -33.4408528]]]}}, {"id": "156", "type": "Feature", "properties": {"building_id": "1151363608", "area_m2": 194.73547255305576}, "geometry": {"type": "Polygon", "coordinates": [[[-70.6575777, -33.4405798], [-70.6574509, -33.4405698], [-70.657434, -33.4407173], [-70.6575609, -33.4407274], [-70.6575777, -33.4405798]]]}}, {"id": "157", "type": "Feature", "properties": {"building_id": "1151363609", "area_m2": 110.40055780319199}, "geometry": {"type": "Polygon", "coordinates": [[[-70.6574604, -33.4404861], [-70.6574509, -33.4405698], [-70.6575777, -33.4405798], [-70.6575873, -33.4404962], [-70.6574604, -33.4404861]]]}}, {"id": "158", "type": "Feature", "properties": {"building_id": "1151363610", "area_m2": 205.25207009248967}, "geometry": {"type": "Polygon", "coordinates": [[[-70.6575873, -33.4404962], [-70.6575905, -33.4404681], [-70.6575936, -33.4404408], [-70.6576008, -33.4403779], [-70.657605, -33.4403407], [-70.6574782, -33.4403306], [-70.6574604, -33.4404861], [-70.6575873, -33.4404962]]]}}, {"id": "159", "type": "Feature", "properties": {"building_id": "1151363611", "area_m2": 500.99753400493523}, "geometry": {"type": "Polygon", "coordinates": [[[-70.6577319, -33.4407411], [-70.6578534, -33.44074770000001], [-70.6578856, -33.4404047], [-70.6577605, -33.4403979], [-70.6577579, -33.4404315], [-70.6577391, -33.4404304], [-70.6577302, -33.4405081], [-70.6577499, -33.4405091], [-70.6577473, -33.4405415], [-70.6577266, -33.44054], [-70.657706, -33.4407204], [-70.6577333, -33.4407225], [-70.6577319, -33.4407411]]]}}, {"id": "160", "type": "Feature", "properties": {"building_id": "1151363612", "area_m2": 286.3391673348061}, "geometry": {"type": "Polygon", "coordinates": [[[-70.6578534, -33.44074770000001], [-70.6577319, -33.4407411], [-70.6577114, -33.44074], [-70.657696, -33.440934], [-70.6578228, -33.4409441], [-70.6578217, -33.4409543], [-70.657834, -33.440955], [-70.6578534, -33.44074770000001]]]}}, {"id": "161", "type": "Feature", "properties": {"building_id": "1151363613", "area_m2": 217.8955013673231}, "geometry": {"type": "Polygon", "coordinates": [[[-70.6572618, -33.4405555], [-70.6572465, -33.440684], [-70.6572408, -33.4407322], [-70.6573588, -33.4407423], [-70.6573814, -33.4405673], [-70.6572618, -33.4405555]]]}}, {"id": "162", "type": "Feature", "properties": {"building_id": "1151363614", "area_m2": 281.3045350637874}, "geometry": {"type": "Polygon", "coordinates": [[[-70.657413, -33.4403447], [-70.6573134, -33.4403349], [-70.6573121, -33.4403463], [-70.6572869, -33.4403438], [-70.6572757, -33.4404385], [-70.6572618, -33.4405555], [-70.6573814, -33.4405673], [-70.657413, -33.4403447]]]}}, {"id": "163", "type": "Feature", "properties": {"building_id": "1151363617", "area_m2": 499.37482411264506}, "geometry": {"type": "Polygon", "coordinates": [[[-70.6568823, -33.4413032], [-70.6570963, -33.4413266], [-70.6571333, -33.4413044], [-70.65715160000002, -33.4410872], [-70.65713270000002, -33.4410853], [-70.6569432, -33.4410639], [-70.6569382, -33.4410885], [-70.6570053, -33.44109610000001], [-70.6569904, -33.4411982], [-70.6569043, -33.4411887], [-70.6568823, -33.4413032]]]}}, {"id": "164", "type": "Feature", "properties": {"building_id": "1151363618", "area_m2": 345.8269570174077}, "geometry": {"type": "Polygon", "coordinates": [[[-70.6569286, -33.4410623], [-70.6567916, -33.4410468], [-70.656777, -33.4411367], [-70.6567516, -33.4412861], [-70.6567502, -33.4412932], [-70.6568815, -33.4413073], [-70.6568823, -33.4413032], [-70.6569043, -33.4411887], [-70.6569286, -33.4410623]]]}}, {"id": "165", "type": "Feature", "properties": {"building_id": "1152266905", "area_m2": 170.74740408759726}, "geometry": {"type": "Polygon", "coordinates": [[[-70.6586042, -33.4395818], [-70.6584248, -33.4395641], [-70.6584161, -33.4396259], [-70.6584439, -33.4396286], [-70.6584378, -33.4396714], [-70.6585467, -33.4396821], [-70.6585508, -33.4396532], [-70.6585936, -33.4396574], [-70.6585997, -33.439614], [-70.6586042, -33.4395818]]]}}, {"id": "166", "type": "Feature", "properties": {"building_id": "1152266906", "area_m2": 326.78615693347115}, "geometry": {"type": "Polygon", "coordinates": [[[-70.6587775, -33.4393356], [-70.6586409, -33.4393222], [-70.6586329, -33.4393786], [-70.658653, -33.4393805], [-70.6586502, -33.4394004], [-70.6586301, -33.4393984], [-70.6586143, -33.4395107], [-70.6586461, -33.4395138], [-70.6586444, -33.439526], [-70.6586126, -33.4395229], [-70.6586042, -33.4395818], [-70.6585997, -33.439614], [-70.6586206, -33.4396161], [-70.658617, -33.4396413], [-70.6587071, -33.4396502], [-70.6587129, -33.4396094], [-70.6586583, -33.4396041], [-70.6586616, -33.4395808], [-70.658686, -33.4395832], [-70.6586893, -33.4395601], [-70.6587133, -33.4395625], [-70.6587149, -33.439551], [-70.6587268, -33.43954380000001], [-70.6587297, -33.439523], [-70.6587199, -33.4395148], [-70.6587214, -33.4395043], [-70.6587023, -33.4395024], [-70.6587038, -33.439491699999984], [-70.6586942, -33.4394907], [-70.6587035, -33.4394247], [-70.6587246, -33.4394267], [-70.6587349, -33.4394191], [-70.6587357, -33.4394139], [-70.658766, -33.4394169], [-70.6587775, -33.4393356]]]}}, {"id": "167", "type": "Feature", "properties": {"building_id": "1152266907", "area_m2": 397.4865823530175}, "geometry": {"type": "Polygon", "coordinates": [[[-70.658301, -33.439245], [-70.6581814, -33.4392329], [-70.65815540000001, -33.4392511], [-70.6581256, -33.4395087], [-70.6582177, -33.4395193], [-70.6582569, -33.4395239], [-70.658301, -33.439245]]]}}, {"id": "168", "type": "Feature", "properties": {"building_id": "1152266908", "area_m2": 423.77881349822763}, "geometry": {"type": "Polygon", "coordinates": [[[-70.6584614, -33.4392611], [-70.658301, -33.439245], [-70.6582569, -33.4395239], [-70.6582772, -33.4395262], [-70.6584189, -33.4395426], [-70.6584312, -33.4394607], [-70.6583843, -33.4394558], [-70.65836960000001, -33.4394665], [-70.6583373, -33.43946309999998], [-70.6583544, -33.4394514], [-70.658361, -33.4394081], [-70.6583486, -33.43938829999998], [-70.6583756, -33.4393911], [-70.6583895, -33.43940349999998], [-70.65843910000001, -33.4394087], [-70.6584614, -33.4392611]]]}}, {"id": "169", "type": "Feature", "properties": {"building_id": "1152266909", "area_m2": 357.1055726903521}, "geometry": {"type": "Polygon", "coordinates": [[[-70.6583993, -33.4396718], [-70.6584189, -33.4395426], [-70.6582772, -33.4395262], [-70.6582707, -33.4395702], [-70.6582111, -33.4395641], [-70.6582177, -33.4395193], [-70.6581256, -33.4395087], [-70.6581224, -33.439536], [-70.6581117, -33.4395439], [-70.6581054, -33.4395973], [-70.6581142, -33.4396064], [-70.6581109, -33.4396342], [-70.658224, -33.439649], [-70.6582279, -33.4396225], [-70.6582625, -33.4396261], [-70.6582585, -33.4396534], [-70.6583993, -33.4396718]]]}}, {"id": "170", "type": "Feature", "properties": {"building_id": "1152266910", "area_m2": 380.08699987674044}, "geometry": {"type": "Polygon", "coordinates": [[[-70.6583993, -33.4396718], [-70.658381, -33.4397931], [-70.6581032, -33.4397668], [-70.6580956, -33.439766], [-70.6581109, -33.4396342], [-70.658224, -33.439649], [-70.6582585, -33.4396534], [-70.6583993, -33.4396718]]]}}, {"id": "171", "type": "Feature", "properties": {"building_id": "1152271963", "area_m2": 36.06231887158484}, "geometry": {"type": "Polygon", "coordinates": [[[-70.6570022, -33.4391923], [-70.6570085, -33.4391487], [-70.6569295, -33.4391407], [-70.6569231, -33.4391843], [-70.6570022, -33.4391923]]]}}, {"id": "172", "type": "Feature", "properties": {"building_id": "1152271964", "area_m2": 29.4155494679364}, "geometry": {"type": "Polygon", "coordinates": [[[-70.6568648, -33.4394597], [-70.6568678, -33.4394221], [-70.6567922, -33.439418], [-70.6567893, -33.43945559999999], [-70.6568648, -33.4394597]]]}}, {"id": "173", "type": "Feature", "properties": {"building_id": "1152271968", "area_m2": 1719.0679698654883}, "geometry": {"type": "Polygon", "coordinates": [[[-70.6580022, -33.4395271], [-70.6579721, -33.4395246], [-70.6580034, -33.439260800000014], [-70.65787370000001, -33.43925], [-70.6578496, -33.439453], [-70.6579351, -33.4394601], [-70.6579279, -33.439521], [-70.6576502, -33.439498], [-70.6576812, -33.4392367], [-70.65756, -33.4392267], [-70.6575362, -33.4394277], [-70.6576152, -33.4394342], [-70.657608, -33.4394946], [-70.6573205, -33.4394708], [-70.6573166, -33.4395033], [-70.6573083, -33.439573], [-70.6573234, -33.4395743], [-70.6573189, -33.4396122], [-70.6573088, -33.4396113], [-70.6572986, -33.4396969], [-70.6575248, -33.439706499999986], [-70.6575338, -33.4396311], [-70.6575227, -33.4396302], [-70.65752730000001, -33.4395911], [-70.6577541, -33.4396099], [-70.6577463, -33.4396758], [-70.6579492, -33.4396938], [-70.6579572, -33.4396266], [-70.6579901, -33.4396294], [-70.6580022, -33.4395271]]]}}, {"id": "174", "type": "Feature", "properties": {"building_id": "1152271969", "area_m2": 977.4999444792371}, "geometry": {"type": "Polygon", "coordinates": [[[-70.6579758, -33.4396961], [-70.6579486, -33.4399258], [-70.6579265, -33.4399239], [-70.6577967, -33.4399128], [-70.6576687, -33.4399019], [-70.6575413, -33.439891], [-70.6575626, -33.4397081], [-70.6575683, -33.43966], [-70.6577463, -33.4396758], [-70.6579492, -33.4396938], [-70.6579758, -33.4396961]]]}}, {"id": "175", "type": "Feature", "properties": {"building_id": "1152273233", "area_m2": 2041.7228884848685}, "geometry": {"type": "Polygon", "coordinates": [[[-70.6600377, -33.4382337], [-70.6597744, -33.4382051], [-70.6597838, -33.4381271], [-70.659791, -33.438128], [-70.6598139, -33.437969], [-70.6598165, -33.437956], [-70.6598253, -33.4379395], [-70.6598445, -33.4378975], [-70.6598591, -33.4378984], [-70.6598793, -33.4377744], [-70.6598507, -33.4377718], [-70.6599053, -33.4373507], [-70.6599297, -33.4373529], [-70.6599402, -33.4372714], [-70.6599882, -33.4372757], [-70.6599897, -33.4372639], [-70.6600673, -33.4372709], [-70.6600559, -33.4373593], [-70.6600979, -33.4373631], [-70.6600725, -33.437589], [-70.6600975, -33.437591], [-70.6600747, -33.4377936], [-70.6600457, -33.4377913], [-70.6600318, -33.4379145], [-70.6600459, -33.4379156], [-70.6600504, -33.4379454], [-70.660053, -33.4379725], [-70.660053, -33.4379974], [-70.660032, -33.43815879999998], [-70.6600473, -33.4381602], [-70.6600377, -33.4382337]]]}}, {"id": "176", "type": "Feature", "properties": {"building_id": "1152276023", "area_m2": 216.13139099460537}, "geometry": {"type": "Polygon", "coordinates": [[[-70.6592539, -33.4387476], [-70.659222, -33.4387448], [-70.6591136, -33.4387351], [-70.6591084, -33.4387764], [-70.6591894, -33.4387836], [-70.6591573, -33.4390359], [-70.6592165, -33.4390411], [-70.6592539, -33.4387476]]]}}, {"id": "177", "type": "Feature", "properties": {"building_id": "1152276024", "area_m2": 723.9531231633003}, "geometry": {"type": "Polygon", "coordinates": [[[-70.6592075, -33.4391123], [-70.6591895, -33.4392533], [-70.6593268, -33.43926539999999], [-70.6593912, -33.4387597], [-70.6593342, -33.4387547], [-70.6592539, -33.4387476], [-70.6592165, -33.4390411], [-70.6592075, -33.4391123]]]}}, {"id": "178", "type": "Feature", "properties": {"building_id": "1152276025", "area_m2": 1027.2487453022047}, "geometry": {"type": "Polygon", "coordinates": [[[-70.6589138, -33.4390746], [-70.6588293, -33.4390671], [-70.6588127, -33.4391975], [-70.6591923, -33.4392312], [-70.6592075, -33.4391123], [-70.659151, -33.4391073], [-70.65915240000001, -33.4390958], [-70.6589564, -33.4390784], [-70.6589615, -33.4390384], [-70.6590165, -33.4390433], [-70.6590486, -33.4387908], [-70.6590374, -33.4387898], [-70.6590444, -33.4387349], [-70.6589715, -33.4387284], [-70.6588976, -33.4387218], [-70.6588585, -33.4390293], [-70.6589189, -33.4390346], [-70.6589138, -33.4390746]]]}}, {"id": "179", "type": "Feature", "properties": {"building_id": "1152276026", "area_m2": 763.9923654626966}, "geometry": {"type": "Polygon", "coordinates": [[[-70.6591482, -33.438444199999985], [-70.6592591, -33.4384541], [-70.6592566, -33.4384741], [-70.6592298, -33.4384717], [-70.6592226, -33.43852839999999], [-70.6592142, -33.4385277], [-70.6592096, -33.4385641], [-70.659218, -33.4385648], [-70.6592069, -33.4386523], [-70.659226, -33.438654], [-70.6592208, -33.4386946], [-70.6592284, -33.4386953], [-70.659222, -33.4387448], [-70.6592539, -33.4387476], [-70.6593342, -33.4387547], [-70.6593377, -33.4387274], [-70.6593483, -33.4387284], [-70.6593534, -33.4386886], [-70.6593602, -33.4386892], [-70.6594056, -33.4383325], [-70.6592219, -33.43831620000001], [-70.6592195, -33.4383353], [-70.6591627, -33.4383303], [-70.6591523, -33.4384125], [-70.6591482, -33.438444199999985]]]}}, {"id": "180", "type": "Feature", "properties": {"building_id": "1152276027", "area_m2": 560.1340060821}, "geometry": {"type": "Polygon", "coordinates": [[[-70.6591177, -33.4382986], [-70.6590312, -33.4382909], [-70.659022, -33.438362699999985], [-70.6589905, -33.4383599], [-70.6589919, -33.4383483], [-70.6589318, -33.438343], [-70.6589221, -33.4384191], [-70.6589909, -33.4384252], [-70.6589853, -33.4384698], [-70.6589728, -33.4384687], [-70.6589614, -33.438558], [-70.6589739, -33.4385591], [-70.6589679, -33.4386064], [-70.6588991, -33.4386003], [-70.65889, -33.4386722], [-70.6589459, -33.4386771], [-70.6589474, -33.4386658], [-70.6589791, -33.4386687], [-70.6589715, -33.4387284], [-70.6590444, -33.4387349], [-70.6590595, -33.4387362], [-70.6590675, -33.4386734], [-70.6590569, -33.4386725], [-70.6590663, -33.4385994], [-70.659042, -33.4385973], [-70.659058, -33.4384718], [-70.659099, -33.4384754], [-70.6590977, -33.4384858], [-70.6591424, -33.4384897], [-70.6591482, -33.438444199999985], [-70.6591523, -33.4384125], [-70.6590918, -33.4384071], [-70.6590959, -33.4383744], [-70.6591079, -33.4383755], [-70.6591177, -33.4382986]]]}}, {"id": "181", "type": "Feature", "properties": {"building_id": "1152276028", "area_m2": 1007.7494910637704}, "geometry": {"type": "Polygon", "coordinates": [[[-70.6584085, -33.4389528], [-70.6584695, -33.4389587], [-70.6585054, -33.4387008], [-70.6582988, -33.4386808], [-70.6582629, -33.4389387], [-70.6583194, -33.4389442], [-70.6583117, -33.4389994], [-70.6582258, -33.4389911], [-70.6582068, -33.4391276], [-70.6584881, -33.4391549], [-70.65850420000001, -33.4390396], [-70.6585072, -33.4390179], [-70.6584297, -33.4390104], [-70.6584285, -33.4390185], [-70.6583998, -33.4390157], [-70.6584085, -33.4389528]]]}}, {"id": "182", "type": "Feature", "properties": {"building_id": "1152276029", "area_m2": 195.12880805466585}, "geometry": {"type": "Polygon", "coordinates": [[[-70.6586345, -33.4391769], [-70.6586516, -33.4390539], [-70.65850420000001, -33.4390396], [-70.6584881, -33.4391549], [-70.658487, -33.4391627], [-70.6584982, -33.4391637], [-70.6584973, -33.4391704], [-70.6585357, -33.4391741], [-70.6585366, -33.4391675], [-70.6585835, -33.439172], [-70.6585826, -33.4391787], [-70.6586236, -33.4391826], [-70.6586246, -33.439176], [-70.6586345, -33.4391769]]]}}, {"id": "183", "type": "Feature", "properties": {"building_id": "1152276030", "area_m2": 312.6649798904679}, "geometry": {"type": "Polygon", "coordinates": [[[-70.658697, -33.4387272], [-70.6586862, -33.4387262], [-70.6586881, -33.4387119], [-70.6585595, -33.4386995], [-70.6585575, -33.4387137], [-70.6585496, -33.4387129], [-70.6585381, -33.4387959], [-70.6586067, -33.4388025], [-70.6586029, -33.4388299], [-70.658562, -33.4388259], [-70.6585586, -33.438850399999986], [-70.6585308, -33.4388477], [-70.6585184, -33.4389374], [-70.6586658, -33.4389517], [-70.6586785, -33.4388602], [-70.6586289, -33.4388554], [-70.6586358, -33.4388061], [-70.6586854, -33.4388109], [-70.658697, -33.4387272]]]}}, {"id": "184", "type": "Feature", "properties": {"building_id": "1152276031", "area_m2": 411.65885739427705}, "geometry": {"type": "Polygon", "coordinates": [[[-70.6587846, -33.438735700000024], [-70.658697, -33.4387272], [-70.6586854, -33.4388109], [-70.6586785, -33.4388602], [-70.6586658, -33.4389517], [-70.6586516, -33.4390539], [-70.6586345, -33.4391769], [-70.6587221, -33.4391854], [-70.6587846, -33.438735700000024]]]}}, {"id": "185", "type": "Feature", "properties": {"building_id": "1152281119", "area_m2": 475.27579089161645}, "geometry": {"type": "Polygon", "coordinates": [[[-70.6568866, -33.4383807], [-70.6568716, -33.4385045], [-70.6568773, -33.438505], [-70.6570062, -33.4385168], [-70.6571884, -33.4385333], [-70.6572445, -33.438538399999985], [-70.6572628, -33.4384116], [-70.657072, -33.4384033], [-70.6568866, -33.4383807]]]}}, {"id": "186", "type": "Feature", "properties": {"building_id": "1152281120", "area_m2": 736.625106308349}, "geometry": {"type": "Polygon", "coordinates": [[[-70.6576001, -33.4385339], [-70.6575077, -33.4385243], [-70.6575093, -33.4385136], [-70.6574496, -33.4385075], [-70.6574874, -33.4382916], [-70.6574816, -33.4382909], [-70.6574968, -33.43820419999999], [-70.6575054, -33.4382053], [-70.6575082, -33.4381896], [-70.6574996, -33.43818849999999], [-70.6575104, -33.438126899999986], [-70.6574633, -33.4381211], [-70.6574716, -33.4380733], [-70.6574731, -33.43806459999998], [-70.6575333, -33.438072], [-70.6575354, -33.4380598], [-70.6576607, -33.438075], [-70.6576588, -33.4380859], [-70.6576671, -33.4380869], [-70.6576001, -33.4385339]]]}}, {"id": "187", "type": "Feature", "properties": {"building_id": "1152281121", "area_m2": 751.2633863505547}, "geometry": {"type": "Polygon", "coordinates": [[[-70.6577953, -33.4385827], [-70.6578052, -33.4385153], [-70.6578179, -33.4384293], [-70.6578341, -33.4383192], [-70.657856, -33.4381703], [-70.6578603, -33.4381411], [-70.657838, -33.4381145], [-70.6577088, -33.4380996], [-70.6576411, -33.4385663], [-70.6576523, -33.438567], [-70.6577174, -33.4385742], [-70.6577678, -33.4385797], [-70.6577953, -33.4385827]]]}}, {"id": "188", "type": "Feature", "properties": {"building_id": "1152281122", "area_m2": 930.616191419312}, "geometry": {"type": "Polygon", "coordinates": [[[-70.6576523, -33.438567], [-70.6576476, -33.4386115], [-70.6576417, -33.4386657], [-70.6575974, -33.439077], [-70.6575955, -33.4390949], [-70.657423, -33.4390782], [-70.657484, -33.4385563], [-70.6576411, -33.4385663], [-70.6576523, -33.438567]]]}}, {"id": "189", "type": "Feature", "properties": {"building_id": "1152281123", "area_m2": 766.1066616155658}, "geometry": {"type": "Polygon", "coordinates": [[[-70.6577557, -33.439096], [-70.657755, -33.4391013], [-70.657625, -33.4390857], [-70.6576256, -33.4390804], [-70.6575974, -33.439077], [-70.6576417, -33.4386657], [-70.6576583, -33.4386669], [-70.6576642, -33.4386127], [-70.6576476, -33.4386115], [-70.6576523, -33.438567], [-70.6577174, -33.4385742], [-70.6577139, -33.4386017], [-70.6577645, -33.4386061], [-70.6577678, -33.4385797], [-70.6577953, -33.4385827], [-70.657801, -33.438583399999985], [-70.6577969, -33.4386196], [-70.6578143, -33.4386207], [-70.6578126, -33.4386346], [-70.6578024, -33.4387171], [-70.6577967, -33.4387636], [-70.6577764, -33.4387618], [-70.6577728, -33.4387907], [-70.6577931, -33.4387924], [-70.6577826, -33.4388776], [-70.6577534, -33.4388751], [-70.6577505, -33.4388986], [-70.65777970000002, -33.43890119999999], [-70.6577713, -33.4389693], [-70.6576949, -33.4389628], [-70.6576851, -33.4390421], [-70.6577615, -33.4390486], [-70.6577557, -33.439096]]]}}, {"id": "190", "type": "Feature", "properties": {"building_id": "1152281124", "area_m2": 311.4992405835219}, "geometry": {"type": "Polygon", "coordinates": [[[-70.6580983, -33.4387834], [-70.6581065, -33.43870410000001], [-70.6581136, -33.4387046], [-70.6581185, -33.4386566], [-70.6578126, -33.4386346], [-70.6578024, -33.4387171], [-70.6579937, -33.4387309], [-70.6579891, -33.4387756], [-70.6580983, -33.4387834]]]}}, {"id": "191", "type": "Feature", "properties": {"building_id": "1152281125", "area_m2": 735.0220418758147}, "geometry": {"type": "Polygon", "coordinates": [[[-70.6580977, -33.4388413], [-70.6580621, -33.4391342], [-70.6577663, -33.4391037], [-70.6577672, -33.4390972], [-70.6577557, -33.439096], [-70.6577694, -33.43898509999999], [-70.657832, -33.4389908], [-70.6578324, -33.4389875], [-70.6579258, -33.438996], [-70.6579267, -33.4389887], [-70.6579206, -33.4389881], [-70.6579235, -33.438934199999984], [-70.65793240000002, -33.4389345], [-70.6579425, -33.4388371], [-70.6579638, -33.4388386], [-70.6579704, -33.4387742], [-70.6579891, -33.4387756], [-70.6580983, -33.4387834], [-70.6580924, -33.4388409], [-70.6580977, -33.4388413]]]}}, {"id": "192", "type": "Feature", "properties": {"building_id": "1152284002", "area_m2": 467.3667124527787}, "geometry": {"type": "Polygon", "coordinates": [[[-70.6586324, -33.4377823], [-70.6583487, -33.4377602], [-70.6583732, -33.4375444], [-70.6584277, -33.4375496], [-70.6585059, -33.4375577], [-70.6584985, -33.4376071], [-70.6584673, -33.437603799999984], [-70.6584643, -33.437624], [-70.6584955, -33.4376272], [-70.658492, -33.4376512], [-70.6585585, -33.437658], [-70.6585552, -33.4376798], [-70.6585884, -33.4376832], [-70.6585917, -33.43766149999998], [-70.65865, -33.4376675], [-70.6586324, -33.4377823]]]}}, {"id": "193", "type": "Feature", "properties": {"building_id": "1152284005", "area_m2": 739.7890983405615}, "geometry": {"type": "Polygon", "coordinates": [[[-70.659153, -33.4375394], [-70.6591743, -33.4373513], [-70.6591193, -33.4373469], [-70.6591264, -33.4372839], [-70.6591815, -33.4372883], [-70.6591879, -33.4372315], [-70.6592026, -33.4371019], [-70.6591691, -33.4370987], [-70.6591698, -33.4370933], [-70.6590397, -33.437081], [-70.6590389, -33.4370865], [-70.6589985, -33.4370827], [-70.65899, -33.4371614], [-70.6590145, -33.4371634], [-70.659009, -33.4372116], [-70.6590229, -33.4372127], [-70.6589992, -33.4374219], [-70.6590101, -33.4374227], [-70.6590016, -33.437498199999986], [-70.6590494, -33.43750279999998], [-70.6590462, -33.437531], [-70.659153, -33.4375394]]]}}, {"id": "194", "type": "Feature", "properties": {"building_id": "1152409511", "area_m2": 687.8327869417817}, "geometry": {"type": "Polygon", "coordinates": [[[-70.6596882, -33.4365144], [-70.6596944, -33.4364719], [-70.6596479, -33.4364679], [-70.6595806, -33.436462], [-70.6595761, -33.4364925], [-70.659544, -33.4364892], [-70.6594842, -33.4368999], [-70.6593923, -33.4368908], [-70.6593964, -33.436862], [-70.6593593, -33.4368583], [-70.6593512, -33.4369148], [-70.6594801, -33.43692750000001], [-70.6594698, -33.4369985], [-70.6595761, -33.4370092], [-70.6595811, -33.4369747], [-70.65959, -33.4369756], [-70.6596047, -33.436874899999985], [-70.6595958, -33.436874], [-70.6596056, -33.4368068], [-70.6596156, -33.4368078], [-70.6596307, -33.4367042], [-70.6596206, -33.4367032], [-70.6596303, -33.4366371], [-70.6596409, -33.436638199999976], [-70.6596559, -33.4365349], [-70.6596453, -33.436533899999986], [-70.6596487, -33.43651040000001], [-70.6596882, -33.4365144]]]}}, {"id": "195", "type": "Feature", "properties": {"building_id": "1152489957", "area_m2": 129.95026622606943}, "geometry": {"type": "Polygon", "coordinates": [[[-70.6582171, -33.4375285], [-70.6582184, -33.437514], [-70.6582318, -33.4374046], [-70.6581662, -33.437399], [-70.6581284, -33.4373958], [-70.6581156, -33.43750219999998], [-70.6581144, -33.4375135], [-70.6582171, -33.4375285]]]}}, {"id": "196", "type": "Feature", "properties": {"building_id": "1152489958", "area_m2": 196.02008063264182}, "geometry": {"type": "Polygon", "coordinates": [[[-70.6582028, -33.4376488], [-70.6582171, -33.4375285], [-70.6581144, -33.4375135], [-70.6580692, -33.4375068], [-70.6580508, -33.4376364], [-70.6582028, -33.4376488]]]}}, {"id": "197", "type": "Feature", "properties": {"building_id": "45db6c61-2fc0-4b74-b388-0187115e7dd8", "area_m2": 117.80147691499702}, "geometry": {"type": "Polygon", "coordinates": [[[-70.6592346, -33.4394674], [-70.6592391, -33.4394252], [-70.659288, -33.4394288], [-70.6592653, -33.4396443], [-70.6592031, -33.4396397], [-70.6592138, -33.4395375], [-70.6592351, -33.4395391], [-70.6592426, -33.439468], [-70.6592346, -33.4394674]]]}}, {"id": "198", "type": "Feature", "properties": {"building_id": "b0aae704-5677-4c81-a381-1260e1bdadac", "area_m2": 40.45754205725836}, "geometry": {"type": "Polygon", "coordinates": [[[-70.6585978, -33.4395232], [-70.6585521, -33.4395188], [-70.65856370000002, -33.439434], [-70.6586093, -33.4394383], [-70.6585978, -33.4395232]]]}}, {"id": "199", "type": "Feature", "properties": {"building_id": "07d4370f-ecc7-4784-95d1-9901c9df4652", "area_m2": 31.685970944088456}, "geometry": {"type": "Polygon", "coordinates": [[[-70.6578766, -33.4388132], [-70.6577929, -33.4388059], [-70.6577974, -33.4387696], [-70.657881, -33.4387768], [-70.6578766, -33.4388132]]]}}, {"id": "200", "type": "Feature", "properties": {"building_id": "b8860df4-7767-4792-b578-775d225410da", "area_m2": 508.45875676250853}, "geometry": {"type": "Polygon", "coordinates": [[[-70.6550996, -33.4370373], [-70.6549123, -33.4370217], [-70.6549265, -33.4369021], [-70.6550068, -33.4369088], [-70.6550153, -33.4368377], [-70.6549626, -33.4368333], [-70.6549765, -33.4367154], [-70.6551362, -33.4367287], [-70.6550996, -33.4370373]]]}}, {"id": "201", "type": "Feature", "properties": {"building_id": "9848d722-4f4b-4cea-87a8-1542767904f6", "area_m2": 75.85656865177904}, "geometry": {"type": "Polygon", "coordinates": [[[-70.6550211, -33.4383857], [-70.6550321, -33.438299], [-70.655116, -33.4383065], [-70.655105, -33.4383932], [-70.6550211, -33.4383857]]]}}]}