{"type": "FeatureCollection", "features": [{"id": "0", "type": "Feature", "properties": {"building_id": "3583131", "area_m2": 172.3077475714971}, "geometry": {"type": "Polygon", "coordinates": [[[4.892518, 52.3711385], [4.8925108, 52.3711392], [4.8925084, 52.3711297], [4.8925185, 52.3711287], [4.8925176, 52.371124899999984], [4.8925166, 52.3711239], [4.8921314, 52.371148], [4.8921438, 52.3712095], [4.892252, 52.3712027], [4.892533, 52.3711851], [4.8925316, 52.3711798], [4.8925215, 52.3711808], [4.8925191, 52.3711715], [4.8925263, 52.3711708], [4.892518, 52.3711385]], [[4.8922977, 52.3711784], [4.8922487, 52.3711815], [4.8922451, 52.3711596], [4.892294, 52.371156499999984], [4.8922977, 52.3711784]]]}}, {"id": "1", "type": "Feature", "properties": {"building_id": "3583132", "area_m2": 97.69460025763935}, "geometry": {"type": "Polygon", "coordinates": [[[4.8926258, 52.371556], [4.8923619, 52.3715665], [4.8923676, 52.37162], [4.8926367, 52.3716092], [4.8926258, 52.371556]], [[4.8924576, 52.3716048], [4.8924116, 52.3716066], [4.8924083, 52.3715761], [4.8924544, 52.3715743], [4.8924576, 52.3716048]]]}}, {"id": "2", "type": "Feature", "properties": {"building_id": "3583134", "area_m2": 184.15583000789138}, "geometry": {"type": "Polygon", "coordinates": [[[4.8923594, 52.3717622], [4.8923566, 52.3717203], [4.8920779, 52.3717232], [4.8920796, 52.3717237], [4.8920795, 52.3718141], [4.8923629, 52.3718134], [4.8923594, 52.3717622]], [[4.8922783, 52.3717397], [4.8923395, 52.3717391], [4.8923399, 52.371754], [4.8923234, 52.3717542], [4.8923237, 52.3717644], [4.892295, 52.3717647], [4.8922952, 52.3717712], [4.8922791, 52.3717714], [4.8922783, 52.3717397]]]}}, {"id": "3", "type": "Feature", "properties": {"building_id": "3583323", "area_m2": 221.2685571962378}, "geometry": {"type": "Polygon", "coordinates": [[[4.8948012, 52.3718033], [4.8947925, 52.3717921], [4.8948397, 52.3717782], [4.8948476, 52.37177579999999], [4.8947842, 52.3716901], [4.8947124, 52.371705], [4.8946413, 52.371719], [4.8945715, 52.3717339], [4.8946186, 52.3718101], [4.8946402, 52.3718451], [4.8947417, 52.3718185], [4.8947891, 52.3718791], [4.8948471, 52.3718621], [4.8948126, 52.3718179], [4.8948012, 52.3718033]], [[4.8946839, 52.3718005], [4.8946962, 52.3718176], [4.8946796, 52.3718221], [4.8946673, 52.371805], [4.8946839, 52.3718005]]]}}, {"id": "4", "type": "Feature", "properties": {"building_id": "3583325", "area_m2": 371.15144800118884}, "geometry": {"type": "Polygon", "coordinates": [[[4.8962458, 52.3714738], [4.8962406, 52.3714679], [4.8962122, 52.3714774], [4.8961803, 52.3714418], [4.8961993, 52.37143720000001], [4.896193, 52.3714275], [4.8962549, 52.3714099], [4.8962243, 52.3713626], [4.8961531, 52.3713799], [4.8961306, 52.3713854], [4.8961416, 52.3714023], [4.8960715, 52.3714204], [4.8960075, 52.3714369], [4.895985, 52.3714427], [4.8960107, 52.37148], [4.8958018, 52.3715429], [4.8957862, 52.371550499999984], [4.8958087, 52.3715689], [4.8958247, 52.3715615], [4.8958646, 52.3715942], [4.8959129, 52.3716328], [4.8960805, 52.3715722], [4.8960534, 52.3715439], [4.8961103, 52.3715235], [4.8961178, 52.37153119999998], [4.8961661, 52.3715138], [4.8961857, 52.3715343], [4.8962737, 52.3715027], [4.8962458, 52.3714738]], [[4.8960402, 52.3715054], [4.8961015, 52.3714848], [4.8961221, 52.3715077], [4.8960607, 52.3715283], [4.8960402, 52.3715054]]]}}, {"id": "5", "type": "Feature", "properties": {"building_id": "3583361", "area_m2": 121.05392085448085}, "geometry": {"type": "Polygon", "coordinates": [[[4.8961151, 52.373529099999985], [4.8957347, 52.3736458], [4.8957354, 52.3736465], [4.8957843, 52.3736781], [4.8959208, 52.3736378], [4.895902, 52.3736138], [4.8959535, 52.37359869999999], [4.8959724, 52.3736227], [4.8960913, 52.3735876], [4.896148, 52.3735709], [4.8961151, 52.373529099999985]], [[4.8960526, 52.373565], [4.8960872, 52.3735548], [4.8961038, 52.373576], [4.8960692, 52.3735862], [4.8960526, 52.373565]]]}}, {"id": "6", "type": "Feature", "properties": {"building_id": "3583364", "area_m2": 3428.146476824856}, "geometry": {"type": "Polygon", "coordinates": [[[4.8963416, 52.3741364], [4.8963447, 52.3741345], [4.8963316, 52.374126], [4.8963305, 52.3741266], [4.8962986, 52.3741061], [4.8962997, 52.3741055], [4.8962951, 52.3741026], [4.8962914, 52.3741045], [4.8962843, 52.3741], [4.8962836, 52.3741004], [4.8962451, 52.3740757], [4.8962458, 52.374075199999986], [4.8962372, 52.3740697], [4.8962361, 52.3740703], [4.8962052, 52.3740505], [4.8962063, 52.3740499], [4.8961982, 52.3740447], [4.8961972, 52.3740453], [4.8961587, 52.3740205], [4.8961597, 52.3740199], [4.8961455, 52.3740108], [4.8961445, 52.37401149999999], [4.8961111, 52.37399], [4.8961121, 52.3739893], [4.896101, 52.3739822], [4.8960989, 52.3739834], [4.896067, 52.3739629], [4.8960691, 52.3739617], [4.896061, 52.3739565], [4.8960599, 52.3739571], [4.896023, 52.3739333], [4.896024, 52.3739327], [4.8960099, 52.3739236], [4.8960088, 52.3739242], [4.8959713, 52.3739001], [4.8959724, 52.3738995], [4.8959638, 52.373894], [4.8959627, 52.3738946], [4.8959318, 52.3738748], [4.8959329, 52.3738741], [4.8959147, 52.3738624], [4.8959136, 52.373863], [4.8958862, 52.3738455], [4.8958873, 52.3738448], [4.8958736, 52.373836099999984], [4.8958715, 52.3738373], [4.895868, 52.373835], [4.8958701, 52.3738338], [4.8958453, 52.37381779999998], [4.8958431, 52.3738191], [4.8958396, 52.3738168], [4.8958417, 52.3738156], [4.895827, 52.3738061], [4.895826, 52.3738067], [4.8957885, 52.3737827], [4.8957896, 52.373782], [4.8957781, 52.37377510000001], [4.8957764, 52.3737742], [4.8957658, 52.3737805], [4.8957673, 52.3737814], [4.8957126, 52.37381340000001], [4.8957111, 52.3738124], [4.8956991, 52.3738195], [4.8956951, 52.3738182], [4.8956886, 52.37381709999999], [4.895684, 52.373817], [4.8956796, 52.3738174], [4.8956753, 52.3738183], [4.895644, 52.3738289], [4.8956436, 52.3738285], [4.8956316, 52.3738326], [4.8956323, 52.37383329999999], [4.8955823, 52.3738504], [4.8955816, 52.3738496], [4.8955694, 52.3738538], [4.8955701, 52.3738546], [4.8955201, 52.3738717], [4.8955194, 52.3738709], [4.8955072, 52.373875], [4.8955079, 52.3738758], [4.8954573, 52.3738931], [4.8954565, 52.37389229999999], [4.8954476, 52.3738954], [4.8954467, 52.3738946], [4.8954078, 52.3739077], [4.8954033, 52.3739052], [4.8953755, 52.3739209], [4.8953411, 52.3739259], [4.8953148, 52.3739412], [4.8953057, 52.3739624], [4.8952787, 52.37397820000001], [4.8954064, 52.3740602], [4.8954043, 52.3740614], [4.8954519, 52.3740915], [4.895456, 52.374089], [4.8955823, 52.3741707], [4.8955744, 52.3741753], [4.8955921, 52.37418670000002], [4.8955885, 52.3741889], [4.8957061, 52.3742648], [4.8957097, 52.3742627], [4.8957275, 52.3742742], [4.8957367, 52.3742688], [4.8958685, 52.3743539], [4.8958713, 52.3743523], [4.8959957, 52.3744465], [4.8959978, 52.3744455], [4.8961153, 52.3745262], [4.8963418, 52.3744416], [4.8963473, 52.3744477], [4.8964621, 52.374409], [4.8964576, 52.374404], [4.8966487, 52.3743392], [4.8966506, 52.3743382], [4.896638, 52.374329399999986], [4.8966358, 52.3743306], [4.8965446, 52.37426739999999], [4.8965473, 52.3742659], [4.8965358, 52.3742579], [4.8965329, 52.3742594], [4.896525, 52.3742538], [4.8965278, 52.3742522], [4.8965166, 52.374245], [4.8965135, 52.3742467], [4.8964661, 52.3742161], [4.8964719, 52.3742126], [4.8964598, 52.3742048], [4.8964577, 52.3742061], [4.8964305, 52.37418869999998], [4.8964034, 52.3741713], [4.8964055, 52.3741701], [4.896394, 52.3741626], [4.8963881, 52.374166], [4.8963416, 52.3741364]], [[4.8961907, 52.3743698], [4.8961914, 52.3743683], [4.8961919, 52.3743668], [4.8961922, 52.3743638], [4.8961917, 52.3743607], [4.8961904, 52.3743578], [4.8961869, 52.3743537], [4.8963071, 52.3743145], [4.8963109, 52.3743178], [4.8963161, 52.3743201], [4.8963201, 52.3743212], [4.8963265, 52.3743218], [4.8963308, 52.3743215], [4.896335, 52.3743208], [4.8963613, 52.3743122], [4.8963714, 52.3743237], [4.8962173, 52.374374], [4.8962102, 52.3743658], [4.8961883, 52.374373], [4.8961887, 52.37437259999999], [4.8961907, 52.3743698]]]}}, {"id": "7", "type": "Feature", "properties": {"building_id": "3583365", "area_m2": 885.9516801114379}, "geometry": {"type": "Polygon", "coordinates": [[[4.8960427, 52.3732298], [4.8960052, 52.3731812], [4.8960002, 52.3731829], [4.8959922, 52.3731746], [4.8958865, 52.3732034], [4.8958529, 52.3731625], [4.8957734, 52.3731868], [4.8957576, 52.3731674], [4.8956866, 52.3730823], [4.8954849, 52.3731443], [4.8955334, 52.37320429999998], [4.8954703, 52.3732234], [4.8953946, 52.3732463], [4.8953479, 52.3732605], [4.8951877, 52.3733089], [4.8951932, 52.3733124], [4.8951953, 52.3733111], [4.8952454, 52.3733415], [4.8952433, 52.3733427], [4.8952507, 52.3733472], [4.8952504, 52.3733485], [4.8952551, 52.3733514], [4.8952561, 52.3733507], [4.8953006, 52.37337749999999], [4.8952996, 52.3733782], [4.8953032, 52.37338039999999], [4.8953058, 52.3733815], [4.8953755, 52.37342349999999], [4.8953767, 52.373422699999985], [4.8953763, 52.3734223], [4.8960427, 52.3732298]], [[4.8954754, 52.373238499999985], [4.8955013, 52.3732702], [4.8954307, 52.3732918], [4.8954048, 52.3732601], [4.8954754, 52.373238499999985]], [[4.8954301, 52.3733096], [4.895483, 52.37329349999999], [4.895504, 52.3733195], [4.8954511, 52.3733355], [4.8954301, 52.3733096]]]}}, {"id": "8", "type": "Feature", "properties": {"building_id": "23582490", "area_m2": 4046.274163839889}, "geometry": {"type": "Polygon", "coordinates": [[[4.8936071, 52.3733068], [4.8938562, 52.3734914], [4.8938737, 52.3734826], [4.8940108, 52.37358429999998], [4.8940091, 52.3735852], [4.8940627, 52.3736244], [4.8940587, 52.3736265], [4.8940695, 52.3736344], [4.8940693, 52.3736345], [4.8940692, 52.3736346], [4.894069, 52.3736347], [4.8940689, 52.3736348], [4.8940688, 52.373635], [4.8940687, 52.3736351], [4.8940686, 52.37363519999999], [4.8940686, 52.37363529999999], [4.8940686, 52.3736355], [4.8940685, 52.3736356], [4.8940685, 52.3736357], [4.8940685, 52.37363589999999], [4.8940686, 52.373636], [4.8940686, 52.3736361], [4.8940687, 52.3736363], [4.8940688, 52.3736364], [4.8940689, 52.3736365], [4.894069, 52.3736366], [4.8940692, 52.3736367], [4.8941083, 52.3736654], [4.8941085, 52.37366549999999], [4.8941087, 52.3736656], [4.8941089, 52.3736657], [4.8941091, 52.3736658], [4.8941093, 52.3736658], [4.8941095, 52.3736659], [4.8941097, 52.3736659], [4.89411, 52.373666], [4.8941102, 52.373666], [4.8941104, 52.373666], [4.8941107, 52.373666], [4.8941109, 52.3736659], [4.8941111, 52.373665899999985], [4.8941113, 52.3736659], [4.8941115, 52.3736658], [4.8941117, 52.3736657], [4.8941119, 52.3736657], [4.8941121, 52.3736656], [4.894121, 52.3736721], [4.8941208, 52.3736722], [4.8941207, 52.3736723], [4.8941206, 52.3736724], [4.8941204, 52.3736725], [4.8941203, 52.3736727], [4.8941202, 52.3736728], [4.8941201, 52.3736729], [4.8941201, 52.373673], [4.8941201, 52.3736732], [4.89412, 52.3736733], [4.89412, 52.3736734], [4.8941201, 52.3736736], [4.8941201, 52.3736737], [4.8941201, 52.3736738], [4.8941202, 52.373674], [4.8941203, 52.3736741], [4.8941204, 52.3736742], [4.8941205, 52.3736743], [4.8941207, 52.3736744], [4.8941598, 52.3737031], [4.89416, 52.3737032], [4.8941601, 52.37370329999999], [4.8941603, 52.37370339999999], [4.8941605, 52.3737035], [4.8941607, 52.3737035], [4.8941609, 52.373703599999985], [4.8941611, 52.373703599999985], [4.8941613, 52.3737036], [4.8941615, 52.3737037], [4.8941617, 52.3737037], [4.894162, 52.3737037], [4.8941622, 52.3737037], [4.8941624, 52.3737037], [4.8941626, 52.373703599999985], [4.8941628, 52.3737036], [4.894163, 52.3737035], [4.8941632, 52.3737035], [4.8941634, 52.3737034], [4.8941636, 52.3737033], [4.8941725, 52.3737099], [4.8941724, 52.3737099], [4.8941722, 52.37371], [4.8941721, 52.3737102], [4.8941719, 52.3737103], [4.8941718, 52.3737104], [4.8941717, 52.3737105], [4.8941717, 52.37371060000001], [4.8941716, 52.3737108], [4.8941716, 52.3737109], [4.8941716, 52.373711], [4.8941716, 52.3737112], [4.8941716, 52.37371129999999], [4.8941716, 52.3737114], [4.8941717, 52.3737116], [4.8941717, 52.3737117], [4.8941718, 52.3737118], [4.8941719, 52.3737119], [4.8941721, 52.373712], [4.8941722, 52.3737121], [4.8942114, 52.3737408], [4.8942115, 52.3737409], [4.8942117, 52.373741], [4.8942119, 52.3737411], [4.8942121, 52.3737412], [4.8942123, 52.3737413], [4.8942125, 52.3737413], [4.8942128, 52.3737414], [4.894213, 52.373741399999986], [4.8942133, 52.3737414], [4.8942135, 52.3737414], [4.8942137, 52.3737414], [4.8942139, 52.3737414], [4.8942141, 52.3737413], [4.8942143, 52.3737413], [4.8942145, 52.3737412], [4.8942147, 52.3737412], [4.8942149, 52.3737411], [4.8942151, 52.373741], [4.8942259, 52.3737489], [4.8942299, 52.3737469], [4.8942835, 52.373786], [4.8942853, 52.3737851], [4.8944236, 52.373886], [4.8944067, 52.3738947], [4.8944694, 52.373941], [4.894656, 52.3740784], [4.8946581, 52.3740774], [4.8949415, 52.3739351], [4.8949398, 52.3739339], [4.8949462, 52.3739307], [4.8949452, 52.3739299], [4.8950459, 52.37387919999998], [4.8950967, 52.3738536], [4.8947106, 52.3736034], [4.8946013, 52.3735259], [4.8946266, 52.3735136], [4.8941706, 52.3731725], [4.8940956, 52.37321019999999], [4.8940297, 52.3732432], [4.8939134, 52.3731562], [4.8939104, 52.3731538], [4.8936071, 52.3733068]]]}}, {"id": "9", "type": "Feature", "properties": {"building_id": "57858502", "area_m2": 6620.592744340144}, "geometry": {"type": "Polygon", "coordinates": [[[4.8969419, 52.3751535], [4.896685, 52.374997], [4.8964312, 52.37484469999998], [4.8964329, 52.3748364], [4.8964249, 52.3748301], [4.8964119, 52.3748291], [4.8964081, 52.3748309], [4.8961673, 52.3746871], [4.8961347, 52.3747022], [4.8959553, 52.3745618], [4.8959099, 52.3745355], [4.89581, 52.3744799], [4.8958106, 52.3744791], [4.8958106, 52.3744786], [4.8958099, 52.3744778], [4.8958086, 52.3744774], [4.8958066, 52.3744777], [4.8957545, 52.3744361], [4.8956254, 52.3744971], [4.895624, 52.37449669999999], [4.8956225, 52.3744969], [4.8956217, 52.374497699999985], [4.895622, 52.37449860000001], [4.8954861, 52.3745624], [4.8954849, 52.374562], [4.8954829, 52.3745623], [4.8954821, 52.374563], [4.8954822, 52.3745642], [4.8953296, 52.3746366], [4.8954606, 52.374742], [4.8954599, 52.37474310000001], [4.8954605, 52.374744], [4.8954618, 52.3747445], [4.8954639, 52.3747442], [4.8954945, 52.374769], [4.8954936, 52.3747699], [4.8954937, 52.3747709], [4.8954941, 52.3747713], [4.8954954, 52.3747718], [4.8954976, 52.3747715], [4.8955642, 52.3748288], [4.8955633, 52.3748295], [4.8955635, 52.3748308], [4.8955652, 52.3748315], [4.8955666, 52.3748315], [4.8955672, 52.3748312], [4.8956317, 52.3748832], [4.8956309, 52.374884], [4.8956308, 52.3748845], [4.8956314, 52.3748853], [4.8956334, 52.3748859], [4.8956348, 52.3748856], [4.8956995, 52.3749378], [4.8956987, 52.3749385], [4.8956988, 52.3749395], [4.8956992, 52.3749399], [4.8957005, 52.3749404], [4.8957027, 52.37494010000001], [4.8957669, 52.3749919], [4.895766, 52.374993], [4.8957664, 52.3749938], [4.8957681, 52.3749945], [4.8957701, 52.37499419999999], [4.8958338, 52.3750466], [4.8958329, 52.3750473], [4.8958331, 52.3750486], [4.8958348, 52.3750493], [4.8958362, 52.375049299999986], [4.8958368, 52.375049], [4.8958977, 52.375099], [4.8958969, 52.3750998], [4.8958968, 52.3751003], [4.8958974, 52.3751011], [4.8958994, 52.3751017], [4.8959009, 52.3751014], [4.8959315, 52.37512619999998], [4.8959307, 52.375127], [4.8959308, 52.3751279], [4.8959312, 52.3751283], [4.8959333, 52.3751289], [4.8959347, 52.37512859999999], [4.8961046, 52.375265], [4.8961041, 52.3752654], [4.8961038, 52.3752663], [4.8961044, 52.3752671], [4.8961064, 52.3752677], [4.8961078, 52.3752674], [4.8961726, 52.3753196], [4.8961718, 52.3753209], [4.8961723, 52.375321699999986], [4.8961743, 52.375322299999986], [4.8961758, 52.375322], [4.8962397, 52.3753737], [4.8962389, 52.3753749], [4.8962395, 52.3753758], [4.8962407, 52.375376299999985], [4.8962422, 52.3753763], [4.8962429, 52.375376], [4.8963073, 52.375428], [4.8963065, 52.3754287], [4.8963064, 52.3754292], [4.896307, 52.37543010000001], [4.8963083, 52.3754306], [4.8963105, 52.3754303], [4.8963843, 52.37548970000002], [4.8963835, 52.3754905], [4.8963836, 52.3754915], [4.896384, 52.3754919], [4.8963853, 52.3754924], [4.8963875, 52.3754921], [4.8964466, 52.3755397], [4.8964461, 52.3755401], [4.8964458, 52.375541], [4.8964464, 52.3755418], [4.8964484, 52.3755424], [4.8964498, 52.375542], [4.8964801, 52.375567], [4.8964795, 52.375568], [4.8964801, 52.37556889999998], [4.8964813, 52.3755694], [4.8964835, 52.3755691], [4.8965901, 52.3756539], [4.8967372, 52.3755877], [4.8967389, 52.3755885], [4.8967409, 52.37558819999999], [4.8967418, 52.3755875], [4.8967419, 52.375587], [4.8967413, 52.3755858], [4.8967996, 52.3755586], [4.8967988, 52.3755579], [4.8968105, 52.3755524], [4.8968114, 52.3755531], [4.8968706, 52.3755254], [4.8968727, 52.3755261], [4.8968743, 52.3755258], [4.8968754, 52.3755251], [4.8968757, 52.3755242], [4.8969599, 52.3754839], [4.8969625, 52.3754824], [4.8969637, 52.375483], [4.8969659, 52.3754829], [4.8969672, 52.3754818], [4.8969672, 52.37548129999998], [4.8969666, 52.3754805], [4.8970292, 52.37545129999999], [4.8970314, 52.3754519], [4.8970329, 52.3754516], [4.8970339, 52.3754509], [4.8970341, 52.3754499], [4.8971892, 52.3753782], [4.8971908, 52.3753797], [4.8972085, 52.3753825], [4.8972238, 52.375376], [4.8972252, 52.3753649], [4.8971513, 52.3752996], [4.8971521, 52.3752985], [4.8971516, 52.3752977], [4.8971505, 52.3752972], [4.8971486, 52.3752974], [4.8970565, 52.3752238], [4.8969835, 52.3751783], [4.8969939, 52.37517179999998], [4.8969523, 52.375147], [4.8969419, 52.3751535]]]}}, {"id": "10", "type": "Feature", "properties": {"building_id": "57859598", "area_m2": 2621.282821320568}, "geometry": {"type": "Polygon", "coordinates": [[[4.8942154, 52.3711058], [4.8942141, 52.3709229], [4.8942719, 52.3709204], [4.8942722, 52.3709077], [4.8943334, 52.3708886], [4.8943376, 52.3708428], [4.8943389, 52.3707905], [4.8942252, 52.3707935], [4.8938134, 52.3708081], [4.8936303, 52.3708141], [4.893592, 52.3709638], [4.8935849, 52.3710158], [4.8935833, 52.3710157], [4.8935628, 52.37117079999999], [4.893564, 52.3711708], [4.8935637, 52.3711731], [4.8936784, 52.371177], [4.8936791, 52.3711799], [4.8936806, 52.3711827], [4.893683, 52.3711853], [4.8936861, 52.3711875], [4.8936899, 52.3711894], [4.8936941, 52.3711908], [4.8936987, 52.3711917], [4.8937035, 52.37119209999999], [4.8937083, 52.3711919], [4.8937152, 52.3711906], [4.8937213, 52.3711882], [4.893726, 52.37118490000001], [4.8937283, 52.3711823], [4.8937291, 52.3711809], [4.8937297, 52.3711795], [4.8937303, 52.3711766], [4.89373, 52.371173599999985], [4.8937295, 52.3711722], [4.8937267, 52.3711681], [4.893835, 52.3711643], [4.8938695, 52.3711752], [4.8938794, 52.3711634], [4.8938917, 52.3711641], [4.893965, 52.3713317], [4.8947815, 52.3711922], [4.8947323, 52.3711358], [4.8945837, 52.3711613], [4.8945705, 52.371126899999986], [4.8945559, 52.3710763], [4.8945142, 52.3710888], [4.8945166, 52.3711035], [4.894228, 52.3711441], [4.8942154, 52.3711058]]]}}, {"id": "11", "type": "Feature", "properties": {"building_id": "168680283", "area_m2": 994.2161512518546}, "geometry": {"type": "Polygon", "coordinates": [[[4.8927338, 52.3725361], [4.8927324, 52.3725155], [4.8927363, 52.3725154], [4.8927359, 52.372509], [4.8927321, 52.372509], [4.8927304, 52.3724841], [4.8927342, 52.372484], [4.8927339, 52.3724775], [4.89273, 52.3724776], [4.8927292, 52.3724642], [4.8927266, 52.3724423], [4.8927291, 52.3724374], [4.8927279, 52.3724267], [4.8927206, 52.372427], [4.892719, 52.3724129], [4.8927263, 52.3724126], [4.892722, 52.3723736], [4.8926265, 52.3723777], [4.8925457, 52.3723888], [4.8925245, 52.3723925], [4.8925068, 52.372397], [4.8925036, 52.37239779999999], [4.8924919, 52.3724016], [4.8924805, 52.372406], [4.8924696, 52.3724108], [4.8924593, 52.3724161], [4.892445, 52.3724248], [4.8924323, 52.3724343], [4.8924248, 52.3724412], [4.892418, 52.3724483], [4.8924121, 52.37245570000001], [4.8924095, 52.3724595], [4.8924028, 52.3724712], [4.892401, 52.372475299999984], [4.8923981, 52.3724836], [4.8923905, 52.37251], [4.8923453, 52.372511799999984], [4.8920934, 52.3725243], [4.8921093, 52.3726596], [4.8921131, 52.3726594], [4.8921145, 52.3726718], [4.892135, 52.3726709], [4.8921352, 52.3726733], [4.8921508, 52.3726726], [4.8921506, 52.37267030000001], [4.892189, 52.3726686], [4.8921892, 52.3726709], [4.8921998, 52.3726705], [4.8921995, 52.3726681], [4.8922391, 52.3726664], [4.8922394, 52.37266870000001], [4.8922491, 52.3726683], [4.8922488, 52.372666], [4.892288, 52.3726643], [4.8922883, 52.3726666], [4.8922988, 52.3726662], [4.8922985, 52.3726638], [4.8923364, 52.3726622], [4.8923367, 52.3726645], [4.8923409, 52.3726643], [4.8923413, 52.37266659999999], [4.8923569, 52.3726659], [4.8923567, 52.37266409999999], [4.8923881, 52.3726627], [4.8923883, 52.3726645], [4.8924732, 52.3726608], [4.892473, 52.3726591], [4.8925044, 52.3726577], [4.8925046, 52.3726595], [4.8925201, 52.3726588], [4.8925199, 52.3726566], [4.8925251, 52.3726563], [4.8925248, 52.372654], [4.892564, 52.3726523], [4.8925643, 52.3726546], [4.892574, 52.3726542], [4.8925737, 52.3726519], [4.8926126, 52.3726502], [4.8926129, 52.3726525], [4.8926233, 52.3726521], [4.892623, 52.3726497], [4.8926623, 52.372648], [4.8926626, 52.3726504], [4.8926721, 52.3726499], [4.8926719, 52.3726476], [4.8926908, 52.372646799999984], [4.892711, 52.3726459], [4.8927112, 52.372648199999986], [4.8927257, 52.3726476], [4.8927254, 52.3726453], [4.8927456, 52.3726444], [4.8927444, 52.3726317], [4.8927482, 52.3726316], [4.8927472, 52.3726221], [4.8927433, 52.3726223], [4.892742, 52.3726099], [4.8927458, 52.3726098], [4.892745, 52.372603], [4.8927412, 52.372603199999986], [4.8927385, 52.3725784], [4.8927423, 52.3725783], [4.8927416, 52.3725717], [4.8927378, 52.3725719], [4.892735, 52.372547], [4.8927388, 52.3725468], [4.8927381, 52.3725403], [4.8927343, 52.3725405], [4.8927338, 52.3725361]]]}}, {"id": "12", "type": "Feature", "properties": {"building_id": "220749328", "area_m2": 3985.647091431448}, "geometry": {"type": "Polygon", "coordinates": [[[4.8910474, 52.3738656], [4.8910534, 52.37386690000001], [4.89105, 52.3738732], [4.8910518, 52.3738761], [4.8910483, 52.3738824], [4.8910577, 52.3738843], [4.891071, 52.373887], [4.8910744, 52.3738806], [4.8911041, 52.3738865], [4.8911175, 52.37389909999999], [4.8911334, 52.37389529999999], [4.8911147, 52.3739302], [4.8910901, 52.3739253], [4.8910852, 52.3739344], [4.8910843, 52.3739361], [4.891109, 52.373941], [4.891096, 52.3739565], [4.891127, 52.373945099999986], [4.8912816, 52.3739799], [4.8913875, 52.3740037], [4.8913434, 52.3740768], [4.8914619, 52.3741034], [4.8915212, 52.3741167], [4.8914896, 52.3741694], [4.8914885, 52.3741714], [4.8915547, 52.37418490000001], [4.8915632, 52.3741774], [4.8915688, 52.3741672], [4.8916337, 52.3741803], [4.8916281, 52.3741908], [4.8916285, 52.3741999], [4.8916963, 52.3742126], [4.891697, 52.3742112], [4.8917199, 52.3742123], [4.8917219, 52.3742119], [4.8920774, 52.37422990000001], [4.8920671, 52.3742225], [4.8920765, 52.3742175], [4.8920956, 52.37423109999999], [4.8921142, 52.3742263], [4.8921498, 52.3742272], [4.8921599, 52.374234], [4.8921693, 52.37422879999998], [4.8921592, 52.374222], [4.8921635, 52.3742004], [4.8921652, 52.3742005], [4.8921672, 52.37419029999999], [4.8921714, 52.3741906], [4.8921715, 52.3741898], [4.8922031, 52.3741853], [4.8922128, 52.3741935], [4.8922226, 52.3741903], [4.8922263, 52.3741946], [4.892312, 52.3741667], [4.8923083, 52.3741624], [4.8923186, 52.3741591], [4.8923138, 52.3741505], [4.8923277, 52.3741425], [4.8923412, 52.3741346], [4.8923553, 52.3741385], [4.8923602, 52.3741339], [4.8923661, 52.3741362], [4.8924191, 52.37408580000001], [4.8924132, 52.3740835], [4.8924178, 52.3740792], [4.8924063, 52.3740722], [4.8924177, 52.3740494], [4.8924343, 52.3740488], [4.8924346, 52.3740435], [4.8924412, 52.3740437], [4.8924446, 52.3739841], [4.892443, 52.3739839], [4.8924447, 52.3739543], [4.8924399, 52.3739402], [4.8924414, 52.3739399], [4.8923466, 52.3739207], [4.8923698, 52.37387779999999], [4.8923579, 52.3738754], [4.892354, 52.3738826], [4.8922744, 52.3738665], [4.8922783, 52.3738592], [4.8922665, 52.3738568], [4.8922626, 52.3738641], [4.8921655, 52.3738444], [4.8921821, 52.3738139], [4.8921939, 52.3738163], [4.8921978, 52.373809], [4.892186, 52.3738066], [4.8921899, 52.3737994], [4.8921781, 52.373797], [4.8921741, 52.3738042], [4.8921039, 52.37379], [4.8921078, 52.3737828], [4.8920959, 52.3737804], [4.892092, 52.3737876], [4.8920218, 52.3737734], [4.8920257, 52.3737661], [4.8920138, 52.3737637], [4.8920099, 52.373771], [4.8919389, 52.3737566], [4.8919627, 52.3737125], [4.8919746, 52.3737149], [4.8919785, 52.3737077], [4.8919667, 52.3737053], [4.8919723, 52.3736948], [4.8919511, 52.3736903], [4.8919528, 52.3736872], [4.8919026, 52.3736766], [4.8919112, 52.3736614], [4.8919165, 52.3736625], [4.8919183, 52.3736593], [4.891913, 52.3736582], [4.8919148, 52.373655], [4.8919096, 52.3736538], [4.8919078, 52.373657], [4.8918486, 52.3736446], [4.8918504, 52.3736413], [4.8918452, 52.37364010000001], [4.8918433, 52.3736435], [4.891838, 52.3736423], [4.8918362, 52.3736456], [4.8918415, 52.3736467], [4.8918329, 52.3736619], [4.8917815, 52.373651], [4.8917828, 52.3736488], [4.891768, 52.3736457], [4.8917598, 52.37366029999998], [4.8917377, 52.3736557], [4.8917363, 52.373658], [4.891733, 52.3736641], [4.8917487, 52.3736674], [4.8917292, 52.37370210000001], [4.8916562, 52.3736867], [4.8916629, 52.3736748], [4.8916515, 52.3736724], [4.8916448, 52.3736843], [4.8915673, 52.373668], [4.8915725, 52.3736588], [4.8915742, 52.3736557], [4.8915627, 52.3736533], [4.8915561, 52.37366560000001], [4.8915359, 52.3736615], [4.8915335, 52.3736643], [4.8915316, 52.3736683], [4.8915516, 52.373672499999984], [4.891512, 52.3737427], [4.8914351, 52.37372649999999], [4.8914418, 52.3737146], [4.8914305, 52.3737122], [4.8914238, 52.3737241], [4.8913505, 52.3737086], [4.8913572, 52.3736967], [4.8913458, 52.3736943], [4.8913391, 52.3737062], [4.8912622, 52.37369], [4.8912674, 52.3736807], [4.8912689, 52.373678], [4.8912523, 52.3736747], [4.8912446, 52.3736891], [4.8912206, 52.3736845], [4.8912158, 52.3736943], [4.8912393, 52.373699], [4.8912259, 52.373724], [4.8912086, 52.373729099999984], [4.8912086, 52.3737239], [4.891186, 52.37373079999998], [4.8911576, 52.37372509999998], [4.8911611, 52.3737185], [4.8911473, 52.3737164], [4.891138, 52.3737145], [4.8911342, 52.373721], [4.8911302, 52.37372279999999], [4.8911271, 52.37372839999998], [4.8911213, 52.3737273], [4.8911003, 52.3737666], [4.8911096, 52.3737781], [4.8911145, 52.3737791], [4.8911752, 52.3737912], [4.8911527, 52.37383340000002], [4.891092, 52.37382130000001], [4.891087, 52.3738203], [4.8910684, 52.37382620000001], [4.8910474, 52.3738656]]]}}, {"id": "13", "type": "Feature", "properties": {"building_id": "266639447", "area_m2": 151.91616432109808}, "geometry": {"type": "Polygon", "coordinates": [[[4.8923314, 52.374683099999984], [4.8923756, 52.3745686], [4.8921974, 52.374535], [4.8921692, 52.3746157], [4.8921458, 52.3746127], [4.8921303, 52.374657], [4.8921949, 52.3746654], [4.892212, 52.3746213], [4.8922895, 52.3746315], [4.8922725, 52.3746754], [4.8923314, 52.374683099999984]]]}}, {"id": "14", "type": "Feature", "properties": {"building_id": "266639448", "area_m2": 137.405401097289}, "geometry": {"type": "Polygon", "coordinates": [[[4.8924998, 52.3739224], [4.8928545, 52.3738711], [4.8928375, 52.3738565], [4.892842, 52.3738545], [4.8928387, 52.3738516], [4.8928341, 52.3738536], [4.8928001, 52.3738243], [4.8928047, 52.3738223], [4.8928, 52.3738184], [4.8924845, 52.3738776], [4.8924998, 52.3739224]]]}}, {"id": "15", "type": "Feature", "properties": {"building_id": "266639449", "area_m2": 24.22702665182113}, "geometry": {"type": "Polygon", "coordinates": [[[4.8938375, 52.3742204], [4.8938093, 52.3741727], [4.8938039, 52.3741735], [4.8938041, 52.3741741], [4.8937873, 52.3741763], [4.8937877, 52.3741773], [4.8937512, 52.3741821], [4.8937507, 52.3741806], [4.8937458, 52.3741812], [4.8937739, 52.3742289], [4.8938375, 52.3742204]]]}}, {"id": "16", "type": "Feature", "properties": {"building_id": "266639451", "area_m2": 100.68605890932979}, "geometry": {"type": "Polygon", "coordinates": [[[4.8949299, 52.3750034], [4.8951579, 52.3749311], [4.895159, 52.3749306], [4.8951555, 52.3749277], [4.8951539, 52.37492850000001], [4.8951049, 52.3748876], [4.8951066, 52.3748868], [4.8951048, 52.3748854], [4.8949451, 52.3749387], [4.8948946, 52.37496059999999], [4.8949299, 52.3750034]]]}}, {"id": "17", "type": "Feature", "properties": {"building_id": "266639452", "area_m2": 122.11059228018416}, "geometry": {"type": "Polygon", "coordinates": [[[4.8945841, 52.3748114], [4.8948856, 52.3747086], [4.8948833, 52.3747068], [4.8948818, 52.3747076], [4.8948489, 52.3746821], [4.8948504, 52.3746814], [4.8948443, 52.3746767], [4.894843, 52.3746773], [4.8944912, 52.3747948], [4.8945109, 52.3748169], [4.8945841, 52.3748114]]]}}, {"id": "18", "type": "Feature", "properties": {"building_id": "266639453", "area_m2": 68.22115531134057}, "geometry": {"type": "Polygon", "coordinates": [[[4.894255, 52.3749081], [4.8944863, 52.37483069999998], [4.8944842, 52.3748272], [4.8945109, 52.3748169], [4.8944912, 52.3747948], [4.8942164, 52.3748866], [4.8942196, 52.3748884], [4.8942205, 52.3748878], [4.8942516, 52.3749052], [4.8942507, 52.3749058], [4.894255, 52.3749081]]]}}, {"id": "19", "type": "Feature", "properties": {"building_id": "266639454", "area_m2": 239.6142559680749}, "geometry": {"type": "Polygon", "coordinates": [[[4.8938508, 52.3742866], [4.8942825, 52.37422819999998], [4.8942859, 52.3742266], [4.8942774, 52.3742196], [4.8942075, 52.3741651], [4.8939779, 52.374201699999986], [4.8938999, 52.3742121], [4.8938375, 52.3742204], [4.8937739, 52.3742289], [4.8938095, 52.3742891], [4.8938508, 52.3742866]]]}}, {"id": "20", "type": "Feature", "properties": {"building_id": "266639455", "area_m2": 25.510041974117293}, "geometry": {"type": "Polygon", "coordinates": [[[4.8937739, 52.3742289], [4.8937458, 52.3741812], [4.8937433, 52.3741816], [4.893743, 52.374181], [4.8937283, 52.3741829], [4.8937287, 52.374184], [4.8936859, 52.3741895], [4.8936858, 52.374189], [4.8936799, 52.3741899], [4.8936801, 52.3741907], [4.8937076, 52.37423709999999], [4.8937739, 52.3742289]]]}}, {"id": "21", "type": "Feature", "properties": {"building_id": "266639456", "area_m2": 51.822679160998405}, "geometry": {"type": "Polygon", "coordinates": [[[4.8932355, 52.3749487], [4.8932371, 52.3748704], [4.8932376, 52.3748456], [4.8932381, 52.3748191], [4.8931845, 52.3748134], [4.8931842, 52.3748286], [4.8931966, 52.3748287], [4.8931962, 52.37484710000001], [4.8931838, 52.374847], [4.8931817, 52.374946], [4.8932093, 52.374948], [4.8932355, 52.3749487]]]}}, {"id": "22", "type": "Feature", "properties": {"building_id": "266639458", "area_m2": 57.41044786083491}, "geometry": {"type": "Polygon", "coordinates": [[[4.8931842, 52.3748286], [4.8931845, 52.3748134], [4.8931274, 52.3748073], [4.8931247, 52.3749406], [4.8931257, 52.3749404], [4.893131, 52.374941], [4.8931311, 52.3749405], [4.8931774, 52.3749454], [4.8931817, 52.374946], [4.8931838, 52.374847], [4.8931842, 52.3748286]]]}}, {"id": "23", "type": "Feature", "properties": {"building_id": "266639463", "area_m2": 470.88833896288645}, "geometry": {"type": "Polygon", "coordinates": [[[4.8938592, 52.3747519], [4.8937585, 52.374676], [4.8933102, 52.374700099999984], [4.8933077, 52.3748265], [4.893293, 52.3748249], [4.8932925, 52.3748514], [4.893292, 52.3748763], [4.8932905, 52.3749485], [4.8933713, 52.37494739999999], [4.8933735, 52.3748423], [4.8934485, 52.3748369], [4.8934494, 52.3747928], [4.8938592, 52.3747519]]]}}, {"id": "24", "type": "Feature", "properties": {"building_id": "266639464", "area_m2": 207.4023462713357}, "geometry": {"type": "Polygon", "coordinates": [[[4.8939939, 52.3743547], [4.8939767, 52.3743106], [4.8938652, 52.3743238], [4.8938508, 52.3742866], [4.8938095, 52.3742891], [4.8936988, 52.3742959], [4.8937023, 52.3743406], [4.8935067, 52.3743525], [4.8935553, 52.37439590000001], [4.8935576, 52.374395], [4.8938209, 52.3743758], [4.893975, 52.3743575], [4.8939939, 52.3743547]]]}}, {"id": "25", "type": "Feature", "properties": {"building_id": "266639465", "area_m2": 105.1322385124508}, "geometry": {"type": "Polygon", "coordinates": [[[4.8928966, 52.3751015], [4.8929317, 52.3750062], [4.8928786, 52.3749981], [4.8928995, 52.3749457], [4.8928719, 52.3749414], [4.8928717, 52.3749419], [4.8928508, 52.3749384], [4.8928475, 52.3749377], [4.8928462, 52.374937], [4.8927877, 52.3750864], [4.8927916, 52.375087], [4.892863, 52.3750975], [4.8928966, 52.3751015]]]}}, {"id": "26", "type": "Feature", "properties": {"building_id": "266639467", "area_m2": 40.26742318536297}, "geometry": {"type": "Polygon", "coordinates": [[[4.8930723, 52.3742532], [4.8930665, 52.3742091], [4.8929556, 52.3742146], [4.8929559, 52.3742566], [4.8929567, 52.374262399999985], [4.8929619, 52.3742622], [4.8929617, 52.374261], [4.8930075, 52.3742587], [4.8930075, 52.3742581], [4.8930215, 52.3742574], [4.8930216, 52.374258], [4.8930674, 52.3742558], [4.8930676, 52.3742569], [4.8930728, 52.3742567], [4.8930723, 52.3742532]]]}}, {"id": "27", "type": "Feature", "properties": {"building_id": "266639473", "area_m2": 147.01611629340078}, "geometry": {"type": "Polygon", "coordinates": [[[4.8925152, 52.3739672], [4.8929174, 52.3739194], [4.8929134, 52.373916], [4.8929088, 52.3739179], [4.8928748, 52.3738886], [4.8928794, 52.3738867], [4.892876, 52.3738838], [4.8928715, 52.3738858], [4.8928545, 52.3738711], [4.8924998, 52.3739224], [4.8925093, 52.3739499], [4.8925106, 52.3739497], [4.8925152, 52.3739632], [4.8925139, 52.3739634], [4.8925152, 52.3739672]]]}}, {"id": "28", "type": "Feature", "properties": {"building_id": "266639474", "area_m2": 263.87235147636784}, "geometry": {"type": "Polygon", "coordinates": [[[4.8921556, 52.3747922], [4.8921964, 52.3746775], [4.8918256, 52.3746295], [4.8918812, 52.374695], [4.8918815, 52.3746968], [4.8918939, 52.3747092], [4.8918807, 52.3747141], [4.8919091, 52.3747426], [4.8919223, 52.3747376], [4.891945, 52.3747603], [4.8919473, 52.3747594], [4.8920332, 52.3747727], [4.8920328, 52.37477350000001], [4.892106, 52.3747844], [4.8921556, 52.3747922]]]}}, {"id": "29", "type": "Feature", "properties": {"building_id": "266639475", "area_m2": 226.0512423755927}, "geometry": {"type": "Polygon", "coordinates": [[[4.893869, 52.3744719], [4.8938484, 52.374406], [4.8939852, 52.37439], [4.893975, 52.3743575], [4.8938209, 52.3743758], [4.8935576, 52.374395], [4.8936025, 52.3744342], [4.8936024, 52.3744355], [4.8936062, 52.37443889999999], [4.893607, 52.3744386], [4.893666, 52.374491099999986], [4.8936653, 52.37449139999998], [4.8936693, 52.3744949], [4.8936703, 52.3744953], [4.893869, 52.3744719]]]}}, {"id": "30", "type": "Feature", "properties": {"building_id": "266639476", "area_m2": 47.407909274382504}, "geometry": {"type": "Polygon", "coordinates": [[[4.8927056, 52.3742158], [4.8927156, 52.3742159], [4.8927136, 52.3741739], [4.8926116, 52.37417639999999], [4.892584, 52.3742451], [4.8925836, 52.374246], [4.8925893, 52.3742471], [4.8925901, 52.3742455], [4.8926167, 52.3742503], [4.8926164, 52.374251], [4.8926341, 52.3742542], [4.8926337, 52.3742551], [4.8926401, 52.3742563], [4.8926413, 52.37421530000001], [4.8927056, 52.3742158]]]}}, {"id": "31", "type": "Feature", "properties": {"building_id": "266639478", "area_m2": 296.81911843757155}, "geometry": {"type": "Polygon", "coordinates": [[[4.8929867, 52.3739799], [4.8929835, 52.373977], [4.8929788, 52.3739791], [4.8929484, 52.3739526], [4.8929531, 52.3739506], [4.8929174, 52.3739194], [4.8925152, 52.3739672], [4.8925106, 52.37401160000001], [4.8925776, 52.3740153], [4.8925754, 52.3740302], [4.892703, 52.3740373], [4.8927031, 52.3740384], [4.8930224, 52.374011], [4.893017, 52.3740063], [4.8930123, 52.3740083], [4.892982, 52.37398189999998], [4.8929867, 52.3739799]]]}}, {"id": "32", "type": "Feature", "properties": {"building_id": "266639479", "area_m2": 663.3829282284304}, "geometry": {"type": "Polygon", "coordinates": [[[4.8939993, 52.3748516], [4.8940013, 52.374849], [4.8938708, 52.3747592], [4.8938662, 52.3747601], [4.8938592, 52.3747519], [4.8934494, 52.3747928], [4.8934485, 52.3748369], [4.8933735, 52.3748423], [4.8933713, 52.37494739999999], [4.8935381, 52.3749469], [4.8936064, 52.37494229999998], [4.8938729, 52.374903], [4.8939951, 52.3748854], [4.8940124, 52.3748782], [4.8940178, 52.3748675], [4.8940117, 52.37485680000001], [4.8939993, 52.3748516]]]}}, {"id": "33", "type": "Feature", "properties": {"building_id": "266639480", "area_m2": 93.15938933308286}, "geometry": {"type": "Polygon", "coordinates": [[[4.8942075, 52.3741651], [4.8941521, 52.374115], [4.8941222, 52.37412040000001], [4.8941227, 52.3741214], [4.8940904, 52.3741273], [4.8940899, 52.3741263], [4.89408, 52.3741281], [4.8940805, 52.3741291], [4.8940482, 52.37413489999999], [4.8940477, 52.3741339], [4.8940378, 52.37413569999999], [4.8940383, 52.3741367], [4.8940276, 52.3741387], [4.8940271, 52.3741376], [4.8939484, 52.374152], [4.8939779, 52.374201699999986], [4.8942075, 52.3741651]]]}}, {"id": "34", "type": "Feature", "properties": {"building_id": "266639481", "area_m2": 61.47956585186106}, "geometry": {"type": "Polygon", "coordinates": [[[4.8939586, 52.3740904], [4.8939425, 52.3740595], [4.8939228, 52.3740214], [4.8938449, 52.374052], [4.8938541, 52.3740698], [4.8938865, 52.3741322], [4.8939059, 52.3741283], [4.8939055, 52.3741275], [4.8939268, 52.3741232], [4.8939272, 52.374124], [4.8939297, 52.3741235], [4.8939293, 52.3741227], [4.8939506, 52.3741184], [4.893951, 52.3741192], [4.8939704, 52.3741153], [4.8939713, 52.3741148], [4.8939586, 52.3740904]]]}}, {"id": "35", "type": "Feature", "properties": {"building_id": "266639482", "area_m2": 402.2096634437529}, "geometry": {"type": "Polygon", "coordinates": [[[4.892084, 52.3744054], [4.8921419, 52.3742856], [4.8920201, 52.3742797], [4.8918679, 52.3742731], [4.8918378, 52.3743398], [4.8918346, 52.3743467], [4.8918138, 52.3743928], [4.8919225, 52.3744115], [4.8919183, 52.3744207], [4.8918939, 52.3744747], [4.8920391, 52.3744955], [4.8920451, 52.3744836], [4.8921175, 52.3744961], [4.8921529, 52.3744314], [4.8921265, 52.374426], [4.8921318, 52.3744151], [4.892084, 52.3744054]]]}}, {"id": "36", "type": "Feature", "properties": {"building_id": "266639483", "area_m2": 108.0266838222549}, "geometry": {"type": "Polygon", "coordinates": [[[4.8927877, 52.3750864], [4.8928462, 52.374937], [4.8928416, 52.3749363], [4.8928409, 52.3749379], [4.8928272, 52.3749358], [4.8928279, 52.3749343], [4.8928227, 52.3749335], [4.8928221, 52.37493509999999], [4.8927908, 52.3749304], [4.8927914, 52.3749288], [4.8927726, 52.374926], [4.8927142, 52.3750753], [4.8927305, 52.3750777], [4.892714, 52.3751197], [4.8927751, 52.3751287], [4.8927916, 52.375087], [4.8927877, 52.3750864]]]}}, {"id": "37", "type": "Feature", "properties": {"building_id": "266639484", "area_m2": 306.14136358394717}, "geometry": {"type": "Polygon", "coordinates": [[[4.8948096, 52.37515], [4.8947706, 52.375098], [4.8948611, 52.3750725], [4.8949633, 52.3750436], [4.8949299, 52.3750034], [4.8948946, 52.37496059999999], [4.8948354, 52.3749862], [4.8945423, 52.3750792], [4.8946239, 52.3751393], [4.8946681, 52.3751824], [4.8946663, 52.3751831], [4.894669, 52.3751858], [4.8946745, 52.3751845], [4.8946739, 52.3751836], [4.8947227, 52.3751713], [4.8947232, 52.3751721], [4.8948096, 52.37515]]]}}, {"id": "38", "type": "Feature", "properties": {"building_id": "266639486", "area_m2": 99.61309343993285}, "geometry": {"type": "Polygon", "coordinates": [[[4.89227, 52.37444069999999], [4.8923667, 52.3742619], [4.8923623, 52.3742621], [4.8923624, 52.37426279999998], [4.8923393, 52.3742642], [4.8923392, 52.3742635], [4.892336, 52.3742637], [4.8923362, 52.3742653], [4.8923156, 52.374266599999984], [4.8923154, 52.3742649], [4.8923122, 52.3742651], [4.8923123, 52.37426579999999], [4.8922888, 52.3742673], [4.8922887, 52.3742665], [4.8922831, 52.3742669], [4.8922821, 52.3742741], [4.8921997, 52.3744265], [4.89227, 52.37444069999999]]]}}, {"id": "39", "type": "Feature", "properties": {"building_id": "266639487", "area_m2": 165.21792934502608}, "geometry": {"type": "Polygon", "coordinates": [[[4.8930862, 52.3750755], [4.893105, 52.3749744], [4.8930971, 52.374973400000016], [4.8930964, 52.3749754], [4.8930555, 52.374970099999985], [4.8930562, 52.374968], [4.8930237, 52.3749637], [4.8930233, 52.3749647], [4.8929658, 52.3749566], [4.892966, 52.374956], [4.8929548, 52.3749545], [4.892955, 52.374954], [4.8929511, 52.3749535], [4.8929317, 52.3750062], [4.8928966, 52.3751015], [4.892998, 52.3751136], [4.8930064, 52.3750698], [4.8930862, 52.3750755]]]}}, {"id": "40", "type": "Feature", "properties": {"building_id": "266639488", "area_m2": 33.370546401046745}, "geometry": {"type": "Polygon", "coordinates": [[[4.8940996, 52.3740874], [4.8941166, 52.3740838], [4.8940823, 52.374054], [4.8939586, 52.3740904], [4.8939713, 52.3741148], [4.8939781, 52.37411309999999], [4.8939778, 52.3741126], [4.8939928, 52.37410950000001], [4.893993, 52.37411], [4.8940244, 52.3741035], [4.8940241, 52.374103], [4.8940584, 52.3740959], [4.8940587, 52.3740964], [4.8940622, 52.3740957], [4.8940619, 52.3740952], [4.8940963, 52.3740881], [4.8940965, 52.3740886], [4.8940999, 52.3740879], [4.8940996, 52.3740874]]]}}, {"id": "41", "type": "Feature", "properties": {"building_id": "266639489", "area_m2": 668.4072046476298}, "geometry": {"type": "Polygon", "coordinates": [[[4.893406, 52.3738657], [4.8937008, 52.3737721], [4.8937305, 52.3737547], [4.8935696, 52.373652], [4.89354, 52.3736693], [4.8935354, 52.3736663], [4.8935234, 52.37367109999999], [4.8935244, 52.3736721], [4.8934973, 52.3736829], [4.8934963, 52.3736819], [4.893323, 52.37375080000001], [4.8932572, 52.3737726], [4.8931939, 52.3737908], [4.8931949, 52.37379219999998], [4.8931818, 52.373796], [4.8931808, 52.37379459999998], [4.8929717, 52.37385479999999], [4.8930756, 52.373948599999984], [4.8934042, 52.3738633], [4.893406, 52.3738657]]]}}, {"id": "42", "type": "Feature", "properties": {"building_id": "266639490", "area_m2": 286.8961504858232}, "geometry": {"type": "Polygon", "coordinates": [[[4.8938095, 52.3742891], [4.8937739, 52.3742289], [4.8937076, 52.37423709999999], [4.8936354, 52.374246], [4.8935784, 52.374250199999985], [4.8935506, 52.3742033], [4.8935366, 52.3742048], [4.8935357, 52.3742017], [4.8935218, 52.37420319999998], [4.8935226, 52.3742062], [4.8934254, 52.3742161], [4.8934251, 52.3742147], [4.8933655, 52.3742208], [4.8933638, 52.374223399999984], [4.8934629, 52.3743103], [4.8934612, 52.37431089999998], [4.8935067, 52.3743525], [4.8937023, 52.3743406], [4.8936988, 52.3742959], [4.8938095, 52.3742891]]]}}, {"id": "43", "type": "Feature", "properties": {"building_id": "266639491", "area_m2": 310.87795701477205}, "geometry": {"type": "Polygon", "coordinates": [[[4.8937421, 52.3740897], [4.8937938, 52.3740805], [4.8938541, 52.3740698], [4.8938449, 52.374052], [4.8939228, 52.3740214], [4.8939425, 52.3740595], [4.8940442, 52.3740224], [4.8939544, 52.3739501], [4.8939537, 52.3739499], [4.8938113, 52.3740088], [4.8935438, 52.3740565], [4.8934624, 52.374071], [4.8935041, 52.3741372], [4.8935196, 52.3741344], [4.8935492, 52.3741814], [4.893604, 52.3741758], [4.893572, 52.3741251], [4.893698, 52.3741026], [4.8936951, 52.3740981], [4.8937421, 52.3740897]]]}}, {"id": "44", "type": "Feature", "properties": {"building_id": "266639492", "area_m2": 187.8094741339525}, "geometry": {"type": "Polygon", "coordinates": [[[4.8927632, 52.3744096], [4.8927593, 52.3743923], [4.8927588, 52.3743857], [4.892755, 52.3743001], [4.8927362, 52.3743], [4.8927308, 52.3742993], [4.8927304, 52.3743009], [4.8927178, 52.3742998], [4.8927181, 52.3742983], [4.8927153, 52.374298], [4.8927152, 52.3742987], [4.8926741, 52.3742952], [4.8926742, 52.374294599999985], [4.8926692, 52.3742942], [4.8925875, 52.3744873], [4.8925846, 52.3744942], [4.8926742, 52.3745074], [4.8927134, 52.3745131], [4.8927435, 52.37440789999999], [4.8927632, 52.3744096]]]}}, {"id": "45", "type": "Feature", "properties": {"building_id": "266639493", "area_m2": 885.9672648144166}, "geometry": {"type": "Polygon", "coordinates": [[[4.8935184, 52.37402130000001], [4.893572, 52.3740059], [4.8935439, 52.3739671], [4.8938516, 52.3738714], [4.8937764, 52.3738205], [4.8934485, 52.3739246], [4.893406, 52.3738657], [4.8934042, 52.3738633], [4.8930756, 52.373948599999984], [4.8931131, 52.3739819], [4.8931805, 52.3740427], [4.8932635, 52.3741215], [4.8933459, 52.3742028], [4.8934151, 52.3741943], [4.8935492, 52.3741814], [4.8935196, 52.3741344], [4.8935041, 52.3741372], [4.8934624, 52.374071], [4.8935438, 52.3740565], [4.8935184, 52.37402130000001]]]}}, {"id": "46", "type": "Feature", "properties": {"building_id": "266639495", "area_m2": 314.5037150766601}, "geometry": {"type": "Polygon", "coordinates": [[[4.8927944, 52.3738168], [4.8927567, 52.3737841], [4.8926986, 52.3737352], [4.892701, 52.3737341], [4.8926971, 52.3737307], [4.8926947, 52.3737317], [4.8926551, 52.3736959], [4.8926575, 52.3736949], [4.8926544, 52.373692], [4.8924689, 52.3737329], [4.8923875, 52.3737509], [4.8924417, 52.3737874], [4.8924701, 52.37383329999999], [4.8924789, 52.3738603], [4.8924803, 52.3738601], [4.8924836, 52.3738702], [4.8924822, 52.373870400000015], [4.8924845, 52.3738776], [4.8928, 52.3738184], [4.8927968, 52.3738158], [4.8927944, 52.3738168]]]}}, {"id": "47", "type": "Feature", "properties": {"building_id": "266639497", "area_m2": 429.80484558800526}, "geometry": {"type": "Polygon", "coordinates": [[[4.8921136, 52.3746084], [4.8921426, 52.3745255], [4.8920869, 52.3745155], [4.8920438, 52.3745122], [4.8919169, 52.37449190000001], [4.8916689, 52.3744504], [4.8916658, 52.3744514], [4.8916673, 52.3744532], [4.8916349, 52.3744639], [4.8916802, 52.3745149], [4.8917126, 52.3745041], [4.8917177, 52.3745094], [4.8917022, 52.3745144], [4.8917159, 52.37453030000001], [4.8917314, 52.3745252], [4.8917626, 52.3745614], [4.8917629, 52.3745635], [4.89181, 52.3746173], [4.8918138, 52.374616], [4.8921303, 52.374657], [4.8921458, 52.3746127], [4.8921136, 52.3746084]]]}}, {"id": "48", "type": "Feature", "properties": {"building_id": "266639499", "area_m2": 1385.3650166005805}, "geometry": {"type": "Polygon", "coordinates": [[[4.8942353, 52.3751711], [4.8944375, 52.3751034], [4.8941861, 52.37495360000001], [4.893994, 52.3750143], [4.8939298, 52.3750274], [4.8938817, 52.3749391], [4.8937993, 52.3749538], [4.8937149, 52.3749667], [4.893629, 52.37497649999999], [4.8935425, 52.37498389999999], [4.8935889, 52.3751023], [4.8936641, 52.3750946], [4.8937389, 52.3750753], [4.8937482, 52.37511], [4.8937377, 52.3751109], [4.8937418, 52.3752205], [4.8936973, 52.3752194], [4.8936954, 52.3752486], [4.8937399, 52.3752497], [4.8937364, 52.375304], [4.8940378, 52.3753133], [4.8940369, 52.37523130000001], [4.8940868, 52.3752289], [4.8940806, 52.3752022], [4.8942353, 52.3751711]]]}}, {"id": "49", "type": "Feature", "properties": {"building_id": "266639500", "area_m2": 336.03135795379524}, "geometry": {"type": "Polygon", "coordinates": [[[4.8925591, 52.3747339], [4.8925676, 52.3746993], [4.8925546, 52.3746968], [4.8925852, 52.3746085], [4.8925019, 52.3745931], [4.8924744, 52.3746644], [4.8924148, 52.3746558], [4.8924008, 52.374692], [4.8923969, 52.3747035], [4.8923319, 52.374695], [4.8922893, 52.3748148], [4.8922962, 52.3748159], [4.8922969, 52.3748142], [4.892313, 52.3748168], [4.8923123, 52.37481850000001], [4.8923457, 52.3748239], [4.8923464, 52.3748222], [4.8923722, 52.3748264], [4.8923715, 52.374828], [4.8924585, 52.374842], [4.8924592, 52.3748404], [4.892485, 52.3748446], [4.8924843, 52.3748462], [4.8925309, 52.37485369999999], [4.8925591, 52.3747339]]]}}, {"id": "50", "type": "Feature", "properties": {"building_id": "266639501", "area_m2": 56.9470968690589}, "geometry": {"type": "Polygon", "coordinates": [[[4.8925343, 52.3742354], [4.892567, 52.37417], [4.8924593, 52.3741547], [4.8924585, 52.3741551], [4.8924564, 52.3741581], [4.892459, 52.37415879999999], [4.8924447, 52.3741788], [4.8924421, 52.3741782], [4.8924398, 52.3741814], [4.8924424, 52.3741821], [4.8924282, 52.3742021], [4.8924256, 52.3742014], [4.8924232, 52.3742049], [4.892428, 52.3742062], [4.8924351, 52.3742156], [4.8924336, 52.3742188], [4.8924393, 52.3742198], [4.8924401, 52.3742183], [4.8924842, 52.3742263], [4.8924835, 52.3742278], [4.8924891, 52.3742289], [4.8924896, 52.3742279], [4.8925074, 52.37423119999998], [4.8925077, 52.3742306], [4.8925343, 52.3742354]]]}}, {"id": "51", "type": "Feature", "properties": {"building_id": "266639502", "area_m2": 64.19236617987603}, "geometry": {"type": "Polygon", "coordinates": [[[4.8925371, 52.3735878], [4.8924995, 52.37355069999999], [4.8925015, 52.37355], [4.8924993, 52.3735478], [4.8925009, 52.3735472], [4.8924995, 52.37354590000001], [4.8924979, 52.3735465], [4.8924962, 52.3735452], [4.8924922, 52.373543], [4.8924877, 52.3735411], [4.8924803, 52.3735392], [4.892475, 52.3735385], [4.8924696, 52.3735383], [4.8924686, 52.37353679999999], [4.8924649, 52.3735378], [4.892466, 52.3735392], [4.8923958, 52.3735582], [4.8923948, 52.3735568], [4.8923692, 52.3735637], [4.8923689, 52.3735643], [4.8924064, 52.3736214], [4.8925449, 52.3735906], [4.8925429, 52.3735886], [4.8925413, 52.3735892], [4.8925391, 52.3735871], [4.8925371, 52.3735878]]]}}, {"id": "52", "type": "Feature", "properties": {"building_id": "266639503", "area_m2": 47.10701641469994}, "geometry": {"type": "Polygon", "coordinates": [[[4.8924064, 52.3736214], [4.8923689, 52.3735643], [4.8923685, 52.373565], [4.8923639, 52.3735662], [4.8923623, 52.3735688], [4.8923629, 52.3735698], [4.8923506, 52.373573], [4.8923499, 52.3735721], [4.8923457, 52.3735711], [4.892338, 52.3735732], [4.8923363, 52.3735758], [4.8922997, 52.3735856], [4.8922955, 52.3735845], [4.8922878, 52.3735866], [4.8922845, 52.3735915], [4.8922863, 52.3735941], [4.8922879, 52.3735944], [4.8922829, 52.373602], [4.8922813, 52.3736016], [4.8922771, 52.3736027], [4.8922745, 52.3736068], [4.8922785, 52.3736129], [4.8922827, 52.3736139], [4.8922974, 52.3736361], [4.8922956, 52.3736387], [4.8922999, 52.3736451], [4.8924064, 52.3736214]]]}}, {"id": "53", "type": "Feature", "properties": {"building_id": "266639505", "area_m2": 410.41955971289843}, "geometry": {"type": "Polygon", "coordinates": [[[4.8924633, 52.3744259], [4.8925333, 52.3742796], [4.8925244, 52.37427850000001], [4.8925226, 52.3742793], [4.8925221, 52.3742808], [4.8925059, 52.374279], [4.8925064, 52.3742775], [4.8925051, 52.374276299999984], [4.8924705, 52.3742725], [4.8924686, 52.3742733], [4.8924681, 52.3742748], [4.8924299, 52.3742706], [4.8924303, 52.3742691], [4.892429, 52.374268], [4.8923944, 52.3742641], [4.8923925, 52.3742649], [4.8923921, 52.3742664], [4.8923759, 52.3742647], [4.8923763, 52.3742632], [4.892375, 52.374262], [4.8923669, 52.3742614], [4.8923667, 52.3742619], [4.89227, 52.37444069999999], [4.8921997, 52.3744265], [4.8921568, 52.3745038], [4.8924035, 52.3745493], [4.8924041, 52.3745497], [4.8924633, 52.3744259]]]}}, {"id": "54", "type": "Feature", "properties": {"building_id": "266639506", "area_m2": 167.5274262054284}, "geometry": {"type": "Polygon", "coordinates": [[[4.8950662, 52.3750771], [4.8952184, 52.3750289], [4.8952207, 52.3750298], [4.8952235, 52.3750296], [4.8952249, 52.37502880000001], [4.8952256, 52.3750278], [4.8952434, 52.3750222], [4.8952467, 52.3750219], [4.8952488, 52.3750205], [4.8952484, 52.375018699999984], [4.8952475, 52.3750179], [4.8952505, 52.3750105], [4.8952521, 52.37501], [4.8952532, 52.3750092], [4.8952534, 52.37500760000001], [4.8952527, 52.3750066], [4.8952162, 52.3749774], [4.8952168, 52.3749763], [4.8952165, 52.3749751], [4.895216, 52.3749746], [4.8952145, 52.3749738], [4.8952117, 52.3749736], [4.8952108, 52.3749738], [4.8949633, 52.3750436], [4.8948611, 52.3750725], [4.8948981, 52.375126], [4.8948984, 52.3751265], [4.8949966, 52.3750987], [4.8950662, 52.3750771]]]}}, {"id": "55", "type": "Feature", "properties": {"building_id": "266639507", "area_m2": 117.36220716088073}, "geometry": {"type": "Polygon", "coordinates": [[[4.8925502, 52.3745757], [4.8925846, 52.3744942], [4.8925875, 52.3744873], [4.8925305, 52.3744783], [4.8924958, 52.3744728], [4.8925144, 52.374434], [4.8924633, 52.3744259], [4.8924041, 52.3745497], [4.8924099, 52.374551], [4.8924103, 52.3745501], [4.8924265, 52.374553], [4.8924268, 52.3745525], [4.8924336, 52.3745537], [4.8924333, 52.3745543], [4.8924529, 52.3745578], [4.8924531, 52.3745572], [4.892468, 52.3745599], [4.8924677, 52.3745605], [4.8924895, 52.3745644], [4.8924897, 52.3745638], [4.892521, 52.374569499999986], [4.8925207, 52.3745701], [4.892529, 52.3745716], [4.8925293, 52.374571], [4.8925436, 52.374573599999984], [4.8925434, 52.37457409999998], [4.8925454, 52.3745745], [4.8925449, 52.3745754], [4.8925499, 52.37457629999999], [4.8925502, 52.3745757]]]}}, {"id": "56", "type": "Feature", "properties": {"building_id": "266639509", "area_m2": 1051.8332981983388}, "geometry": {"type": "Polygon", "coordinates": [[[4.8934028, 52.3736882], [4.8934946, 52.37365119999998], [4.8934966, 52.3736498], [4.8934977, 52.3736481], [4.8934981, 52.3736463], [4.8934976, 52.3736446], [4.8934969, 52.3736435], [4.893495, 52.373642], [4.893422, 52.373598], [4.8932804, 52.3735083], [4.8932197, 52.3734673], [4.8929445, 52.373599699999986], [4.8928411, 52.3736365], [4.8928392, 52.3736368], [4.892751, 52.37366690000001], [4.8929007, 52.3737979], [4.8929042, 52.3737996], [4.8929076, 52.3738022], [4.8929087, 52.3738017], [4.8929262, 52.3738155], [4.8929259, 52.3738167], [4.8929372, 52.3738257], [4.8929393, 52.3738258], [4.8929567, 52.3738396], [4.8929555, 52.3738401], [4.8929597, 52.3738434], [4.8929719, 52.3738388], [4.893045, 52.3738175], [4.8931934, 52.3737726], [4.8932612, 52.373745], [4.8932617, 52.3737454], [4.8934028, 52.3736882]]]}}, {"id": "57", "type": "Feature", "properties": {"building_id": "266639510", "area_m2": 263.352804150759}, "geometry": {"type": "Polygon", "coordinates": [[[4.8929754, 52.3749195], [4.8930048, 52.3747909], [4.89289, 52.374779], [4.8927858, 52.37476740000001], [4.8927892, 52.3747568], [4.8927457, 52.3747511], [4.8927033, 52.3748825], [4.8927094, 52.3748834], [4.8927097, 52.3748825], [4.8927352, 52.3748861], [4.8927355, 52.3748855], [4.8927618, 52.3748892], [4.8927615, 52.3748898], [4.8927702, 52.3748911], [4.8927699, 52.3748919], [4.8927762, 52.3748928], [4.8927765, 52.3748919], [4.8928419, 52.3749012], [4.8928416, 52.3749021], [4.8928477, 52.3749029], [4.8928479, 52.3749023], [4.8928508, 52.3749026], [4.8928506, 52.3749034], [4.892907, 52.3749105], [4.8929073, 52.374911200000014], [4.892915, 52.3749121], [4.8929152, 52.3749115], [4.8929644, 52.3749181], [4.8929644, 52.3749189], [4.892972, 52.3749199], [4.8929721, 52.374919], [4.8929754, 52.3749195]]]}}, {"id": "58", "type": "Feature", "properties": {"building_id": "266639511", "area_m2": 595.6576510326811}, "geometry": {"type": "Polygon", "coordinates": [[[4.8948946, 52.37496059999999], [4.8949451, 52.3749387], [4.8951048, 52.3748854], [4.895101, 52.3748823], [4.8950983, 52.374881], [4.8950951, 52.3748802], [4.8950917, 52.37488], [4.8950866, 52.3748806], [4.8950824, 52.3748824], [4.8950589, 52.3748871], [4.895055, 52.3748801], [4.8950502, 52.3748733], [4.8950474, 52.3748699], [4.8950414, 52.3748635], [4.8950309, 52.3748543], [4.8950188, 52.374846], [4.8950099, 52.3748409], [4.8949954, 52.3748341], [4.8949851, 52.3748302], [4.8949989, 52.374818], [4.8950027, 52.3748158], [4.8950043, 52.3748139], [4.8950051, 52.3748118], [4.8950051, 52.3748107], [4.8950045, 52.3748086], [4.8950031, 52.3748067], [4.8950009, 52.3748051], [4.8947628, 52.3748893], [4.8947276, 52.3748578], [4.8946592, 52.374882], [4.8943816, 52.3749803], [4.8945423, 52.3750792], [4.8948354, 52.3749862], [4.8948946, 52.37496059999999]]]}}, {"id": "59", "type": "Feature", "properties": {"building_id": "266639512", "area_m2": 467.9653324220704}, "geometry": {"type": "Polygon", "coordinates": [[[4.8932797, 52.3750864], [4.8932215, 52.3750798], [4.8931552, 52.3750722], [4.893164, 52.3749811], [4.8931631, 52.3749813], [4.893105, 52.3749744], [4.8930862, 52.3750755], [4.8930064, 52.3750698], [4.892998, 52.3751136], [4.8929898, 52.3751563], [4.8930395, 52.3751608], [4.8930431, 52.375161], [4.8930429, 52.3751619], [4.8930695, 52.3751648], [4.8930698, 52.3751638], [4.8931455, 52.3751715], [4.8931453, 52.3751722], [4.893238, 52.3751805], [4.8932382, 52.3751797], [4.8934301, 52.3751952], [4.893434, 52.37519189999998], [4.8934195, 52.375166], [4.8934807, 52.3751429], [4.8934132, 52.3749852], [4.8934132, 52.3749846], [4.8934079, 52.3749845], [4.8934079, 52.3749858], [4.8933891, 52.3749855], [4.8933892, 52.3749841], [4.8933075, 52.3749827], [4.8933267, 52.3750576], [4.8933308, 52.375074], [4.8933371, 52.3750986], [4.8932848, 52.3751036], [4.8932797, 52.3750864]]]}}, {"id": "60", "type": "Feature", "properties": {"building_id": "266639513", "area_m2": 615.6878776975329}, "geometry": {"type": "Polygon", "coordinates": [[[4.8925125, 52.3750456], [4.8925444, 52.3750503], [4.8926059, 52.3748992], [4.8926016, 52.37489859999999], [4.892601, 52.3749], [4.8925437, 52.374891], [4.8925443, 52.3748896], [4.8925364, 52.3748884], [4.8925358, 52.3748898], [4.8924697, 52.3748794], [4.8924703, 52.374878], [4.8923414, 52.3748561], [4.8922731, 52.3748449], [4.8922218, 52.3748376], [4.8922199, 52.374838], [4.8919861, 52.374799], [4.8919836, 52.3748001], [4.8920284, 52.3748486], [4.89203, 52.374848], [4.892061, 52.374882], [4.8920625, 52.374885], [4.8921135, 52.3749396], [4.8921117, 52.3749403], [4.8921662, 52.3749928], [4.8921701, 52.374994], [4.892243, 52.3750555], [4.8923918, 52.375072], [4.8924085, 52.3750297], [4.8923087, 52.375014499999985], [4.892326, 52.374972], [4.892359, 52.37497709999999], [4.8923625, 52.3749684], [4.8924241, 52.37497769999999], [4.8924281, 52.3749679], [4.8925035, 52.3749794], [4.8924787, 52.3750404], [4.8925125, 52.3750456]]]}}, {"id": "61", "type": "Feature", "properties": {"building_id": "266639514", "area_m2": 678.4110897678136}, "geometry": {"type": "Polygon", "coordinates": [[[4.8932385, 52.3742164], [4.8931233, 52.3741096], [4.892702, 52.37412710000001], [4.8926961, 52.3740746], [4.8927076, 52.374074], [4.8927031, 52.3740384], [4.892703, 52.3740373], [4.8925754, 52.3740302], [4.8925776, 52.3740153], [4.8925106, 52.37401160000001], [4.8925007, 52.3741134], [4.8924919, 52.37411310000001], [4.89246, 52.3741543], [4.8924593, 52.3741547], [4.892567, 52.37417], [4.8926116, 52.37417639999999], [4.8927136, 52.3741739], [4.8927156, 52.3742159], [4.8927673, 52.3742164], [4.892766, 52.37426259999999], [4.8927782, 52.3742622], [4.8927781, 52.3742612], [4.8928261, 52.3742597], [4.8928261, 52.3742607], [4.8928367, 52.37426039999998], [4.8928366, 52.3742594], [4.892885, 52.37425790000001], [4.8928851, 52.3742588], [4.8928956, 52.3742585], [4.8928956, 52.3742575], [4.8929435, 52.374256], [4.8929436, 52.374257], [4.8929559, 52.3742566], [4.8929556, 52.3742146], [4.8930665, 52.3742091], [4.8930723, 52.3742532], [4.893211, 52.3742488], [4.8932106, 52.3742444], [4.8932322, 52.37421890000001], [4.8932385, 52.3742164]]]}}, {"id": "62", "type": "Feature", "properties": {"building_id": "266639516", "area_m2": 97.87475303924091}, "geometry": {"type": "Polygon", "coordinates": [[[4.8949633, 52.3750436], [4.8952108, 52.3749738], [4.8951579, 52.3749311], [4.8949299, 52.3750034], [4.8949633, 52.3750436]]]}}, {"id": "63", "type": "Feature", "properties": {"building_id": "266639517", "area_m2": 46.170237277533005}, "geometry": {"type": "Polygon", "coordinates": [[[4.8924689, 52.3737329], [4.8926544, 52.373692], [4.8926244, 52.3736648], [4.8924512, 52.37370259999999], [4.8924689, 52.3737329]]]}}, {"id": "64", "type": "Feature", "properties": {"building_id": "266639518", "area_m2": 69.2603540165981}, "geometry": {"type": "Polygon", "coordinates": [[[4.8933516, 52.3743207], [4.893302, 52.3742758], [4.8931313, 52.3742853], [4.8931383, 52.3743325], [4.8933516, 52.3743207]]]}}, {"id": "65", "type": "Feature", "properties": {"building_id": "266639520", "area_m2": 31.26143317188253}, "geometry": {"type": "Polygon", "coordinates": [[[4.8931383, 52.3743325], [4.8931313, 52.3742853], [4.8930443, 52.3742906], [4.8930512, 52.3743374], [4.8931383, 52.3743325]]]}}, {"id": "66", "type": "Feature", "properties": {"building_id": "266639521", "area_m2": 79.06809518395733}, "geometry": {"type": "Polygon", "coordinates": [[[4.8947628, 52.3748893], [4.8950009, 52.3748051], [4.8949641, 52.3747741], [4.8947276, 52.3748578], [4.8947628, 52.3748893]]]}}, {"id": "67", "type": "Feature", "properties": {"building_id": "266639522", "area_m2": 31.35653738899478}, "geometry": {"type": "Polygon", "coordinates": [[[4.8932905, 52.3749485], [4.893292, 52.3748763], [4.8932371, 52.3748704], [4.8932355, 52.3749487], [4.8932905, 52.3749485]]]}}, {"id": "68", "type": "Feature", "properties": {"building_id": "266639523", "area_m2": 38.081060126708294}, "geometry": {"type": "Polygon", "coordinates": [[[4.8932797, 52.3750864], [4.8932489, 52.374983], [4.8932053, 52.3749823], [4.8932215, 52.3750798], [4.8932797, 52.3750864]]]}}, {"id": "69", "type": "Feature", "properties": {"building_id": "266639524", "area_m2": 29.708430386502364}, "geometry": {"type": "Polygon", "coordinates": [[[4.8938865, 52.3741322], [4.8938541, 52.3740698], [4.8937938, 52.3740805], [4.8938331, 52.3741427], [4.8938865, 52.3741322]]]}}, {"id": "70", "type": "Feature", "properties": {"building_id": "266639525", "area_m2": 22.0525738463051}, "geometry": {"type": "Polygon", "coordinates": [[[4.8929317, 52.3750062], [4.8929511, 52.3749535], [4.8928995, 52.3749457], [4.8928786, 52.3749981], [4.8929317, 52.3750062]]]}}, {"id": "71", "type": "Feature", "properties": {"building_id": "266639528", "area_m2": 27.24558889142275}, "geometry": {"type": "Polygon", "coordinates": [[[4.8938331, 52.3741427], [4.8937938, 52.3740805], [4.8937421, 52.3740897], [4.8937817, 52.3741525], [4.8938331, 52.3741427]]]}}, {"id": "72", "type": "Feature", "properties": {"building_id": "266639530", "area_m2": 34.223600722170204}, "geometry": {"type": "Polygon", "coordinates": [[[4.8939586, 52.3740904], [4.8940823, 52.374054], [4.8940442, 52.3740224], [4.8939425, 52.3740595], [4.8939586, 52.3740904]]]}}, {"id": "73", "type": "Feature", "properties": {"building_id": "266639532", "area_m2": 66.73815083918345}, "geometry": {"type": "Polygon", "coordinates": [[[4.8925996, 52.3750584], [4.8926607, 52.3749083], [4.8926059, 52.3748992], [4.8925444, 52.3750503], [4.8925996, 52.3750584]]]}}, {"id": "74", "type": "Feature", "properties": {"building_id": "266639533", "area_m2": 170.75537034843367}, "geometry": {"type": "Polygon", "coordinates": [[[4.8934485, 52.3739246], [4.8937764, 52.3738205], [4.8937008, 52.3737721], [4.893406, 52.3738657], [4.8934485, 52.3739246]]]}}, {"id": "75", "type": "Feature", "properties": {"building_id": "266639534", "area_m2": 367.35296947239584}, "geometry": {"type": "Polygon", "coordinates": [[[4.8919389, 52.3737566], [4.8920099, 52.373771], [4.8920138, 52.3737637], [4.8920257, 52.3737661], [4.8920218, 52.3737734], [4.892092, 52.3737876], [4.8920959, 52.3737804], [4.8921078, 52.3737828], [4.8921039, 52.37379], [4.8921741, 52.3738042], [4.8921781, 52.373797], [4.8921899, 52.3737994], [4.892186, 52.3738066], [4.8921978, 52.373809], [4.8921939, 52.3738163], [4.8921821, 52.3738139], [4.8921655, 52.3738444], [4.8922626, 52.3738641], [4.8922665, 52.3738568], [4.8922783, 52.3738592], [4.8922744, 52.3738665], [4.892354, 52.3738826], [4.8923579, 52.3738754], [4.8923698, 52.37387779999999], [4.8923466, 52.3739207], [4.8924414, 52.3739399], [4.8924113, 52.3738376], [4.8923912, 52.373813], [4.8922825, 52.3737479], [4.8922853, 52.3737434], [4.8922797, 52.3737363], [4.8919827, 52.3736758], [4.8919797, 52.3736814], [4.8919611, 52.3736869], [4.8919539, 52.3736854], [4.8919528, 52.3736872], [4.8919511, 52.3736903], [4.8919723, 52.3736948], [4.8919667, 52.3737053], [4.8919785, 52.3737077], [4.8919746, 52.3737149], [4.8919627, 52.3737125], [4.8919389, 52.3737566]]]}}, {"id": "76", "type": "Feature", "properties": {"building_id": "266639536", "area_m2": 107.18434076249555}, "geometry": {"type": "Polygon", "coordinates": [[[4.8930698, 52.3740544], [4.8930224, 52.374011], [4.8927031, 52.3740384], [4.8927076, 52.374074], [4.8930687, 52.3740549], [4.8930698, 52.3740544]]]}}, {"id": "77", "type": "Feature", "properties": {"building_id": "266639537", "area_m2": 165.42641746382463}, "geometry": {"type": "Polygon", "coordinates": [[[4.8931233, 52.3741096], [4.8930687, 52.3740549], [4.8927076, 52.374074], [4.8926961, 52.3740746], [4.892702, 52.37412710000001], [4.8931233, 52.3741096]]]}}, {"id": "78", "type": "Feature", "properties": {"building_id": "266639538", "area_m2": 24.444096527061504}, "geometry": {"type": "Polygon", "coordinates": [[[4.8937817, 52.3741525], [4.8937421, 52.3740897], [4.8936951, 52.3740981], [4.893698, 52.3741026], [4.8937334, 52.37415879999999], [4.8937817, 52.3741525]]]}}, {"id": "79", "type": "Feature", "properties": {"building_id": "266639539", "area_m2": 55.79285262265001}, "geometry": {"type": "Polygon", "coordinates": [[[4.8927364, 52.373654], [4.8929263, 52.3735834], [4.8928959, 52.3735556], [4.8927116, 52.373624], [4.8927097, 52.37362489999999], [4.8927364, 52.373654]]]}}, {"id": "80", "type": "Feature", "properties": {"building_id": "266639540", "area_m2": 38.343159629292735}, "geometry": {"type": "Polygon", "coordinates": [[[4.8932215, 52.3750798], [4.8932053, 52.3749823], [4.8931649, 52.3749809], [4.893164, 52.3749811], [4.8931552, 52.3750722], [4.8932215, 52.3750798]]]}}, {"id": "81", "type": "Feature", "properties": {"building_id": "266639542", "area_m2": 36.03977801414988}, "geometry": {"type": "Polygon", "coordinates": [[[4.8921458, 52.3746127], [4.8921692, 52.3746157], [4.8921974, 52.374535], [4.8921426, 52.3745255], [4.8921136, 52.3746084], [4.8921458, 52.3746127]]]}}, {"id": "82", "type": "Feature", "properties": {"building_id": "266639543", "area_m2": 133.17353675625213}, "geometry": {"type": "Polygon", "coordinates": [[[4.8935889, 52.3751023], [4.8935425, 52.37498389999999], [4.8934132, 52.3749852], [4.8934807, 52.3751429], [4.8935854, 52.3751035], [4.8935889, 52.3751023]]]}}, {"id": "83", "type": "Feature", "properties": {"building_id": "266639544", "area_m2": 75.90756526913377}, "geometry": {"type": "Polygon", "coordinates": [[[4.8939551, 52.3749909], [4.8941444, 52.3749311], [4.8941026, 52.3749086], [4.894066, 52.3749037], [4.8939223, 52.3749306], [4.8939551, 52.3749909]]]}}, {"id": "84", "type": "Feature", "properties": {"building_id": "266639545", "area_m2": 21.095502396296258}, "geometry": {"type": "Polygon", "coordinates": [[[4.892766, 52.37426259999999], [4.8927673, 52.3742164], [4.8927156, 52.3742159], [4.8927056, 52.3742158], [4.8927043, 52.3742598], [4.892766, 52.37426259999999]]]}}, {"id": "85", "type": "Feature", "properties": {"building_id": "266639547", "area_m2": 1924.326574633046}, "geometry": {"type": "Polygon", "coordinates": [[[4.8936098, 52.3745484], [4.8936537, 52.3745303], [4.8936383, 52.3745163], [4.8935944, 52.3745344], [4.8933516, 52.3743207], [4.8931383, 52.3743325], [4.8930512, 52.3743374], [4.8930443, 52.3742906], [4.8929865, 52.374293899999984], [4.8929866, 52.3742944], [4.8929639, 52.3742957], [4.8929638, 52.3742952], [4.8929573, 52.3742956], [4.8929572, 52.3742947], [4.8929543, 52.3742948], [4.8929545, 52.3742967], [4.8929401, 52.37429719999999], [4.89294, 52.3742953], [4.8929374, 52.3742954], [4.8929373, 52.3742948], [4.8929312, 52.374295], [4.8929313, 52.3742963], [4.8929295, 52.3742964], [4.8929296, 52.3742975], [4.8928275, 52.3743006], [4.8928274, 52.3742995], [4.8928257, 52.3742996], [4.8928256, 52.374298199999984], [4.8928195, 52.3742984], [4.8928196, 52.3743008], [4.8927623, 52.3743013], [4.8927623, 52.3742992], [4.8927562, 52.3742993], [4.8927562, 52.3743001], [4.892755, 52.3743001], [4.8927588, 52.3743857], [4.8927593, 52.3743923], [4.8927632, 52.3744096], [4.8927435, 52.37440789999999], [4.8927134, 52.3745131], [4.8926742, 52.3745074], [4.8926386, 52.3745914], [4.8926035, 52.374688599999985], [4.8927615, 52.3747093], [4.892796, 52.3746139], [4.892879, 52.3746095], [4.8928809, 52.3746229], [4.8929511, 52.3746192], [4.8929521, 52.3746264], [4.893018, 52.3746228], [4.8930199, 52.374636299999985], [4.8931735, 52.37462809999999], [4.8931716, 52.3746151], [4.8936556, 52.3745897], [4.8936098, 52.3745484]]]}}, {"id": "86", "type": "Feature", "properties": {"building_id": "266639548", "area_m2": 57.66836589382735}, "geometry": {"type": "Polygon", "coordinates": [[[4.8931247, 52.3749406], [4.8931274, 52.3748073], [4.8930871, 52.374803], [4.8930507, 52.3749311], [4.8931237, 52.37494069999999], [4.8931247, 52.3749406]]]}}, {"id": "87", "type": "Feature", "properties": {"building_id": "266639549", "area_m2": 64.57173518814466}, "geometry": {"type": "Polygon", "coordinates": [[[4.8922893, 52.3748148], [4.8923319, 52.374695], [4.892271, 52.3746872], [4.8922481, 52.3747515], [4.8922306, 52.37474919999999], [4.8922119, 52.3748017], [4.8922893, 52.3748148]]]}}, {"id": "88", "type": "Feature", "properties": {"building_id": "266639551", "area_m2": 61.26975818476347}, "geometry": {"type": "Polygon", "coordinates": [[[4.8922481, 52.3747515], [4.892271, 52.3746872], [4.8921964, 52.3746775], [4.8921556, 52.3747922], [4.8922119, 52.3748017], [4.8922306, 52.37474919999999], [4.8922481, 52.3747515]]]}}, {"id": "89", "type": "Feature", "properties": {"building_id": "266639552", "area_m2": 81.12535352288062}, "geometry": {"type": "Polygon", "coordinates": [[[4.8930507, 52.3749311], [4.8930871, 52.374803], [4.8930881, 52.3747992], [4.8930048, 52.3747909], [4.8929754, 52.3749195], [4.8929751, 52.3749206], [4.8930507, 52.3749311]]]}}, {"id": "90", "type": "Feature", "properties": {"building_id": "266639553", "area_m2": 21.433714061120288}, "geometry": {"type": "Polygon", "coordinates": [[[4.8936354, 52.374246], [4.893607, 52.374198], [4.8935836, 52.37420029999997], [4.8935835, 52.3741998], [4.8935506, 52.3742033], [4.8935784, 52.374250199999985], [4.8936354, 52.374246]]]}}, {"id": "91", "type": "Feature", "properties": {"building_id": "266639555", "area_m2": 648.3019366157763}, "geometry": {"type": "Polygon", "coordinates": [[[4.8930202, 52.3735355], [4.8931626, 52.37346919999999], [4.8931987, 52.3734527], [4.8931486, 52.3734161], [4.893145, 52.37341809999999], [4.8930286, 52.3733334], [4.8930276, 52.373333399999986], [4.8929228, 52.37337129999999], [4.8929258, 52.3733744], [4.8929001, 52.3733836], [4.8928971, 52.3733805], [4.8928903, 52.373383], [4.8928918, 52.3733846], [4.8928721, 52.373391800000014], [4.8928706, 52.3733903], [4.8928643, 52.3733926], [4.8928659, 52.3733941], [4.8928244, 52.3734093], [4.8928229, 52.3734077], [4.8928166, 52.37341], [4.8928181, 52.3734116], [4.8927767, 52.37342670000001], [4.8927752, 52.3734252], [4.8927689, 52.3734275], [4.8927704, 52.37342910000001], [4.8927514, 52.373436], [4.8927499, 52.3734345], [4.8927435, 52.3734368], [4.892745, 52.37343829999999], [4.8927261, 52.3734453], [4.8927245, 52.37344370000001], [4.8927182, 52.3734461], [4.8927197, 52.3734476], [4.8926745, 52.3734642], [4.892673, 52.3734626], [4.8926666, 52.3734649], [4.8926682, 52.3734665], [4.8926229, 52.373483], [4.8926214, 52.3734815], [4.8926146, 52.373484], [4.8926129, 52.37348819999998], [4.8926158, 52.3734886], [4.8926078, 52.3735081], [4.892605, 52.3735077], [4.8926033, 52.3735119], [4.892607, 52.3735157], [4.8926095, 52.3735148], [4.8926392, 52.3735455], [4.8926367, 52.3735465], [4.8926404, 52.3735503], [4.892643, 52.3735494], [4.8926727, 52.3735802], [4.8926702, 52.3735811], [4.8926739, 52.373585], [4.8926764, 52.3735841], [4.8927104, 52.3736192], [4.8927079, 52.3736202], [4.8927116, 52.373624], [4.8928959, 52.3735556], [4.8929263, 52.3735834], [4.8930202, 52.3735355]]]}}, {"id": "92", "type": "Feature", "properties": {"building_id": "266639557", "area_m2": 2871.892212283765}, "geometry": {"type": "Polygon", "coordinates": [[[4.8936537, 52.3745303], [4.8936977, 52.3745123], [4.8937172, 52.3745278], [4.8937135, 52.3745296], [4.8937265, 52.3745399], [4.8937236, 52.3745412], [4.8937752, 52.3745862], [4.8937775, 52.3745852], [4.8937935, 52.3745991], [4.8937912, 52.3746], [4.8938429, 52.3746451], [4.8938451, 52.3746441], [4.8938625, 52.3746571], [4.8938603, 52.3746582], [4.8939168, 52.374701], [4.893919, 52.3746999], [4.8939276, 52.3747063], [4.8939365, 52.3747128], [4.8939345, 52.374714], [4.8939942, 52.3747553], [4.8939963, 52.3747542], [4.8940065, 52.37476130000001], [4.8940148, 52.3747671], [4.8940127, 52.374768199999984], [4.8940722, 52.3748094], [4.8940743, 52.3748082], [4.8940922, 52.3748201], [4.8941632, 52.3748595], [4.8941698, 52.3748631], [4.8942164, 52.3748866], [4.8944912, 52.3747948], [4.894843, 52.3746773], [4.8947985, 52.3746411], [4.894657, 52.3745263], [4.8946194, 52.3744967], [4.8946067, 52.3744865], [4.8946045, 52.3744876], [4.8945976, 52.374482], [4.8945906, 52.374476399999985], [4.894592, 52.3744758], [4.894539, 52.3744331], [4.8945376, 52.3744338], [4.8945236, 52.3744225], [4.8945252, 52.3744218], [4.8944724, 52.374379199999986], [4.8944708, 52.37438], [4.8944569, 52.3743688], [4.8944577, 52.3743685], [4.894408, 52.3743285], [4.8944072, 52.3743288], [4.8944031, 52.3743256], [4.8943932, 52.37433020000001], [4.8943809, 52.3743203], [4.8943816, 52.37432], [4.8943823, 52.374319], [4.8943822, 52.374318], [4.8943818, 52.3743175], [4.8943807, 52.37431680000001], [4.8943791, 52.3743165], [4.8943767, 52.3743169], [4.8943677, 52.3743097], [4.8943813, 52.3743034], [4.894376, 52.3742991], [4.8940053, 52.374353], [4.894014, 52.3743755], [4.8939852, 52.37439], [4.8938484, 52.374406], [4.893869, 52.3744719], [4.8936703, 52.3744953], [4.8936769, 52.3745004], [4.8936383, 52.3745163], [4.8936537, 52.3745303]]]}}, {"id": "93", "type": "Feature", "properties": {"building_id": "266639558", "area_m2": 84.60568788111458}, "geometry": {"type": "Polygon", "coordinates": [[[4.893994, 52.3750143], [4.8941861, 52.37495360000001], [4.8941444, 52.3749311], [4.8939551, 52.3749909], [4.8939223, 52.3749306], [4.8938817, 52.3749391], [4.8939298, 52.3750274], [4.893994, 52.3750143]]]}}, {"id": "94", "type": "Feature", "properties": {"building_id": "266639559", "area_m2": 96.78324930189919}, "geometry": {"type": "Polygon", "coordinates": [[[4.8924744, 52.3746644], [4.8925019, 52.3745931], [4.8924435, 52.3745815], [4.8923756, 52.3745686], [4.8923314, 52.374683099999984], [4.8924008, 52.374692], [4.8924148, 52.3746558], [4.8924744, 52.3746644]]]}}, {"id": "95", "type": "Feature", "properties": {"building_id": "266639560", "area_m2": 24.240098484379395}, "geometry": {"type": "Polygon", "coordinates": [[[4.8938999, 52.3742121], [4.8938717, 52.3741645], [4.893813, 52.3741725], [4.8938127, 52.3741716], [4.8938091, 52.3741721], [4.8938093, 52.3741727], [4.8938375, 52.3742204], [4.8938999, 52.3742121]]]}}, {"id": "96", "type": "Feature", "properties": {"building_id": "266639561", "area_m2": 27.91392911768446}, "geometry": {"type": "Polygon", "coordinates": [[[4.8937076, 52.37423709999999], [4.8936801, 52.3741907], [4.8936552, 52.3741932], [4.893655, 52.3741925], [4.8936068, 52.3741975], [4.893607, 52.374198], [4.8936354, 52.374246], [4.8937076, 52.37423709999999]]]}}, {"id": "97", "type": "Feature", "properties": {"building_id": "266639563", "area_m2": 300.3032761904585}, "geometry": {"type": "Polygon", "coordinates": [[[4.8938113, 52.3740088], [4.8939537, 52.3739499], [4.8938516, 52.3738714], [4.8935439, 52.3739671], [4.893572, 52.3740059], [4.8935184, 52.37402130000001], [4.8935438, 52.3740565], [4.8938113, 52.3740088]]]}}, {"id": "98", "type": "Feature", "properties": {"building_id": "266639564", "area_m2": 169.15863030362468}, "geometry": {"type": "Polygon", "coordinates": [[[4.8927033, 52.3748825], [4.8927457, 52.3747511], [4.8927098, 52.3747464], [4.892717, 52.3747185], [4.8926028, 52.37470179999998], [4.8926004, 52.374732], [4.8925674, 52.3748598], [4.8927033, 52.3748825]]]}}, {"id": "99", "type": "Feature", "properties": {"building_id": "266639565", "area_m2": 89.19249031740934}, "geometry": {"type": "Polygon", "coordinates": [[[4.8921529, 52.3744314], [4.8922354, 52.3742804], [4.8922371, 52.3742802], [4.8922362, 52.3742766], [4.8921419, 52.3742856], [4.892084, 52.3744054], [4.8921318, 52.3744151], [4.8921265, 52.374426], [4.8921529, 52.3744314]]]}}, {"id": "100", "type": "Feature", "properties": {"building_id": "266639566", "area_m2": 59.26758052915464}, "geometry": {"type": "Polygon", "coordinates": [[[4.8926386, 52.3745914], [4.8926742, 52.3745074], [4.8925846, 52.3744942], [4.8925502, 52.3745757], [4.8925796, 52.3745809], [4.8925803, 52.37457950000001], [4.8926099, 52.3745847], [4.8926092, 52.3745862], [4.8926386, 52.3745914]]]}}, {"id": "101", "type": "Feature", "properties": {"building_id": "266639570", "area_m2": 56.02399569205194}, "geometry": {"type": "Polygon", "coordinates": [[[4.8937334, 52.37415879999999], [4.893698, 52.3741026], [4.893572, 52.3741251], [4.893604, 52.3741758], [4.8936101, 52.374175], [4.8936098, 52.3741742], [4.8937257, 52.374159], [4.8937259, 52.3741598], [4.8937334, 52.37415879999999]]]}}, {"id": "102", "type": "Feature", "properties": {"building_id": "266639571", "area_m2": 104.65115608475018}, "geometry": {"type": "Polygon", "coordinates": [[[4.8924512, 52.37370259999999], [4.8926244, 52.3736648], [4.8925855, 52.37363079999999], [4.8923275, 52.3736889], [4.8923283, 52.3736892], [4.892361, 52.3737224], [4.8923875, 52.3737509], [4.8924689, 52.3737329], [4.8924512, 52.37370259999999]]]}}, {"id": "103", "type": "Feature", "properties": {"building_id": "266639573", "area_m2": 30.597715457006863}, "geometry": {"type": "Polygon", "coordinates": [[[4.8939779, 52.374201699999986], [4.8939484, 52.374152], [4.8939432, 52.374153], [4.8939435, 52.3741537], [4.8938767, 52.3741644], [4.8938764, 52.3741637], [4.8938717, 52.3741645], [4.8938999, 52.3742121], [4.8939779, 52.374201699999986]]]}}, {"id": "104", "type": "Feature", "properties": {"building_id": "266639574", "area_m2": 122.48135481843931}, "geometry": {"type": "Polygon", "coordinates": [[[4.8943816, 52.3749803], [4.8946592, 52.374882], [4.8946474, 52.374869], [4.894655, 52.3748664], [4.8946308, 52.3748395], [4.8946144, 52.37484509999999], [4.8943199, 52.3749444], [4.8943816, 52.3749803]]]}}, {"id": "105", "type": "Feature", "properties": {"building_id": "266639576", "area_m2": 20.67829473541402}, "geometry": {"type": "Polygon", "coordinates": [[[4.8927043, 52.3742598], [4.8927056, 52.3742158], [4.8926413, 52.37421530000001], [4.8926401, 52.3742563], [4.8926446, 52.3742567], [4.8926447, 52.3742561], [4.8926586, 52.3742569], [4.8926585, 52.3742574], [4.8927043, 52.3742598]]]}}, {"id": "106", "type": "Feature", "properties": {"building_id": "266639578", "area_m2": 96.18764164461875}, "geometry": {"type": "Polygon", "coordinates": [[[4.8925471, 52.3744391], [4.8926111, 52.37428769999999], [4.892569, 52.3742833], [4.8925685, 52.3742848], [4.8925383, 52.3742816], [4.8925387, 52.3742801], [4.8925333, 52.3742796], [4.8924633, 52.3744259], [4.8925144, 52.374434], [4.8925471, 52.3744391]]]}}, {"id": "107", "type": "Feature", "properties": {"building_id": "266639579", "area_m2": 264.13430743677145}, "geometry": {"type": "Polygon", "coordinates": [[[4.894377, 52.37429859999998], [4.8942859, 52.3742266], [4.8942825, 52.37422819999998], [4.8938508, 52.3742866], [4.8938652, 52.3743238], [4.8939767, 52.3743106], [4.8939939, 52.3743547], [4.8940053, 52.374353], [4.894376, 52.3742991], [4.894377, 52.37429859999998]]]}}, {"id": "108", "type": "Feature", "properties": {"building_id": "266639580", "area_m2": 133.51641397695766}, "geometry": {"type": "Polygon", "coordinates": [[[4.8943199, 52.3749444], [4.8946144, 52.37484509999999], [4.8945841, 52.3748114], [4.8945109, 52.3748169], [4.8944842, 52.3748272], [4.8944863, 52.37483069999998], [4.894255, 52.3749081], [4.8943199, 52.3749444]]]}}, {"id": "109", "type": "Feature", "properties": {"building_id": "266639581", "area_m2": 94.41206906614558}, "geometry": {"type": "Polygon", "coordinates": [[[4.8923275, 52.3736889], [4.8925855, 52.37363079999999], [4.8925854, 52.37362969999999], [4.8925449, 52.3735906], [4.8924064, 52.3736214], [4.8922999, 52.3736451], [4.8923271, 52.373685], [4.8923256, 52.3736872], [4.8923266, 52.3736886], [4.8923275, 52.3736889]]]}}, {"id": "110", "type": "Feature", "properties": {"building_id": "266639582", "area_m2": 88.21126711874898}, "geometry": {"type": "Polygon", "coordinates": [[[4.8925875, 52.3744873], [4.8926692, 52.3742942], [4.892665, 52.37429370000001], [4.8926646, 52.3742952], [4.8926498, 52.3742936], [4.8926503, 52.374292099999984], [4.8926111, 52.37428769999999], [4.8925471, 52.3744391], [4.8925305, 52.3744783], [4.8925875, 52.3744873]]]}}, {"id": "111", "type": "Feature", "properties": {"building_id": "266639583", "area_m2": 135.58907451862171}, "geometry": {"type": "Polygon", "coordinates": [[[4.8926694, 52.3750687], [4.8927142, 52.3750753], [4.8927726, 52.374926], [4.8927683, 52.3749253], [4.8927679, 52.37492610000001], [4.8926647, 52.37490979999998], [4.892665, 52.374909], [4.8926607, 52.3749083], [4.8925996, 52.3750584], [4.8926694, 52.3750687]]]}}, {"id": "112", "type": "Feature", "properties": {"building_id": "266639585", "area_m2": 25.807697970390322}, "geometry": {"type": "Polygon", "coordinates": [[[4.892584, 52.3742451], [4.8926116, 52.37417639999999], [4.892567, 52.37417], [4.8925343, 52.3742354], [4.8925336, 52.3742369], [4.8925391, 52.3742379], [4.8925399, 52.3742364], [4.8925665, 52.3742412], [4.8925662, 52.3742418], [4.892584, 52.3742451]]]}}, {"id": "113", "type": "Feature", "properties": {"building_id": "266639586", "area_m2": 46.64291223057148}, "geometry": {"type": "Polygon", "coordinates": [[[4.8933267, 52.3750576], [4.8933075, 52.3749827], [4.8932489, 52.374983], [4.8932797, 52.3750864], [4.8932848, 52.3751036], [4.8933371, 52.3750986], [4.8933308, 52.375074], [4.8933018, 52.3750768], [4.8932976, 52.37506040000001], [4.8933267, 52.3750576]]]}}, {"id": "114", "type": "Feature", "properties": {"building_id": "266639587", "area_m2": 215.32236858507582}, "geometry": {"type": "Polygon", "coordinates": [[[4.8947276, 52.3748578], [4.8949641, 52.3747741], [4.8948856, 52.3747086], [4.8945841, 52.3748114], [4.8946144, 52.37484509999999], [4.8946308, 52.3748395], [4.894655, 52.3748664], [4.8946474, 52.374869], [4.8946592, 52.374882], [4.8947276, 52.3748578]]]}}, {"id": "115", "type": "Feature", "properties": {"building_id": "266903826", "area_m2": 104.19015042128206}, "geometry": {"type": "Polygon", "coordinates": [[[4.8927059, 52.3722978], [4.8926922, 52.3722399], [4.8924247, 52.3722457], [4.8924281, 52.372304], [4.8924588, 52.3723033], [4.8924722, 52.372303], [4.8924697, 52.37226], [4.8925194, 52.372259], [4.8925219, 52.37230189999998], [4.8927059, 52.3722978]]]}}, {"id": "116", "type": "Feature", "properties": {"building_id": "266903831", "area_m2": 55.2571824485295}, "geometry": {"type": "Polygon", "coordinates": [[[4.8925454, 52.3712914], [4.8925434, 52.371268], [4.8925594, 52.3712664], [4.8925583, 52.3712626], [4.8925573, 52.3712629], [4.8923127, 52.3712784], [4.8923189, 52.3713093], [4.8925663, 52.3712936], [4.8925668, 52.3712931], [4.8925657, 52.37128929999999], [4.8925454, 52.3712914]]]}}, {"id": "117", "type": "Feature", "properties": {"building_id": "266903838", "area_m2": 315.32752117828346}, "geometry": {"type": "Polygon", "coordinates": [[[4.8924184, 52.371888], [4.8924195, 52.3718315], [4.8920761, 52.3718277], [4.8920732, 52.37188529999998], [4.8920698, 52.3719428], [4.8920716, 52.3719428], [4.8924081, 52.3719453], [4.8924426, 52.3719456], [4.8924426, 52.371942899999986], [4.8924546, 52.371942899999986], [4.8924547, 52.3718883], [4.8924184, 52.371888]]]}}, {"id": "118", "type": "Feature", "properties": {"building_id": "266903839", "area_m2": 81.67759744530365}, "geometry": {"type": "Polygon", "coordinates": [[[4.8924965, 52.3710764], [4.8924867, 52.3710407], [4.8924925, 52.3710401], [4.8924915, 52.37103609999998], [4.8922301, 52.3710503], [4.8922369, 52.371084], [4.8923103, 52.37108], [4.8923124, 52.3710906], [4.8925039, 52.3710803], [4.8925035, 52.3710798], [4.8925023, 52.3710758], [4.8924965, 52.3710764]]]}}, {"id": "119", "type": "Feature", "properties": {"building_id": "266903847", "area_m2": 342.19532704917987}, "geometry": {"type": "Polygon", "coordinates": [[[4.8923557, 52.3715085], [4.8926164, 52.3714981], [4.8926061, 52.3714427], [4.8923959, 52.3714506], [4.892312, 52.3714545], [4.8920862, 52.3714621], [4.8920418, 52.37146409999998], [4.892053, 52.3715206], [4.8920629, 52.3715644], [4.892062, 52.371565], [4.8923605, 52.3715531], [4.8923557, 52.3715085]]]}}, {"id": "120", "type": "Feature", "properties": {"building_id": "266903850", "area_m2": 192.56938011442202}, "geometry": {"type": "Polygon", "coordinates": [[[4.8926524, 52.3717173], [4.8926452, 52.37166339999999], [4.8923763, 52.3716704], [4.8923779, 52.3716943], [4.8924185, 52.3716933], [4.8924203, 52.3717197], [4.8923797, 52.3717201], [4.8923566, 52.3717203], [4.8923594, 52.3717622], [4.8924299, 52.371761499999984], [4.8926564, 52.3717592], [4.8926524, 52.3717173]]]}}, {"id": "121", "type": "Feature", "properties": {"building_id": "266903863", "area_m2": 101.17434126619146}, "geometry": {"type": "Polygon", "coordinates": [[[4.8926607, 52.371870399999985], [4.8926602, 52.3718544], [4.8926593, 52.3718545], [4.8926588, 52.37183979999999], [4.8926624, 52.37183979999999], [4.8926622, 52.3718357], [4.8926558, 52.3718358], [4.8924195, 52.3718315], [4.8924184, 52.371888], [4.8924547, 52.3718883], [4.8926643, 52.37189], [4.8926638, 52.3718851], [4.8926603, 52.3718851], [4.8926599, 52.3718704], [4.8926607, 52.371870399999985]]]}}, {"id": "122", "type": "Feature", "properties": {"building_id": "266903877", "area_m2": 157.54064565370714}, "geometry": {"type": "Polygon", "coordinates": [[[4.8925488, 52.3712351], [4.8925481, 52.3712318], [4.8925471, 52.371228], [4.8925428, 52.3712285], [4.8925299, 52.3711894], [4.8925342, 52.3711889], [4.892533, 52.3711851], [4.892252, 52.3712027], [4.8922615, 52.3712501], [4.8923065, 52.3712473], [4.8923127, 52.3712784], [4.8925573, 52.3712629], [4.8925563, 52.37125970000001], [4.8925404, 52.3712615], [4.8925416, 52.371236], [4.8925488, 52.3712351]]]}}, {"id": "123", "type": "Feature", "properties": {"building_id": "266903878", "area_m2": 285.24075793000816}, "geometry": {"type": "Polygon", "coordinates": [[[4.8923166, 52.3713699], [4.892331, 52.3713692], [4.8923189, 52.3713093], [4.8923127, 52.3712784], [4.8923065, 52.3712473], [4.8922615, 52.3712501], [4.8919917, 52.3712673], [4.8919927, 52.3712709], [4.8919917, 52.371271], [4.8920063, 52.3713251], [4.8920073, 52.371325], [4.892008, 52.3713275], [4.8920091, 52.3713274], [4.8920235, 52.371381], [4.8920256, 52.3713808], [4.8920265, 52.3713841], [4.8923166, 52.3713699]]]}}, {"id": "124", "type": "Feature", "properties": {"building_id": "266903894", "area_m2": 120.31415360966443}, "geometry": {"type": "Polygon", "coordinates": [[[4.8927024, 52.3723421], [4.8927123, 52.3723329], [4.8927044, 52.3723024], [4.8927064, 52.3723021], [4.8927059, 52.3722978], [4.8925219, 52.37230189999998], [4.8924722, 52.372303], [4.8924588, 52.3723033], [4.8924601, 52.3723177], [4.892462, 52.3723372], [4.8923994, 52.37233939999999], [4.8924015, 52.3723622], [4.8924424, 52.3723754], [4.8924984, 52.3723683], [4.8925425, 52.37236269999999], [4.8925424, 52.3723612], [4.8926603, 52.3723475], [4.8926603, 52.372348], [4.8926669, 52.3723473], [4.8926666, 52.3723461], [4.8927024, 52.3723421]]]}}, {"id": "125", "type": "Feature", "properties": {"building_id": "266903895", "area_m2": 310.1087350338773}, "geometry": {"type": "Polygon", "coordinates": [[[4.8925155, 52.3711228], [4.8925078, 52.371094], [4.8925023, 52.3710945], [4.8924995, 52.3710844], [4.8925051, 52.3710839], [4.8925043, 52.3710808], [4.8925039, 52.3710803], [4.8923124, 52.3710906], [4.8923103, 52.37108], [4.8922369, 52.371084], [4.8919361, 52.3711003], [4.8919374, 52.3711036], [4.8919361, 52.3711038], [4.8919748, 52.3712137], [4.8919759, 52.37121359999998], [4.8919782, 52.3712199], [4.8921438, 52.3712095], [4.8921314, 52.371148], [4.8925166, 52.3711239], [4.8925155, 52.3711228]]]}}, {"id": "126", "type": "Feature", "properties": {"building_id": "266903908", "area_m2": 469.3529978549132}, "geometry": {"type": "Polygon", "coordinates": [[[4.892611, 52.371652], [4.8926067, 52.3716252], [4.8926389, 52.3716233], [4.8926367, 52.3716092], [4.8923676, 52.37162], [4.8923619, 52.3715665], [4.8923605, 52.3715531], [4.892062, 52.371565], [4.8920612, 52.3715656], [4.8920618, 52.3715701], [4.892063, 52.37157], [4.8920682, 52.371607], [4.8920662, 52.3716071], [4.8920669, 52.3716121], [4.8920689, 52.371612], [4.8920713, 52.3716292], [4.8920701, 52.3716293], [4.8920734, 52.3716532], [4.8920768, 52.3716772], [4.8920781, 52.3716774], [4.8920784, 52.3716791], [4.8920785, 52.3717187], [4.8920762, 52.3717187], [4.8920762, 52.3717227], [4.8920779, 52.3717232], [4.8923566, 52.3717203], [4.8923797, 52.3717201], [4.8923779, 52.3716943], [4.8923763, 52.3716704], [4.8926452, 52.37166339999999], [4.8926431, 52.37165009999999], [4.892611, 52.371652]]]}}, {"id": "127", "type": "Feature", "properties": {"building_id": "266903930", "area_m2": 55.45063464631006}, "geometry": {"type": "Polygon", "coordinates": [[[4.8923099, 52.3721115], [4.8923098, 52.3720802], [4.8920742, 52.37208039999999], [4.8920763, 52.3721115], [4.8923099, 52.3721115]]]}}, {"id": "128", "type": "Feature", "properties": {"building_id": "266903949", "area_m2": 27.465174833684777}, "geometry": {"type": "Polygon", "coordinates": [[[4.8924334, 52.3718131], [4.8924299, 52.371761499999984], [4.8923594, 52.3717622], [4.8923629, 52.3718134], [4.8924334, 52.3718131]]]}}, {"id": "129", "type": "Feature", "properties": {"building_id": "266903962", "area_m2": 131.41148735939234}, "geometry": {"type": "Polygon", "coordinates": [[[4.8923244, 52.3714302], [4.8923166, 52.3713699], [4.8920265, 52.3713841], [4.8920254, 52.3713842], [4.8920385, 52.3714431], [4.8923244, 52.3714302]]]}}, {"id": "130", "type": "Feature", "properties": {"building_id": "266903968", "area_m2": 120.01154793721308}, "geometry": {"type": "Polygon", "coordinates": [[[4.8924083, 52.371991], [4.8924081, 52.3719453], [4.8920716, 52.3719428], [4.89207, 52.371991], [4.8923542, 52.371991], [4.8924083, 52.371991]]]}}, {"id": "131", "type": "Feature", "properties": {"building_id": "266903972", "area_m2": 115.76322507091912}, "geometry": {"type": "Polygon", "coordinates": [[[4.8926258, 52.371556], [4.8926164, 52.3714981], [4.8923557, 52.3715085], [4.8923605, 52.3715531], [4.8923619, 52.3715665], [4.8926258, 52.371556]]]}}, {"id": "132", "type": "Feature", "properties": {"building_id": "266903976", "area_m2": 97.78928801188798}, "geometry": {"type": "Polygon", "coordinates": [[[4.8923544, 52.3720366], [4.8923542, 52.371991], [4.89207, 52.371991], [4.8920712, 52.3720364], [4.892353, 52.3720366], [4.8923544, 52.3720366]]]}}, {"id": "133", "type": "Feature", "properties": {"building_id": "266903978", "area_m2": 78.81127713350737}, "geometry": {"type": "Polygon", "coordinates": [[[4.8922369, 52.371084], [4.8922301, 52.3710503], [4.8919213, 52.371067], [4.8919353, 52.3711004], [4.8919361, 52.3711003], [4.8922369, 52.371084]]]}}, {"id": "134", "type": "Feature", "properties": {"building_id": "266903990", "area_m2": 257.3030951784074}, "geometry": {"type": "Polygon", "coordinates": [[[4.8924799, 52.3709904], [4.8924521, 52.370886], [4.8920974, 52.3709018], [4.8921103, 52.3709663], [4.8922121, 52.3709608], [4.8922209, 52.3710044], [4.8924799, 52.3709904]]]}}, {"id": "135", "type": "Feature", "properties": {"building_id": "266903994", "area_m2": 99.39387325761108}, "geometry": {"type": "Polygon", "coordinates": [[[4.8922615, 52.3712501], [4.892252, 52.3712027], [4.8921438, 52.3712095], [4.8919782, 52.3712199], [4.8919766, 52.3712201], [4.8919917, 52.3712673], [4.8922615, 52.3712501]]]}}, {"id": "136", "type": "Feature", "properties": {"building_id": "266903998", "area_m2": 86.5314429425366}, "geometry": {"type": "Polygon", "coordinates": [[[4.8926697, 52.3719419], [4.8926647, 52.37189080000001], [4.8926643, 52.37189], [4.8924547, 52.3718883], [4.8924546, 52.371942899999986], [4.8926694, 52.3719429], [4.8926697, 52.3719419]]]}}, {"id": "137", "type": "Feature", "properties": {"building_id": "266904006", "area_m2": 85.69864882175585}, "geometry": {"type": "Polygon", "coordinates": [[[4.8919213, 52.371067], [4.8922301, 52.3710503], [4.8922233, 52.3710165], [4.892081, 52.3710242], [4.8920803, 52.3710207], [4.8919054, 52.3710302], [4.8919204, 52.3710672], [4.8919213, 52.371067]]]}}, {"id": "138", "type": "Feature", "properties": {"building_id": "266904014", "area_m2": 932.9954286670745}, "geometry": {"type": "Polygon", "coordinates": [[[4.8926694, 52.3720408], [4.8926683, 52.3720126], [4.8926719, 52.3720126], [4.8926717, 52.3720072], [4.892668, 52.3720073], [4.892667, 52.3719818], [4.8926707, 52.3719818], [4.8926704, 52.3719764], [4.8926668, 52.3719764], [4.8926656, 52.3719483], [4.8926693, 52.37194829999998], [4.8926691, 52.3719439], [4.8926694, 52.3719429], [4.8924546, 52.371942899999986], [4.8924426, 52.371942899999986], [4.8924426, 52.3719456], [4.8924423, 52.3720498], [4.8924191, 52.3720499], [4.8924192, 52.3720587], [4.8923736, 52.3720588], [4.8923736, 52.3720499], [4.8923097, 52.37205], [4.8923097, 52.3720457], [4.8923527, 52.3720456], [4.892353, 52.3720366], [4.8920712, 52.3720364], [4.8920742, 52.37208039999999], [4.8923098, 52.3720802], [4.8923097, 52.3720714], [4.8924328, 52.3720712], [4.8924326, 52.3721585], [4.8924325, 52.3721794], [4.8923103, 52.3721799], [4.8923102, 52.3721686], [4.8921647, 52.3721693], [4.8920795, 52.3721696], [4.8920807, 52.3723115], [4.8923117, 52.3723065], [4.8923109, 52.3722362], [4.8923335, 52.3722361], [4.8923339, 52.3722645], [4.8923341, 52.3722659], [4.8923352, 52.3722686], [4.8923385, 52.3722722], [4.8923415, 52.3722742], [4.8923433, 52.372275], [4.8923493, 52.3722769], [4.8923559, 52.3722777], [4.8923626, 52.3722772], [4.8923688, 52.3722755], [4.8923723, 52.3722738], [4.8923753, 52.3722717], [4.8923783, 52.372268], [4.8923794, 52.372264], [4.8923791, 52.3722359], [4.8924242, 52.3722358], [4.8924247, 52.3722457], [4.8926922, 52.3722399], [4.8926923, 52.3722342], [4.8926872, 52.3722078], [4.8926799, 52.3721672], [4.8925611, 52.3721677], [4.892561, 52.3721582], [4.8925608, 52.3721461], [4.8926774, 52.3721455], [4.8926772, 52.3721401], [4.8926735, 52.3721402], [4.8926724, 52.372112], [4.892676, 52.3721119], [4.8926758, 52.3721066], [4.8926721, 52.3721066], [4.892671, 52.3720784], [4.8926746, 52.3720784], [4.8926731, 52.3720407], [4.8926694, 52.3720408]]]}}, {"id": "139", "type": "Feature", "properties": {"building_id": "266904024", "area_m2": 133.70415755453206}, "geometry": {"type": "Polygon", "coordinates": [[[4.8922209, 52.3710044], [4.8922121, 52.3709608], [4.8921103, 52.3709663], [4.891879, 52.370979], [4.8919054, 52.3710302], [4.8920803, 52.3710207], [4.892081, 52.3710242], [4.8922233, 52.3710165], [4.8922209, 52.3710044]]]}}, {"id": "140", "type": "Feature", "properties": {"building_id": "266904027", "area_m2": 224.4280060165682}, "geometry": {"type": "Polygon", "coordinates": [[[4.892361, 52.3724682], [4.8923621, 52.3724686], [4.8924342, 52.372385], [4.8923936, 52.3723719], [4.892086, 52.3723868], [4.8920904, 52.3724814], [4.892361, 52.3724682]]]}}, {"id": "141", "type": "Feature", "properties": {"building_id": "266904038", "area_m2": 112.9651883078261}, "geometry": {"type": "Polygon", "coordinates": [[[4.892568, 52.371352], [4.8925559, 52.3713019], [4.8925675, 52.37130089999999], [4.8925659, 52.371294099999986], [4.8925663, 52.3712936], [4.8923189, 52.3713093], [4.892331, 52.3713692], [4.8925811, 52.371357], [4.8925796, 52.3713509], [4.892568, 52.371352]]]}}, {"id": "142", "type": "Feature", "properties": {"building_id": "266904039", "area_m2": 89.86470222446361}, "geometry": {"type": "Polygon", "coordinates": [[[4.8924855, 52.3710333], [4.8924758, 52.3709948], [4.8924809, 52.3709943], [4.8924799, 52.3709904], [4.8922209, 52.3710044], [4.8922233, 52.3710165], [4.8922301, 52.3710503], [4.8924915, 52.37103609999998], [4.8924906, 52.3710328], [4.8924855, 52.3710333]]]}}, {"id": "143", "type": "Feature", "properties": {"building_id": "266904043", "area_m2": 123.4220609269774}, "geometry": {"type": "Polygon", "coordinates": [[[4.8925988, 52.3714171], [4.892587, 52.3713772], [4.8925798, 52.3713779], [4.8925761, 52.3713654], [4.8925833, 52.3713647], [4.8925811, 52.371357], [4.892331, 52.3713692], [4.8923166, 52.3713699], [4.8923244, 52.3714302], [4.8925988, 52.3714171]]]}}, {"id": "144", "type": "Feature", "properties": {"building_id": "266904046", "area_m2": 93.11360624824955}, "geometry": {"type": "Polygon", "coordinates": [[[4.8923805, 52.3723401], [4.8923786, 52.3723206], [4.8924601, 52.3723177], [4.8924588, 52.3723033], [4.8924281, 52.372304], [4.8923117, 52.3723065], [4.8920807, 52.3723115], [4.8920817, 52.3723507], [4.8920831, 52.3723507], [4.8923805, 52.3723401]]]}}, {"id": "145", "type": "Feature", "properties": {"building_id": "266904057", "area_m2": 89.81899471018674}, "geometry": {"type": "Polygon", "coordinates": [[[4.8926591, 52.371814], [4.892657, 52.3717729], [4.8926446, 52.3717731], [4.8926441, 52.3717635], [4.8926566, 52.3717633], [4.8926564, 52.3717592], [4.8924299, 52.371761499999984], [4.8924334, 52.3718131], [4.8925008, 52.3718129], [4.8926591, 52.371814]]]}}, {"id": "146", "type": "Feature", "properties": {"building_id": "266904059", "area_m2": 87.20430604780061}, "geometry": {"type": "Polygon", "coordinates": [[[4.89231, 52.3721471], [4.8923099, 52.3721115], [4.8920763, 52.3721115], [4.8920787, 52.3721479], [4.8921645, 52.3721476], [4.8921646, 52.372159], [4.8921647, 52.3721693], [4.8923102, 52.3721686], [4.8923101, 52.3721587], [4.89231, 52.3721471]]]}}, {"id": "147", "type": "Feature", "properties": {"building_id": "266904060", "area_m2": 85.73999123738895}, "geometry": {"type": "Polygon", "coordinates": [[[4.8924424, 52.3723754], [4.8924015, 52.3723622], [4.8923994, 52.37233939999999], [4.8923805, 52.3723401], [4.8920831, 52.3723507], [4.8920837, 52.3723869], [4.892086, 52.3723868], [4.8923936, 52.3723719], [4.8924342, 52.372385], [4.8924424, 52.3723754]]]}}, {"id": "148", "type": "Feature", "properties": {"building_id": "266934410", "area_m2": 165.1255371965823}, "geometry": {"type": "Polygon", "coordinates": [[[4.896597, 52.371404], [4.8965187, 52.3713348], [4.8962549, 52.3714099], [4.896282, 52.3714331], [4.8962987, 52.3714467], [4.8963596, 52.3714288], [4.8963974, 52.3714636], [4.8964402, 52.371450899999985], [4.8965174, 52.3714282], [4.8965976, 52.3714045], [4.896597, 52.371404]]]}}, {"id": "149", "type": "Feature", "properties": {"building_id": "266934411", "area_m2": 96.60605071738654}, "geometry": {"type": "Polygon", "coordinates": [[[4.8949295, 52.37172540000001], [4.8949561, 52.3717607], [4.8950309, 52.3717408], [4.8952801, 52.3716746], [4.8952486, 52.371644900000014], [4.8950675, 52.3716914], [4.8950231, 52.37170230000001], [4.8949905, 52.3717112], [4.8949775, 52.3717145], [4.894976, 52.3717123], [4.8949295, 52.37172540000001]]]}}, {"id": "150", "type": "Feature", "properties": {"building_id": "266934412", "area_m2": 207.69118617618267}, "geometry": {"type": "Polygon", "coordinates": [[[4.8962549, 52.3714099], [4.8965187, 52.3713348], [4.8964806, 52.3713004], [4.8963656, 52.3713283], [4.8963273, 52.3712693], [4.8962614, 52.3712863], [4.8961146, 52.3713206], [4.8961434, 52.371365], [4.8961531, 52.3713799], [4.8962243, 52.3713626], [4.8962549, 52.3714099]]]}}, {"id": "151", "type": "Feature", "properties": {"building_id": "266934413", "area_m2": 180.61250114966967}, "geometry": {"type": "Polygon", "coordinates": [[[4.8936845, 52.3716151], [4.8936983, 52.3716594], [4.8940645, 52.371605], [4.894081, 52.3716408], [4.8941633, 52.3716278], [4.8941602, 52.3716209], [4.8941486, 52.3715958], [4.8941412, 52.3715798], [4.8941254, 52.3715478], [4.8940973, 52.3715525], [4.8940332, 52.3715634], [4.8936845, 52.3716151]]]}}, {"id": "152", "type": "Feature", "properties": {"building_id": "266934414", "area_m2": 67.83212570294084}, "geometry": {"type": "Polygon", "coordinates": [[[4.8961373, 52.3717075], [4.8961102, 52.3716793], [4.8961171, 52.371663], [4.8961432, 52.3716536], [4.8961234, 52.371633], [4.8959775, 52.3716852], [4.8960378, 52.3717324], [4.896042, 52.3717304], [4.8960636, 52.3717328], [4.8960667, 52.3717356], [4.8961373, 52.3717075]]]}}, {"id": "153", "type": "Feature", "properties": {"building_id": "266934415", "area_m2": 56.09603703371011}, "geometry": {"type": "Polygon", "coordinates": [[[4.8945184, 52.3720847], [4.894622, 52.372206], [4.8946264, 52.3722046], [4.8946261, 52.37220420000001], [4.8946701, 52.37218939999999], [4.8946704, 52.3721898], [4.8946748, 52.3721883], [4.8946059, 52.3721076], [4.8945903, 52.3721126], [4.8945561, 52.3720726], [4.8945184, 52.3720847]]]}}, {"id": "154", "type": "Feature", "properties": {"building_id": "266934416", "area_m2": 86.22681990646686}, "geometry": {"type": "Polygon", "coordinates": [[[4.894864, 52.3718587], [4.8948861, 52.3718868], [4.8948701, 52.37189140000001], [4.8948843, 52.3719096], [4.8950284, 52.37186890000001], [4.8951125, 52.37184520000001], [4.8950798, 52.3718034], [4.8950139, 52.3718227], [4.894926, 52.3718479], [4.8949221, 52.3718429], [4.894864, 52.3718587]]]}}, {"id": "155", "type": "Feature", "properties": {"building_id": "266934417", "area_m2": 124.91540554432066}, "geometry": {"type": "Polygon", "coordinates": [[[4.8950309, 52.3717408], [4.895044, 52.3717577], [4.8950798, 52.3718034], [4.8951125, 52.37184520000001], [4.8951778, 52.3718267], [4.8951266, 52.3717614], [4.8951421, 52.3717566], [4.8951592, 52.37175139999998], [4.8953163, 52.3717069], [4.8952801, 52.3716746], [4.8950309, 52.3717408]]]}}, {"id": "156", "type": "Feature", "properties": {"building_id": "266934418", "area_m2": 65.84829192399471}, "geometry": {"type": "Polygon", "coordinates": [[[4.8951266, 52.3717614], [4.8951778, 52.3718267], [4.8952179, 52.37181540000001], [4.8951887, 52.3717818], [4.8953471, 52.37173629999999], [4.8953163, 52.3717069], [4.8951592, 52.37175139999998], [4.8951733, 52.3717687], [4.8951562, 52.3717739], [4.8951421, 52.3717566], [4.8951266, 52.3717614]]]}}, {"id": "157", "type": "Feature", "properties": {"building_id": "266934419", "area_m2": 352.57877028823503}, "geometry": {"type": "Polygon", "coordinates": [[[4.8941727, 52.37177279999999], [4.8941317, 52.3716693], [4.8940971, 52.3716756], [4.8940487, 52.3716844], [4.894057, 52.3717017], [4.8939978, 52.3717124], [4.8939895, 52.371695199999984], [4.8937207, 52.3717441], [4.8937337, 52.3717877], [4.8937563, 52.3718542], [4.8939477, 52.3718188], [4.8941727, 52.37177279999999]]]}}, {"id": "158", "type": "Feature", "properties": {"building_id": "266934420", "area_m2": 52.70348612519692}, "geometry": {"type": "Polygon", "coordinates": [[[4.8966418, 52.3715286], [4.8965654, 52.3714583], [4.8965446, 52.3714392], [4.8965331, 52.3714426], [4.8965174, 52.3714282], [4.8964402, 52.371450899999985], [4.8964613, 52.3714704], [4.8964885, 52.3714624], [4.8965066, 52.371457], [4.8965219, 52.37147109999999], [4.8966004, 52.3715433], [4.8966418, 52.3715286]]]}}, {"id": "159", "type": "Feature", "properties": {"building_id": "266934421", "area_m2": 241.67972616217702}, "geometry": {"type": "Polygon", "coordinates": [[[4.894643, 52.371995], [4.8946833, 52.3720424], [4.8947079, 52.3720709], [4.8947225, 52.3720879], [4.8947777, 52.3721544], [4.894849, 52.372131], [4.8949491, 52.3720988], [4.8949019, 52.3720401], [4.894892, 52.3720427], [4.8948793, 52.3720269], [4.8948945, 52.3720224], [4.8948692, 52.3719909], [4.8948185, 52.3720062], [4.8947781, 52.3719559], [4.894643, 52.371995]]]}}, {"id": "160", "type": "Feature", "properties": {"building_id": "266934422", "area_m2": 576.0527060940847}, "geometry": {"type": "Polygon", "coordinates": [[[4.8945629, 52.371527599999986], [4.8946332, 52.3716856], [4.8947522, 52.3716584], [4.8948181, 52.3716435], [4.8948688, 52.371632], [4.8949998, 52.3716016], [4.8949764, 52.3715602], [4.8951239, 52.37152170000001], [4.8950633, 52.371460800000015], [4.8950629, 52.3714605], [4.8950617, 52.3714609], [4.8950445, 52.3714438], [4.8950273, 52.3714266], [4.8946907, 52.3715061], [4.8945863, 52.3715237], [4.8945629, 52.371527599999986]]]}}, {"id": "161", "type": "Feature", "properties": {"building_id": "266934424", "area_m2": 51.7501716079537}, "geometry": {"type": "Polygon", "coordinates": [[[4.8951887, 52.3717818], [4.8952179, 52.37181540000001], [4.8953846, 52.3717684], [4.8953803, 52.3717647], [4.8953784, 52.3717655], [4.8953614, 52.3717509], [4.8953633, 52.3717501], [4.895359, 52.371746399999985], [4.8953578, 52.3717469], [4.8953501, 52.3717403], [4.8953513, 52.3717398], [4.8953471, 52.37173629999999], [4.8951887, 52.3717818]]]}}, {"id": "162", "type": "Feature", "properties": {"building_id": "266934425", "area_m2": 118.836251992715}, "geometry": {"type": "Polygon", "coordinates": [[[4.8944836, 52.3720439], [4.8945184, 52.3720847], [4.8945561, 52.3720726], [4.8945903, 52.3721126], [4.8946059, 52.3721076], [4.8946748, 52.3721883], [4.8946754, 52.3721889], [4.8947208, 52.3721744], [4.8947333, 52.3721704], [4.8947039, 52.3721353], [4.8947028, 52.3721356], [4.8946618, 52.3720851], [4.8946433, 52.3720623], [4.8945978, 52.3720082], [4.8944836, 52.3720439]]]}}, {"id": "163", "type": "Feature", "properties": {"building_id": "266934426", "area_m2": 112.3240792067433}, "geometry": {"type": "Polygon", "coordinates": [[[4.8946773, 52.3713548], [4.8947187, 52.3714444], [4.8947331, 52.3714409], [4.8947811, 52.3714292], [4.8947648, 52.371395], [4.8949485, 52.3713518], [4.8949181, 52.3713213], [4.8949124, 52.3713156], [4.8949008, 52.37131749999999], [4.8948024, 52.3713337], [4.8947405, 52.3713444], [4.894715, 52.37134850000001], [4.8947153, 52.3713494], [4.8947012, 52.3713517], [4.8947008, 52.3713509], [4.8946773, 52.3713548]]]}}, {"id": "164", "type": "Feature", "properties": {"building_id": "266934427", "area_m2": 98.02073617235088}, "geometry": {"type": "Polygon", "coordinates": [[[4.8948013, 52.3718033], [4.8948127, 52.37181789999999], [4.8948285, 52.3718132], [4.894864, 52.3718587], [4.8949221, 52.3718429], [4.894926, 52.3718479], [4.8950139, 52.3718227], [4.8949781, 52.371777], [4.895044, 52.3717577], [4.8950309, 52.3717408], [4.8949561, 52.3717607], [4.894913, 52.3717722], [4.8948485, 52.37178930000001], [4.8948013, 52.3718033]]]}}, {"id": "165", "type": "Feature", "properties": {"building_id": "266934428", "area_m2": 209.6138808521481}, "geometry": {"type": "Polygon", "coordinates": [[[4.8942294, 52.3722], [4.8942673, 52.3722465], [4.8943219, 52.3722295], [4.8943725, 52.3722137], [4.8944222, 52.3721983], [4.8944704, 52.3722556], [4.8944867, 52.3722497], [4.8945442, 52.3722308], [4.8945447, 52.3722313], [4.8945506, 52.3722295], [4.8944113, 52.3720664], [4.8943058, 52.3720994], [4.8943529, 52.3721638], [4.8943225, 52.3721721], [4.8942294, 52.3722]]]}}, {"id": "166", "type": "Feature", "properties": {"building_id": "266934429", "area_m2": 84.01162211982466}, "geometry": {"type": "Polygon", "coordinates": [[[4.8947781, 52.3719559], [4.8948185, 52.3720062], [4.8948692, 52.3719909], [4.8948945, 52.3720224], [4.8948793, 52.3720269], [4.894892, 52.3720427], [4.8949019, 52.3720401], [4.8949491, 52.3720988], [4.8950021, 52.3720829], [4.894914, 52.3719774], [4.8949004, 52.37198149999998], [4.8948905, 52.37196929999999], [4.8948738, 52.3719743], [4.8948437, 52.3719369], [4.8947781, 52.3719559]]]}}, {"id": "167", "type": "Feature", "properties": {"building_id": "266934430", "area_m2": 171.99532857963283}, "geometry": {"type": "Polygon", "coordinates": [[[4.8945647, 52.3714769], [4.8945863, 52.3715237], [4.8946907, 52.3715061], [4.8950273, 52.3714266], [4.8950427, 52.3714206], [4.8950178, 52.3713967], [4.8950024, 52.3714028], [4.8949976, 52.3713982], [4.8949793, 52.3713809], [4.8947811, 52.3714292], [4.8947331, 52.3714409], [4.8947485, 52.3714646], [4.8947018, 52.371476], [4.8946863, 52.371452300000016], [4.8946355, 52.37146470000001], [4.8945647, 52.3714769]]]}}, {"id": "168", "type": "Feature", "properties": {"building_id": "266934431", "area_m2": 65.46699723621715}, "geometry": {"type": "Polygon", "coordinates": [[[4.8954479, 52.3719402], [4.8954122, 52.3718972], [4.8954612, 52.3718819], [4.8955067, 52.37186770000001], [4.8955079, 52.3718672], [4.8954974, 52.3718585], [4.8954962, 52.371859], [4.8954751, 52.3718418], [4.8954763, 52.3718412], [4.8954745, 52.3718398], [4.8954734, 52.3718403], [4.8952933, 52.371896499999984], [4.895306, 52.371911699999984], [4.8953532, 52.3718969], [4.8954017, 52.37195530000001], [4.8954479, 52.3719402]]]}}, {"id": "169", "type": "Feature", "properties": {"building_id": "266934432", "area_m2": 329.1136807961465}, "geometry": {"type": "Polygon", "coordinates": [[[4.8943587, 52.3715461], [4.8943467, 52.3715158], [4.8943726, 52.3715113], [4.894328, 52.3714148], [4.8943278, 52.3714143], [4.8940555, 52.3714607], [4.8940972, 52.3715525], [4.8941254, 52.3715478], [4.8941412, 52.3715798], [4.894216, 52.3715666], [4.8942504, 52.3716374], [4.894255, 52.3716469], [4.894345, 52.3716301], [4.8943173, 52.3715685], [4.8943644, 52.3715603], [4.8943587, 52.3715461]]]}}, {"id": "170", "type": "Feature", "properties": {"building_id": "266934433", "area_m2": 179.50386724773713}, "geometry": {"type": "Polygon", "coordinates": [[[4.8961292, 52.3715978], [4.8960985, 52.3715657], [4.8960805, 52.3715722], [4.8959129, 52.3716328], [4.8959775, 52.3716852], [4.8961234, 52.371633], [4.896182, 52.3716118], [4.8962422, 52.3715901], [4.896328, 52.3715592], [4.8963177, 52.3715484], [4.8962952, 52.3715249], [4.8962737, 52.3715027], [4.8961857, 52.3715343], [4.8961763, 52.3715377], [4.8962071, 52.3715698], [4.8961292, 52.3715978]]]}}, {"id": "171", "type": "Feature", "properties": {"building_id": "266934434", "area_m2": 427.53310365885505}, "geometry": {"type": "Polygon", "coordinates": [[[4.8958096, 52.371345], [4.8958027, 52.3713358], [4.8957824, 52.3713398], [4.8957458, 52.3712868], [4.8958176, 52.37126640000001], [4.8958014, 52.3712459], [4.8956962, 52.3711298], [4.8955169, 52.3711905], [4.8954949, 52.371165], [4.8954586, 52.3711229], [4.8954175, 52.3711372], [4.8954546, 52.3711786], [4.8954771, 52.3712036], [4.8954564, 52.3712112], [4.8956194, 52.3713892], [4.8957863, 52.3713472], [4.8957883, 52.3713505], [4.8958096, 52.371345]]]}}, {"id": "172", "type": "Feature", "properties": {"building_id": "266934435", "area_m2": 150.28609287523267}, "geometry": {"type": "Polygon", "coordinates": [[[4.8948437, 52.3719369], [4.8948738, 52.3719743], [4.8948905, 52.37196929999999], [4.8949004, 52.37198149999998], [4.894914, 52.3719774], [4.8950021, 52.3720829], [4.8950758, 52.3720593], [4.8950291, 52.3720012], [4.8950498, 52.371995], [4.8950345, 52.3719759], [4.8950138, 52.3719822], [4.8950058, 52.3719722], [4.8950265, 52.371966], [4.8950428, 52.3719611], [4.8949895, 52.3718947], [4.8948437, 52.3719369]]]}}, {"id": "173", "type": "Feature", "properties": {"building_id": "266934436", "area_m2": 146.41154533378065}, "geometry": {"type": "Polygon", "coordinates": [[[4.8965162, 52.3715729], [4.8963974, 52.3714636], [4.8963596, 52.3714288], [4.8962987, 52.3714467], [4.896282, 52.3714331], [4.8962623, 52.37144019999999], [4.8962859, 52.3714594], [4.8962458, 52.3714738], [4.8962737, 52.3715027], [4.8962952, 52.3715249], [4.8963126, 52.3715187], [4.8963471, 52.3715379], [4.8963705, 52.3715295], [4.8964381, 52.3716001], [4.8964387, 52.3716007], [4.8965144, 52.3715731], [4.8965162, 52.3715729]]]}}, {"id": "174", "type": "Feature", "properties": {"building_id": "266934437", "area_m2": 65.54707176376795}, "geometry": {"type": "Polygon", "coordinates": [[[4.8949685, 52.371680099999985], [4.8949905, 52.3717112], [4.8950231, 52.37170230000001], [4.8950162, 52.3716919], [4.8950606, 52.3716809], [4.8950675, 52.3716914], [4.8952486, 52.371644900000014], [4.8952467, 52.371643], [4.8952446, 52.3716438], [4.8952337, 52.3716331], [4.8952358, 52.3716323], [4.8952339, 52.3716304], [4.8952308, 52.3716316], [4.8952203, 52.3716212], [4.8952234, 52.3716201], [4.8952194, 52.3716161], [4.8949685, 52.371680099999985]]]}}, {"id": "175", "type": "Feature", "properties": {"building_id": "266934438", "area_m2": 734.0196339780194}, "geometry": {"type": "Polygon", "coordinates": [[[4.8942231, 52.3714023], [4.8948419, 52.3712978], [4.8948369, 52.371286799999986], [4.8948341, 52.3712873], [4.8948297, 52.3712778], [4.8948326, 52.3712773], [4.8948177, 52.3712444], [4.8948149, 52.3712449], [4.8948107, 52.3712358], [4.8948136, 52.37123529999999], [4.8948085, 52.3712241], [4.8936294, 52.3714174], [4.8936576, 52.3714809], [4.8936464, 52.37148280000001], [4.8936508, 52.3714917], [4.8936646, 52.3714966], [4.8942231, 52.3714023]]]}}, {"id": "176", "type": "Feature", "properties": {"building_id": "266934439", "area_m2": 20.45050980966598}, "geometry": {"type": "Polygon", "coordinates": [[[4.8954613, 52.3718819], [4.8954966, 52.3719244], [4.8955016, 52.371922799999986], [4.8955013, 52.3719224], [4.8955175, 52.3719172], [4.8955179, 52.3719176], [4.8955211, 52.3719165], [4.8955208, 52.3719161], [4.895537, 52.3719109], [4.8955373, 52.3719112], [4.8955419, 52.3719098], [4.8955415, 52.3719094], [4.8955534, 52.3719055], [4.895545, 52.371899], [4.895542, 52.371896499999984], [4.8955414, 52.3718968], [4.8955273, 52.3718853], [4.8955279, 52.371885], [4.8955257, 52.3718832], [4.8955251, 52.3718835], [4.8955106, 52.3718716], [4.8955112, 52.3718713], [4.895508, 52.3718672], [4.8955068, 52.3718677], [4.8954613, 52.3718819]]]}}, {"id": "177", "type": "Feature", "properties": {"building_id": "266934440", "area_m2": 97.12093713066282}, "geometry": {"type": "Polygon", "coordinates": [[[4.8939623, 52.3723393], [4.8939646, 52.3723419], [4.8939661, 52.3723415], [4.8939709, 52.3723483], [4.8939695, 52.3723487], [4.8939709, 52.3723507], [4.8939724, 52.3723503], [4.8939861, 52.3723693], [4.8939847, 52.3723697], [4.8939861, 52.3723717], [4.8939876, 52.3723713], [4.8940031, 52.3723926], [4.8940016, 52.372393], [4.8940033, 52.3723954], [4.8940084, 52.3723941], [4.894022, 52.372398], [4.8940233, 52.3723996], [4.8941457, 52.3723609], [4.8941207, 52.3723321], [4.8941802, 52.3723128], [4.894152, 52.372280299999986], [4.8939623, 52.3723393]]]}}, {"id": "178", "type": "Feature", "properties": {"building_id": "266934441", "area_m2": 49.355330469344786}, "geometry": {"type": "Polygon", "coordinates": [[[4.8967072, 52.3715056], [4.8966806, 52.3714803], [4.8966798, 52.3714806], [4.8966782, 52.3714791], [4.8966887, 52.3714749], [4.896679, 52.3714659], [4.8966686, 52.3714701], [4.8966436, 52.3714468], [4.8966553, 52.3714421], [4.8966461, 52.37143339999999], [4.8966341, 52.3714381], [4.8965654, 52.3714583], [4.8966418, 52.3715286], [4.8966425, 52.3715294], [4.8966463, 52.3715281], [4.8966455, 52.3715273], [4.896657, 52.3715233], [4.8966577, 52.3715241], [4.896659, 52.37152360000002], [4.8966583, 52.3715228], [4.8966748, 52.371517], [4.8966741, 52.3715162], [4.8966868, 52.3715117], [4.8966875, 52.3715125], [4.8967072, 52.3715056]]]}}, {"id": "179", "type": "Feature", "properties": {"building_id": "266934442", "area_m2": 268.63102248002446}, "geometry": {"type": "Polygon", "coordinates": [[[4.894592, 52.3709774], [4.8945875, 52.3709719], [4.8945889, 52.3709716], [4.8945661, 52.370941], [4.8945616, 52.3709352], [4.8945603, 52.3709356], [4.8945404, 52.370909], [4.8945417, 52.3709087], [4.8945396, 52.3709058], [4.8945382, 52.3709062], [4.894525, 52.3708886], [4.8945264, 52.3708883], [4.8945239, 52.370885], [4.8945226, 52.3708854], [4.8945005, 52.370855699999986], [4.8943488, 52.3709044], [4.8945022, 52.37109239999999], [4.8945142, 52.3710888], [4.8945559, 52.3710763], [4.8946534, 52.3710469], [4.8946311, 52.3710216], [4.8946324, 52.3710212], [4.8946129, 52.3709991], [4.8946116, 52.37099950000001], [4.894592, 52.3709774]]]}}, {"id": "180", "type": "Feature", "properties": {"building_id": "266934443", "area_m2": 414.05015611819607}, "geometry": {"type": "Polygon", "coordinates": [[[4.8938794, 52.3722095], [4.8938799, 52.372211], [4.8938825, 52.37221069999999], [4.8939009, 52.3722463], [4.8939535, 52.3723264], [4.8939623, 52.3723393], [4.894152, 52.372280299999986], [4.8942027, 52.3722645], [4.8942555, 52.3723253], [4.8942558, 52.3723256], [4.8942606, 52.3723239], [4.8942601, 52.3723234], [4.8943099, 52.372306], [4.8943104, 52.3723065], [4.8943149, 52.372305], [4.8942764, 52.3722576], [4.894331, 52.37224040000001], [4.8943219, 52.3722295], [4.8942673, 52.3722465], [4.8942294, 52.3722], [4.8943225, 52.3721721], [4.8942988, 52.3721397], [4.8942479, 52.3721536], [4.8942246, 52.3721217], [4.8938794, 52.3722095]]]}}, {"id": "181", "type": "Feature", "properties": {"building_id": "266934444", "area_m2": 629.1079899543213}, "geometry": {"type": "Polygon", "coordinates": [[[4.8933384, 52.3720432], [4.8933417, 52.3720521], [4.8933463, 52.3720515], [4.893361, 52.3720914], [4.8933564, 52.372092], [4.8933594, 52.3720999], [4.8933644, 52.3720992], [4.8933649, 52.3721003], [4.8933656, 52.3721014], [4.8933665, 52.3721024], [4.8933676, 52.3721034], [4.8933689, 52.3721042], [4.8933703, 52.372105], [4.8933718, 52.3721057], [4.8933735, 52.3721062], [4.8933752, 52.3721067], [4.893377, 52.372107], [4.8933789, 52.3721072], [4.8933808, 52.3721073], [4.8933827, 52.3721072], [4.8933846, 52.372107], [4.8933859, 52.3721105], [4.8933894, 52.37211], [4.8933968, 52.37213], [4.8933932, 52.3721305], [4.8933945, 52.372134], [4.8933927, 52.3721343], [4.893391, 52.3721348], [4.8933893, 52.37213529999999], [4.8933878, 52.372136], [4.8933863, 52.372136799999986], [4.8933851, 52.3721376], [4.893384, 52.3721386], [4.8933831, 52.3721396], [4.8933823, 52.37214069999999], [4.8933818, 52.3721418], [4.8933815, 52.3721429], [4.8933814, 52.3721441], [4.8933815, 52.3721452], [4.8933818, 52.3721464], [4.8933768, 52.3721471], [4.8933795, 52.3721545], [4.8933797, 52.372155], [4.8933843, 52.3721543], [4.893399, 52.3721941], [4.8933944, 52.3721947], [4.8933945, 52.3721952], [4.893397, 52.3722018], [4.8933971, 52.3722022], [4.8934017, 52.3722016], [4.8934184, 52.3722467], [4.8934138, 52.3722473], [4.893414, 52.3722478], [4.8934168, 52.3722554], [4.8937977, 52.3722013], [4.8937201, 52.3719918], [4.8933384, 52.3720432]]]}}, {"id": "182", "type": "Feature", "properties": {"building_id": "266934445", "area_m2": 1400.4106020718539}, "geometry": {"type": "Polygon", "coordinates": [[[4.8942824, 52.3717864], [4.8941757, 52.3718064], [4.8942106, 52.3718772], [4.8937946, 52.3719759], [4.8938311, 52.37208], [4.8938294, 52.3720803], [4.8938305, 52.3720833], [4.8938324, 52.37208309999998], [4.8938805, 52.3722073], [4.8938786, 52.3722076], [4.8938792, 52.3722091], [4.8942244, 52.3721212], [4.8942753, 52.37210729999999], [4.8943056, 52.372099], [4.8944112, 52.372066], [4.8944834, 52.3720435], [4.8945976, 52.3720078], [4.894488, 52.3718824], [4.8944111, 52.3717624], [4.8943056, 52.3717821], [4.8942824, 52.3717864]]]}}, {"id": "183", "type": "Feature", "properties": {"building_id": "266934446", "area_m2": 26.49845578882374}, "geometry": {"type": "Polygon", "coordinates": [[[4.8959905, 52.3714094], [4.8959594, 52.3713589], [4.8958944, 52.3713741], [4.8959213, 52.3714177], [4.8959905, 52.3714094]]]}}, {"id": "184", "type": "Feature", "properties": {"building_id": "266934447", "area_m2": 33.702056696229505}, "geometry": {"type": "Polygon", "coordinates": [[[4.8944626, 52.3717537], [4.8945107, 52.3718346], [4.8945579, 52.37182390000001], [4.8945135, 52.3717433], [4.8944626, 52.3717537]]]}}, {"id": "185", "type": "Feature", "properties": {"building_id": "266934448", "area_m2": 39.63258250889113}, "geometry": {"type": "Polygon", "coordinates": [[[4.8951886, 52.3718975], [4.8952715, 52.3719972], [4.895313, 52.3719835], [4.8952313, 52.37188529999998], [4.8951886, 52.3718975]]]}}, {"id": "186", "type": "Feature", "properties": {"building_id": "266934449", "area_m2": 27.21292131823723}, "geometry": {"type": "Polygon", "coordinates": [[[4.8943725, 52.3722137], [4.8944206, 52.372271], [4.8944704, 52.3722556], [4.8944222, 52.3721983], [4.8943725, 52.3722137]]]}}, {"id": "187", "type": "Feature", "properties": {"building_id": "266934450", "area_m2": 72.53569632093291}, "geometry": {"type": "Polygon", "coordinates": [[[4.894946, 52.3716483], [4.8949685, 52.371680099999985], [4.8952194, 52.3716161], [4.8951872, 52.3715843], [4.894946, 52.3716483]]]}}, {"id": "188", "type": "Feature", "properties": {"building_id": "266934451", "area_m2": 47.338235760514024}, "geometry": {"type": "Polygon", "coordinates": [[[4.8940972, 52.3715525], [4.8940555, 52.3714607], [4.8939931, 52.3714715], [4.8940332, 52.3715634], [4.8940972, 52.3715525]]]}}, {"id": "189", "type": "Feature", "properties": {"building_id": "266934453", "area_m2": 53.54390307207463}, "geometry": {"type": "Polygon", "coordinates": [[[4.8943842, 52.371604], [4.8944375, 52.3717237], [4.8944909, 52.3717135], [4.8944921, 52.3717133], [4.8944392, 52.3715944], [4.8943842, 52.371604]]]}}, {"id": "190", "type": "Feature", "properties": {"building_id": "266934455", "area_m2": 55.54535620468815}, "geometry": {"type": "Polygon", "coordinates": [[[4.8945203, 52.3713806], [4.8945647, 52.3714769], [4.8946355, 52.37146470000001], [4.8945914, 52.37136910000002], [4.8945203, 52.3713806]]]}}, {"id": "191", "type": "Feature", "properties": {"building_id": "266934456", "area_m2": 49.57815896176927}, "geometry": {"type": "Polygon", "coordinates": [[[4.895694, 52.3714568], [4.8958631, 52.3714189], [4.8958437, 52.3713865], [4.8956569, 52.3714283], [4.895694, 52.3714568]]]}}, {"id": "192", "type": "Feature", "properties": {"building_id": "266934457", "area_m2": 26.334784705022223}, "geometry": {"type": "Polygon", "coordinates": [[[4.8948838, 52.371664799999984], [4.8949295, 52.37172540000001], [4.894976, 52.3717123], [4.8949332, 52.37165190000001], [4.8948838, 52.371664799999984]]]}}, {"id": "193", "type": "Feature", "properties": {"building_id": "266934459", "area_m2": 24.524890988599637}, "geometry": {"type": "Polygon", "coordinates": [[[4.8942764, 52.3722576], [4.8943149, 52.372305], [4.8943695, 52.3722862], [4.894331, 52.37224040000001], [4.8942764, 52.3722576]]]}}, {"id": "194", "type": "Feature", "properties": {"building_id": "266934460", "area_m2": 55.55011730740193}, "geometry": {"type": "Polygon", "coordinates": [[[4.8964806, 52.3713004], [4.8964226, 52.3712442], [4.8963273, 52.3712693], [4.8963656, 52.3713283], [4.8964806, 52.3713004]]]}}, {"id": "195", "type": "Feature", "properties": {"building_id": "266934461", "area_m2": 842.0504599092366}, "geometry": {"type": "Polygon", "coordinates": [[[4.893454, 52.3724629], [4.8933946, 52.3723546], [4.8933898, 52.3723556], [4.8933575, 52.3723138], [4.8933512, 52.3723145], [4.8933356, 52.3722947], [4.8933132, 52.3722971], [4.8933064, 52.3722736], [4.8930819, 52.3722981], [4.8930947, 52.372342], [4.8930763, 52.372344], [4.8930779, 52.3723493], [4.8930654, 52.3723507], [4.8930639, 52.3723454], [4.8930542, 52.3723465], [4.8930721, 52.3724098], [4.8930633, 52.3724107], [4.8930706, 52.372436], [4.8930728, 52.3724358], [4.893074, 52.3724398], [4.8930841, 52.3724387], [4.8930904, 52.3724609], [4.8930803, 52.3724619], [4.8930812, 52.372465], [4.8930789, 52.3724652], [4.8930861, 52.3724906], [4.8930948, 52.3724896], [4.8931128, 52.372553], [4.8931223, 52.372552], [4.8931389, 52.3725824], [4.8931514, 52.3725798], [4.8931486, 52.3725747], [4.8931752, 52.3725692], [4.893178, 52.3725744], [4.8935074, 52.3725069], [4.8936566, 52.37247639999999], [4.8935939, 52.3723366], [4.8934713, 52.3723539], [4.8934693, 52.37235419999998], [4.8935151, 52.3724503], [4.8934839, 52.3724573], [4.893454, 52.3724629]]]}}, {"id": "196", "type": "Feature", "properties": {"building_id": "266934462", "area_m2": 72.31566566370262}, "geometry": {"type": "Polygon", "coordinates": [[[4.8936582, 52.3715271], [4.89367, 52.3715705], [4.8938848, 52.3715333], [4.8938656, 52.3714916], [4.8936582, 52.3715271]]]}}, {"id": "197", "type": "Feature", "properties": {"building_id": "266934463", "area_m2": 69.16973378887847}, "geometry": {"type": "Polygon", "coordinates": [[[4.8943908, 52.3714039], [4.8944562, 52.3715456], [4.89449, 52.3715399], [4.8945159, 52.37153559999999], [4.8944503, 52.3713934], [4.8943908, 52.3714039]]]}}, {"id": "198", "type": "Feature", "properties": {"building_id": "266934464", "area_m2": 33.78073476804564}, "geometry": {"type": "Polygon", "coordinates": [[[4.8945107, 52.3718346], [4.8945362, 52.3718723], [4.8946402, 52.3718451], [4.8946186, 52.3718101], [4.8945579, 52.37182390000001], [4.8945107, 52.3718346]]]}}, {"id": "199", "type": "Feature", "properties": {"building_id": "266934465", "area_m2": 53.67315250511083}, "geometry": {"type": "Polygon", "coordinates": [[[4.8949764, 52.3715602], [4.8949998, 52.3716016], [4.8951182, 52.3715686], [4.8951582, 52.3715566], [4.8951243, 52.3715224], [4.8951239, 52.37152170000001], [4.8949764, 52.3715602]]]}}, {"id": "200", "type": "Feature", "properties": {"building_id": "266934466", "area_m2": 43.75180206212633}, "geometry": {"type": "Polygon", "coordinates": [[[4.8947323, 52.3711358], [4.8946949, 52.3710925], [4.8946135, 52.3711196], [4.8945705, 52.371126899999986], [4.8945837, 52.3711613], [4.8947323, 52.3711358]]]}}, {"id": "201", "type": "Feature", "properties": {"building_id": "266934467", "area_m2": 39.431202146940535}, "geometry": {"type": "Polygon", "coordinates": [[[4.8946186, 52.3718101], [4.8945715, 52.3717339], [4.8945713, 52.3717332], [4.8945135, 52.3717433], [4.8945579, 52.37182390000001], [4.8946186, 52.3718101]]]}}, {"id": "202", "type": "Feature", "properties": {"building_id": "266934468", "area_m2": 25.50615267926592}, "geometry": {"type": "Polygon", "coordinates": [[[4.8948842, 52.3719096], [4.89487, 52.37189140000001], [4.8948471, 52.3718621], [4.8947891, 52.3718791], [4.8948259, 52.3719261], [4.8948842, 52.3719096]]]}}, {"id": "203", "type": "Feature", "properties": {"building_id": "266934469", "area_m2": 43.61965937360706}, "geometry": {"type": "Polygon", "coordinates": [[[4.8960715, 52.3714204], [4.8960239, 52.3713432], [4.8959594, 52.3713589], [4.8959905, 52.3714094], [4.8960075, 52.3714369], [4.8960715, 52.3714204]]]}}, {"id": "204", "type": "Feature", "properties": {"building_id": "266934470", "area_m2": 49.37161886383275}, "geometry": {"type": "Polygon", "coordinates": [[[4.8946949, 52.3710925], [4.8946534, 52.3710469], [4.8945559, 52.3710763], [4.8945705, 52.371126899999986], [4.8946135, 52.3711196], [4.8946949, 52.3710925]]]}}, {"id": "205", "type": "Feature", "properties": {"building_id": "266934471", "area_m2": 112.77121286696318}, "geometry": {"type": "Polygon", "coordinates": [[[4.893697, 52.3716595], [4.8937076, 52.3717], [4.894081, 52.3716408], [4.8940645, 52.371605], [4.8936983, 52.3716594], [4.893697, 52.3716595]]]}}, {"id": "206", "type": "Feature", "properties": {"building_id": "266934472", "area_m2": 37.66421003477532}, "geometry": {"type": "Polygon", "coordinates": [[[4.8948405, 52.371676], [4.894913, 52.3717722], [4.8949561, 52.3717607], [4.8949295, 52.37172540000001], [4.8948838, 52.371664799999984], [4.8948405, 52.371676]]]}}, {"id": "207", "type": "Feature", "properties": {"building_id": "266934473", "area_m2": 94.59101831280222}, "geometry": {"type": "Polygon", "coordinates": [[[4.89449, 52.3715399], [4.8945616, 52.3717007], [4.8946332, 52.3716856], [4.8945629, 52.371527599999986], [4.8945159, 52.37153559999999], [4.89449, 52.3715399]]]}}, {"id": "208", "type": "Feature", "properties": {"building_id": "266934474", "area_m2": 29.872506136950705}, "geometry": {"type": "Polygon", "coordinates": [[[4.894152, 52.372280299999986], [4.8941802, 52.3723128], [4.8942055, 52.3723419], [4.8942555, 52.3723253], [4.8942027, 52.3722645], [4.894152, 52.372280299999986]]]}}, {"id": "209", "type": "Feature", "properties": {"building_id": "266934475", "area_m2": 64.91405496789098}, "geometry": {"type": "Polygon", "coordinates": [[[4.8945914, 52.37136910000002], [4.8946355, 52.37146470000001], [4.8946863, 52.371452300000016], [4.8947187, 52.3714444], [4.8946773, 52.3713548], [4.8945914, 52.37136910000002]]]}}, {"id": "210", "type": "Feature", "properties": {"building_id": "266934476", "area_m2": 52.74371144443836}, "geometry": {"type": "Polygon", "coordinates": [[[4.8963851, 52.3716188], [4.896328, 52.3715592], [4.8962422, 52.3715901], [4.8963002, 52.3716506], [4.8963011, 52.37165], [4.8963723, 52.3716246], [4.8963851, 52.3716188]]]}}, {"id": "211", "type": "Feature", "properties": {"building_id": "266934477", "area_m2": 36.93411018409843}, "geometry": {"type": "Polygon", "coordinates": [[[4.8966004, 52.3715433], [4.8965219, 52.37147109999999], [4.8965038, 52.371476499999986], [4.8964885, 52.3714624], [4.8964613, 52.3714704], [4.896557, 52.3715584], [4.8966004, 52.3715433]]]}}, {"id": "212", "type": "Feature", "properties": {"building_id": "266934478", "area_m2": 50.20760341202986}, "geometry": {"type": "Polygon", "coordinates": [[[4.8949129, 52.3717722], [4.8948405, 52.371676], [4.8947842, 52.3716901], [4.8948476, 52.37177579999999], [4.8948397, 52.3717782], [4.8948485, 52.37178930000001], [4.8949129, 52.3717722]]]}}, {"id": "213", "type": "Feature", "properties": {"building_id": "266934479", "area_m2": 91.7092341448165}, "geometry": {"type": "Polygon", "coordinates": [[[4.8944201, 52.3715517], [4.8944392, 52.3715944], [4.8944921, 52.3717133], [4.8945616, 52.3717007], [4.89449, 52.3715399], [4.8944562, 52.3715456], [4.8944201, 52.3715517]]]}}, {"id": "214", "type": "Feature", "properties": {"building_id": "266934480", "area_m2": 27.751229944707042}, "geometry": {"type": "Polygon", "coordinates": [[[4.8943219, 52.3722295], [4.894331, 52.37224040000001], [4.8943695, 52.3722862], [4.89437, 52.3722869], [4.8944206, 52.372271], [4.8943725, 52.3722137], [4.8943219, 52.3722295]]]}}, {"id": "215", "type": "Feature", "properties": {"building_id": "266934481", "area_m2": 119.12401838375979}, "geometry": {"type": "Polygon", "coordinates": [[[4.8937076, 52.3717], [4.8937207, 52.3717441], [4.8939895, 52.371695199999984], [4.8940487, 52.3716844], [4.8940971, 52.3716756], [4.894081, 52.3716408], [4.8937076, 52.3717]]]}}, {"id": "216", "type": "Feature", "properties": {"building_id": "266934482", "area_m2": 37.87263133478322}, "geometry": {"type": "Polygon", "coordinates": [[[4.8964381, 52.3716001], [4.8963705, 52.3715295], [4.8963471, 52.3715379], [4.8963177, 52.3715484], [4.896328, 52.3715592], [4.8963851, 52.3716188], [4.8964381, 52.3716001]]]}}, {"id": "217", "type": "Feature", "properties": {"building_id": "266934483", "area_m2": 26.049004598980865}, "geometry": {"type": "Polygon", "coordinates": [[[4.895306, 52.371911699999984], [4.8953543, 52.3719697], [4.8953972, 52.3719557], [4.8953979, 52.3719565], [4.8954017, 52.37195530000001], [4.8953532, 52.3718969], [4.895306, 52.371911699999984]]]}}, {"id": "218", "type": "Feature", "properties": {"building_id": "266934484", "area_m2": 37.058801953494125}, "geometry": {"type": "Polygon", "coordinates": [[[4.8963002, 52.3716506], [4.8962422, 52.3715901], [4.896182, 52.3716118], [4.8962382, 52.37167040000001], [4.8962394, 52.3716699], [4.8962412, 52.3716717], [4.8963002, 52.3716506]]]}}, {"id": "219", "type": "Feature", "properties": {"building_id": "266934485", "area_m2": 24.717722505245884}, "geometry": {"type": "Polygon", "coordinates": [[[4.8966341, 52.3714381], [4.8965976, 52.3714045], [4.8965174, 52.3714282], [4.8965331, 52.3714426], [4.8965446, 52.3714392], [4.8965654, 52.3714583], [4.8966341, 52.3714381]]]}}, {"id": "220", "type": "Feature", "properties": {"building_id": "266934486", "area_m2": 38.89792758073298}, "geometry": {"type": "Polygon", "coordinates": [[[4.8952313, 52.37188529999998], [4.895313, 52.3719835], [4.8953543, 52.3719697], [4.895306, 52.371911699999984], [4.8952933, 52.371896499999984], [4.895274, 52.3718732], [4.8952313, 52.37188529999998]]]}}, {"id": "221", "type": "Feature", "properties": {"building_id": "266934487", "area_m2": 1036.92609024025}, "geometry": {"type": "Polygon", "coordinates": [[[4.8934936, 52.3711283], [4.8935399, 52.3708707], [4.8935371, 52.3708705], [4.8935328, 52.3708679], [4.8935363, 52.3708659], [4.8935391, 52.3708635], [4.8935402, 52.3708622], [4.8935418, 52.3708594], [4.8935425, 52.3708565], [4.8935425, 52.370855], [4.8935418, 52.3708521], [4.8935402, 52.3708493], [4.8935378, 52.3708468], [4.8935347, 52.3708446], [4.8935288, 52.370842], [4.8935244, 52.3708409], [4.8935196, 52.3708404], [4.8935148, 52.3708404], [4.8935065, 52.37084179999999], [4.8935027, 52.37084319999999], [4.8934973, 52.3708464], [4.893493, 52.3708437], [4.8934927, 52.370842], [4.8931626, 52.3708661], [4.8931631, 52.3708689], [4.8931515, 52.3708779], [4.8931484, 52.3708763], [4.8931425, 52.370874], [4.8931362, 52.3708722], [4.8931295, 52.3708709], [4.8931192, 52.37087009999998], [4.8931087, 52.3708705], [4.8930986, 52.3708722], [4.8930923, 52.370874], [4.8930864, 52.3708763], [4.8930811, 52.3708791], [4.8930765, 52.3708823], [4.8930713, 52.3708872], [4.8930687, 52.3708908], [4.8930662, 52.3708964], [4.8930655, 52.3709004], [4.8930656, 52.3709045], [4.893066, 52.3709066], [4.8930666, 52.3709086], [4.8930685, 52.3709126], [4.8930697, 52.3709145], [4.8930728, 52.3709182], [4.8930766, 52.3709216], [4.8930812, 52.37092470000001], [4.8930873, 52.3709278], [4.8930757, 52.37093680000002], [4.8930712, 52.3709371], [4.8930853, 52.3709918], [4.8931223, 52.3711988], [4.8931247, 52.3711987], [4.893134, 52.3711973], [4.8932936, 52.3711816], [4.8932944, 52.3711727], [4.8934828, 52.3711725], [4.8934819, 52.3711694], [4.8934845, 52.3711691], [4.893492, 52.3711285], [4.8934936, 52.3711283]]]}}, {"id": "222", "type": "Feature", "properties": {"building_id": "266934489", "area_m2": 82.25487093572765}, "geometry": {"type": "Polygon", "coordinates": [[[4.8944503, 52.3713934], [4.8945159, 52.37153559999999], [4.8945629, 52.371527599999986], [4.8945863, 52.3715237], [4.8945647, 52.3714769], [4.8945203, 52.3713806], [4.8945199, 52.3713797], [4.8944503, 52.3713934]]]}}, {"id": "223", "type": "Feature", "properties": {"building_id": "266934490", "area_m2": 50.97313044156507}, "geometry": {"type": "Polygon", "coordinates": [[[4.8962382, 52.37167040000001], [4.896182, 52.3716118], [4.8961234, 52.371633], [4.8961432, 52.3716536], [4.8961171, 52.371663], [4.8961102, 52.3716793], [4.8961373, 52.3717075], [4.8962382, 52.37167040000001]]]}}, {"id": "224", "type": "Feature", "properties": {"building_id": "266934491", "area_m2": 85.14770871157624}, "geometry": {"type": "Polygon", "coordinates": [[[4.8958018, 52.3715429], [4.8960107, 52.37148], [4.895985, 52.3714427], [4.8957504, 52.3715032], [4.8957853, 52.3715301], [4.8957697, 52.3715377], [4.8957862, 52.371550499999984], [4.8958018, 52.3715429]]]}}, {"id": "225", "type": "Feature", "properties": {"building_id": "266934492", "area_m2": 176.1952315913928}, "geometry": {"type": "Polygon", "coordinates": [[[4.8939931, 52.3714715], [4.8939928, 52.3714708], [4.8938656, 52.3714916], [4.8938848, 52.3715333], [4.89367, 52.3715705], [4.8936844, 52.3716151], [4.8940332, 52.3715634], [4.8939931, 52.3714715]]]}}, {"id": "226", "type": "Feature", "properties": {"building_id": "266934493", "area_m2": 153.15228215200793}, "geometry": {"type": "Polygon", "coordinates": [[[4.8938309, 52.3723592], [4.8937863, 52.3722593], [4.8937215, 52.3722685], [4.8937219, 52.3722694], [4.8936793, 52.3722755], [4.8937599, 52.3724552], [4.8938642, 52.37243389999998], [4.8938309, 52.3723592]]]}}, {"id": "227", "type": "Feature", "properties": {"building_id": "266934494", "area_m2": 99.137636119636}, "geometry": {"type": "Polygon", "coordinates": [[[4.8950753, 52.3718698], [4.895144, 52.3719555], [4.8951528, 52.37195280000001], [4.8952053, 52.3720182], [4.8952715, 52.3719972], [4.8951886, 52.3718975], [4.8951479, 52.3718488], [4.8950753, 52.3718698]]]}}, {"id": "228", "type": "Feature", "properties": {"building_id": "266934495", "area_m2": 112.81298133157053}, "geometry": {"type": "Polygon", "coordinates": [[[4.8944113, 52.3720664], [4.8945506, 52.3722295], [4.8945519, 52.3722287], [4.8946226, 52.372206699999985], [4.894622, 52.372206], [4.8945184, 52.3720847], [4.8944836, 52.3720439], [4.8944113, 52.3720664]]]}}, {"id": "229", "type": "Feature", "properties": {"building_id": "266934496", "area_m2": 56.38146545905107}, "geometry": {"type": "Polygon", "coordinates": [[[4.8952655, 52.371863], [4.895274, 52.3718732], [4.8952933, 52.371896499999984], [4.8954734, 52.3718403], [4.8954554, 52.3718256], [4.8954543, 52.3718261], [4.8954341, 52.3718095], [4.8952655, 52.371863]]]}}, {"id": "230", "type": "Feature", "properties": {"building_id": "266934498", "area_m2": 57.05113322509296}, "geometry": {"type": "Polygon", "coordinates": [[[4.8947811, 52.3714292], [4.8949792, 52.3713809], [4.8949946, 52.3713748], [4.8949748, 52.3713559], [4.8949593, 52.371362], [4.8949485, 52.3713518], [4.8947648, 52.371395], [4.8947811, 52.3714292]]]}}, {"id": "231", "type": "Feature", "properties": {"building_id": "266934499", "area_m2": 46.490473428521064}, "geometry": {"type": "Polygon", "coordinates": [[[4.896557, 52.3715584], [4.8964613, 52.3714704], [4.8964402, 52.371450899999985], [4.8963974, 52.3714636], [4.8965162, 52.3715729], [4.8965179, 52.3715727], [4.896557, 52.3715584]]]}}, {"id": "232", "type": "Feature", "properties": {"building_id": "266934500", "area_m2": 201.98283431589843}, "geometry": {"type": "Polygon", "coordinates": [[[4.8945362, 52.3718723], [4.8945609, 52.3719033], [4.8945966, 52.371942899999986], [4.8946307, 52.3719812], [4.8948259, 52.3719261], [4.8947891, 52.3718791], [4.8947418, 52.37181850000001], [4.8946402, 52.3718451], [4.8945362, 52.3718723]]]}}, {"id": "233", "type": "Feature", "properties": {"building_id": "266934501", "area_m2": 49.5957004513757}, "geometry": {"type": "Polygon", "coordinates": [[[4.8961531, 52.3713799], [4.8961434, 52.371365], [4.8961209, 52.3713705], [4.8960922, 52.3713261], [4.8960239, 52.3713432], [4.8960715, 52.3714204], [4.8961416, 52.3714023], [4.8961306, 52.3713854], [4.8961531, 52.3713799]]]}}, {"id": "234", "type": "Feature", "properties": {"building_id": "266934502", "area_m2": 47.61252764056896}, "geometry": {"type": "Polygon", "coordinates": [[[4.8950265, 52.371966], [4.8950345, 52.3719759], [4.8950498, 52.371995], [4.8950291, 52.3720012], [4.8950758, 52.3720593], [4.89514, 52.37203779999999], [4.8950715, 52.3719524], [4.8950428, 52.3719611], [4.8950265, 52.371966]]]}}, {"id": "235", "type": "Feature", "properties": {"building_id": "266934503", "area_m2": 88.24985909788205}, "geometry": {"type": "Polygon", "coordinates": [[[4.8957504, 52.3715032], [4.895985, 52.3714427], [4.8959764, 52.3714303], [4.8959362, 52.3714407], [4.8959194, 52.371445], [4.8958984, 52.371411], [4.8958631, 52.3714189], [4.895694, 52.3714568], [4.8957504, 52.3715032]]]}}, {"id": "236", "type": "Feature", "properties": {"building_id": "266934504", "area_m2": 97.51348882003833}, "geometry": {"type": "Polygon", "coordinates": [[[4.8952654, 52.371863], [4.895434, 52.3718095], [4.8954352, 52.371809], [4.8953961, 52.371777], [4.8951479, 52.3718488], [4.8951886, 52.3718975], [4.8952313, 52.37188529999998], [4.8952739, 52.3718732], [4.8952654, 52.371863]]]}}, {"id": "237", "type": "Feature", "properties": {"building_id": "266934506", "area_m2": 80.60655211038807}, "geometry": {"type": "Polygon", "coordinates": [[[4.894328, 52.3714148], [4.8943726, 52.3715113], [4.8943468, 52.3715158], [4.8943588, 52.3715461], [4.8943762, 52.3715435], [4.894382, 52.3715581], [4.8944201, 52.3715517], [4.8944562, 52.3715456], [4.8943908, 52.3714039], [4.894328, 52.3714148]]]}}, {"id": "238", "type": "Feature", "properties": {"building_id": "266934507", "area_m2": 103.7269613734674}, "geometry": {"type": "Polygon", "coordinates": [[[4.8949895, 52.3718947], [4.8950428, 52.3719611], [4.8950715, 52.3719524], [4.89514, 52.37203779999999], [4.8951404, 52.3720382], [4.8952053, 52.3720182], [4.8951528, 52.37195280000001], [4.895144, 52.3719555], [4.8950753, 52.3718698], [4.8950379, 52.3718807], [4.8949895, 52.3718947]]]}}, {"id": "239", "type": "Feature", "properties": {"building_id": "266934508", "area_m2": 203.81383812659394}, "geometry": {"type": "Polygon", "coordinates": [[[4.8936793, 52.3722755], [4.893679, 52.3722745], [4.893447, 52.3723075], [4.8934528, 52.3723197], [4.8934547, 52.3723193], [4.8934713, 52.3723539], [4.8935939, 52.3723366], [4.8936566, 52.37247639999999], [4.8937599, 52.3724552], [4.8936793, 52.3722755]]]}}, {"id": "240", "type": "Feature", "properties": {"building_id": "266934511", "area_m2": 578.05621625174}, "geometry": {"type": "Polygon", "coordinates": [[[4.8952987, 52.3708789], [4.8954175, 52.3710177], [4.895529, 52.370979], [4.895532, 52.370982], [4.895724, 52.370914], [4.895721, 52.370911], [4.8958363, 52.37087], [4.8957765, 52.370804], [4.8957494, 52.37081329999999], [4.8957286, 52.3707896], [4.8957618, 52.370778299999984], [4.8957254, 52.3707396], [4.8957123, 52.370744], [4.8957046, 52.3707361], [4.8956055, 52.3707724], [4.8956022, 52.3707686], [4.8953999, 52.370837], [4.8954052, 52.3708426], [4.8952987, 52.3708789]]]}}, {"id": "241", "type": "Feature", "properties": {"building_id": "266940912", "area_m2": 170.68799527589397}, "geometry": {"type": "Polygon", "coordinates": [[[4.8946118, 52.3724632], [4.8945107, 52.3723535], [4.8943276, 52.3724237], [4.8943258, 52.3724251], [4.8943603, 52.3724596], [4.8944295, 52.372433399999984], [4.8944638, 52.3724677], [4.8944083, 52.3724887], [4.8944422, 52.3725227], [4.8944934, 52.3725037], [4.8946118, 52.3724632]]]}}, {"id": "242", "type": "Feature", "properties": {"building_id": "266940920", "area_m2": 119.55831539401473}, "geometry": {"type": "Polygon", "coordinates": [[[4.8965844, 52.3737784], [4.8964974, 52.3736694], [4.8964708, 52.373677], [4.8964934, 52.37370529999998], [4.896447, 52.37371860000001], [4.8964302, 52.373698], [4.8963671, 52.3737162], [4.896414, 52.3737757], [4.8964207, 52.3737738], [4.896454, 52.373816], [4.8965844, 52.3737784]]]}}, {"id": "243", "type": "Feature", "properties": {"building_id": "266940938", "area_m2": 67.96954677813675}, "geometry": {"type": "Polygon", "coordinates": [[[4.8953869, 52.3723137], [4.89535, 52.3722628], [4.8952924, 52.3722814], [4.8952242, 52.3723029], [4.8952337, 52.3723139], [4.8952078, 52.3723222], [4.8952404, 52.3723605], [4.8952805, 52.3723477], [4.8953869, 52.3723137]]]}}, {"id": "244", "type": "Feature", "properties": {"building_id": "266940946", "area_m2": 161.61238122856875}, "geometry": {"type": "Polygon", "coordinates": [[[4.8970177, 52.3733245], [4.8972188, 52.37326179999999], [4.897167, 52.37322239999999], [4.8968712, 52.3733121], [4.8967999, 52.3733337], [4.8967413, 52.3733515], [4.8967698, 52.3733856], [4.8968759, 52.373353], [4.8969593, 52.3733286], [4.8970145, 52.3733211], [4.8970177, 52.3733245]]]}}, {"id": "245", "type": "Feature", "properties": {"building_id": "266940953", "area_m2": 255.71994424410585}, "geometry": {"type": "Polygon", "coordinates": [[[4.8967967, 52.3729242], [4.8966967, 52.37283569999999], [4.8965677, 52.3728741], [4.8965345, 52.372884], [4.896533, 52.3728821], [4.8964398, 52.3729098], [4.8963942, 52.3729234], [4.8964432, 52.3729781], [4.8965024, 52.3729579], [4.8965391, 52.3730009], [4.8967927, 52.3729258], [4.8967967, 52.3729242]]]}}, {"id": "246", "type": "Feature", "properties": {"building_id": "266940954", "area_m2": 261.75484837903264}, "geometry": {"type": "Polygon", "coordinates": [[[4.8960056, 52.3732991], [4.8960593, 52.37328449999998], [4.896074, 52.37327040000001], [4.8960427, 52.3732298], [4.8953763, 52.3734223], [4.8953767, 52.373422699999985], [4.8954324, 52.37345689999999], [4.8956701, 52.3733915], [4.8956495, 52.3733634], [4.8956921, 52.3733516], [4.8957128, 52.3733798], [4.8960056, 52.3732991]]]}}, {"id": "247", "type": "Feature", "properties": {"building_id": "266940959", "area_m2": 388.74071236393036}, "geometry": {"type": "Polygon", "coordinates": [[[4.8961014, 52.3723401], [4.8959205, 52.3722008], [4.8956445, 52.3722807], [4.8956543, 52.3722936], [4.8956845, 52.3722831], [4.8957178, 52.3723205], [4.8957448, 52.3723116], [4.8957986, 52.3723658], [4.895779, 52.3723719], [4.8958297, 52.3724337], [4.8960986, 52.3723414], [4.8961014, 52.3723401]]]}}, {"id": "248", "type": "Feature", "properties": {"building_id": "266940963", "area_m2": 105.33541503739022}, "geometry": {"type": "Polygon", "coordinates": [[[4.8953479, 52.3732605], [4.8952976, 52.3731983], [4.8951002, 52.3732578], [4.8950998, 52.3732591], [4.8951416, 52.373283], [4.8951425, 52.3732832], [4.8951695, 52.3732985], [4.8951702, 52.3732981], [4.8951815, 52.3733045], [4.8951809, 52.3733049], [4.8951877, 52.3733089], [4.8953479, 52.3732605]]]}}, {"id": "249", "type": "Feature", "properties": {"building_id": "266940967", "area_m2": 113.45749263516407}, "geometry": {"type": "Polygon", "coordinates": [[[4.8966078, 52.372754], [4.8965457, 52.3727011], [4.896544, 52.3727018], [4.8965125, 52.37271179999998], [4.8964916, 52.3726897], [4.8964301, 52.3727093], [4.8964348, 52.3727151], [4.8963988, 52.3727265], [4.8964088, 52.3727389], [4.8963834, 52.3727469], [4.8964351, 52.37281080000001], [4.8965954, 52.3727585], [4.8966078, 52.372754]]]}}, {"id": "250", "type": "Feature", "properties": {"building_id": "266940969", "area_m2": 530.4298410006124}, "geometry": {"type": "Polygon", "coordinates": [[[4.8939922, 52.3731158], [4.8939961, 52.3731188], [4.8940766, 52.373179], [4.894063, 52.3731858], [4.8940956, 52.37321019999999], [4.8941706, 52.3731725], [4.8945893, 52.3730374], [4.8945842, 52.3730336], [4.8945739, 52.3730389], [4.8945571, 52.3730271], [4.8945604, 52.3730255], [4.894525, 52.3730009], [4.8944095, 52.3729211], [4.894318, 52.3729639], [4.8941814, 52.373027499999985], [4.8939922, 52.3731158]]]}}, {"id": "251", "type": "Feature", "properties": {"building_id": "266940974", "area_m2": 7997.238581812986}, "geometry": {"type": "Polygon", "coordinates": [[[4.8954764, 52.3726791], [4.895394, 52.372578], [4.8952954, 52.3726097], [4.8952779, 52.37259], [4.8953901, 52.37255409999999], [4.8953925, 52.372553], [4.8953942, 52.3725515], [4.8953951, 52.372549699999986], [4.8953951, 52.3725479], [4.8953941, 52.3725461], [4.8953736, 52.3725216], [4.8953529, 52.372528], [4.8952293, 52.3723836], [4.8952486, 52.3723775], [4.8952792, 52.3723676], [4.8953085, 52.3724028], [4.895427, 52.372368499999986], [4.8953869, 52.3723137], [4.8952805, 52.3723477], [4.8952404, 52.3723605], [4.8952078, 52.3723222], [4.8952162, 52.3723195], [4.895195, 52.3722951], [4.895183, 52.3722813], [4.8954889, 52.3721851], [4.8957745, 52.3720936], [4.8957726, 52.3720917], [4.8957769, 52.3720882], [4.8956655, 52.3720012], [4.8956153, 52.3719959], [4.8953989, 52.37206590000001], [4.8953985, 52.3720654], [4.8950757, 52.37217110000001], [4.8947901, 52.3722622], [4.8948867, 52.3723748], [4.8949217, 52.3723638], [4.8949336, 52.372379], [4.8949446, 52.372393], [4.8946826, 52.37247679999999], [4.8946796, 52.3724784], [4.8946784, 52.3724797], [4.894678, 52.3724805], [4.8946779, 52.3724821], [4.8946785, 52.37248360000001], [4.8946626, 52.3724882], [4.8946591, 52.3724835], [4.8946534, 52.3724852], [4.8946147, 52.3724995], [4.8943401, 52.3726041], [4.8943392, 52.3726033], [4.8943307, 52.3726067], [4.8943298, 52.3726058], [4.8942303, 52.3726453], [4.8942312, 52.3726463], [4.8942228, 52.37264960000001], [4.894226, 52.3726523], [4.8942246, 52.3726529], [4.8942662, 52.37268669999999], [4.8942651, 52.3726872], [4.8944433, 52.3728334], [4.8944449, 52.3728326], [4.8944496, 52.3728363], [4.8944508, 52.3728357], [4.8944857, 52.3728625], [4.8944845, 52.372863], [4.8944937, 52.37286979999999], [4.8945746, 52.3729257], [4.8945757, 52.37292510000001], [4.8946705, 52.3729929], [4.8946688, 52.37299380000002], [4.8946747, 52.3729979], [4.8946758, 52.3729973], [4.8946807, 52.3730006], [4.8946855, 52.372998], [4.894707, 52.3730127], [4.8947023, 52.3730153], [4.8947077, 52.373019], [4.8947066, 52.3730196], [4.8947126, 52.3730237], [4.8947136, 52.3730235], [4.8947189, 52.3730204], [4.8947432, 52.3730361], [4.8947379, 52.3730392], [4.8947434, 52.3730427], [4.8947487, 52.3730396], [4.8947685, 52.3730523], [4.8947632, 52.3730554], [4.8947693, 52.3730593], [4.8947746, 52.37305619999998], [4.8947943, 52.37306889999998], [4.894789, 52.373072], [4.8947946, 52.373075599999986], [4.8947999, 52.3730725], [4.8948242, 52.3730881], [4.8948189, 52.3730912], [4.8948255, 52.3730955], [4.8948265, 52.3730948], [4.8948645, 52.3731192], [4.8948634, 52.3731199], [4.8948715, 52.37312510000001], [4.8948735, 52.37312390000001], [4.894901, 52.3731403], [4.8948993, 52.3731414], [4.8950588, 52.373236], [4.8951418, 52.3732103], [4.8951431, 52.3732118], [4.8951602, 52.3732063], [4.8951542, 52.3731992], [4.8955365, 52.3730798], [4.8955423, 52.3730867], [4.8956013, 52.3730683], [4.8955999, 52.3730666], [4.8961859, 52.3728837], [4.8960935, 52.3727717], [4.8960332, 52.3726986], [4.8959146, 52.3727366], [4.8958996, 52.37272], [4.8958083, 52.3726193], [4.895921, 52.372582499999986], [4.8958941, 52.3725517], [4.8954764, 52.3726791]]]}}, {"id": "252", "type": "Feature", "properties": {"building_id": "266940978", "area_m2": 261.21767596896444}, "geometry": {"type": "Polygon", "coordinates": [[[4.8969768, 52.374142], [4.8972185, 52.374084199999984], [4.8972189, 52.3740818], [4.8972195, 52.3740235], [4.8970269, 52.3740745], [4.8970043, 52.3740806], [4.8970013, 52.374076], [4.8968172, 52.3741208], [4.896588, 52.3741896], [4.8966437, 52.3742301], [4.8967979, 52.374185299999986], [4.8969713, 52.37413440000001], [4.8969768, 52.374142]]]}}, {"id": "253", "type": "Feature", "properties": {"building_id": "266940979", "area_m2": 522.3042537558252}, "geometry": {"type": "Polygon", "coordinates": [[[4.8970196, 52.3740641], [4.8972219, 52.3740108], [4.8971446, 52.3738963], [4.8967651, 52.3739901], [4.8967981, 52.3740356], [4.8967623, 52.3740459], [4.8967845, 52.3740765], [4.8965324, 52.3741516], [4.896588, 52.3741896], [4.8968172, 52.3741208], [4.8970013, 52.374076], [4.8970043, 52.3740806], [4.8970269, 52.3740745], [4.8970196, 52.3740641]]]}}, {"id": "254", "type": "Feature", "properties": {"building_id": "266940980", "area_m2": 101.5223696529715}, "geometry": {"type": "Polygon", "coordinates": [[[4.8967797, 52.3746557], [4.8969775, 52.3745847], [4.8969629, 52.3745731], [4.8969606, 52.3745742], [4.8969444, 52.37456139999998], [4.8969467, 52.3745602], [4.8969328, 52.3745492], [4.8969313, 52.37455], [4.8966768, 52.37464], [4.8966681, 52.374643], [4.8967046, 52.374681], [4.8967236, 52.3746742], [4.8967191, 52.3746695], [4.896774, 52.3746498], [4.8967797, 52.3746557]]]}}, {"id": "255", "type": "Feature", "properties": {"building_id": "266940981", "area_m2": 198.2946276886575}, "geometry": {"type": "Polygon", "coordinates": [[[4.8956445, 52.3722807], [4.8956021, 52.372222599999986], [4.8955745, 52.37218919999999], [4.8954593, 52.3722269], [4.8954017, 52.3722452], [4.89535, 52.3722628], [4.8953869, 52.3723137], [4.895427, 52.372368499999986], [4.8954278, 52.3723694], [4.8954884, 52.3723508], [4.8954675, 52.3723248], [4.8955235, 52.37230839999999], [4.8955286, 52.3723152], [4.8956445, 52.3722807]]]}}, {"id": "256", "type": "Feature", "properties": {"building_id": "266940985", "area_m2": 215.13070833160631}, "geometry": {"type": "Polygon", "coordinates": [[[4.8964741, 52.37450779999999], [4.8966448, 52.3744537], [4.8966434, 52.3744521], [4.8966695, 52.3744438], [4.8966708, 52.3744454], [4.8967562, 52.3744183], [4.896707, 52.3743789], [4.8967053, 52.3743795], [4.8964978, 52.3744486], [4.896383, 52.3744873], [4.8961652, 52.3745607], [4.8962265, 52.37459449999998], [4.8964148, 52.37452829999999], [4.8964741, 52.37450779999999]]]}}, {"id": "257", "type": "Feature", "properties": {"building_id": "266940986", "area_m2": 76.62487751347248}, "geometry": {"type": "Polygon", "coordinates": [[[4.8969638, 52.3744799], [4.897112, 52.3744494], [4.8971221, 52.3744702], [4.8971321, 52.3744912], [4.8971834, 52.37447559999998], [4.8971523, 52.374411], [4.8969748, 52.3744359], [4.8969751, 52.3744367], [4.8969583, 52.37443909999999], [4.8969579, 52.374438199999986], [4.8969446, 52.3744401], [4.8969404, 52.37444270000001], [4.896935, 52.3744527], [4.8969353, 52.3744556], [4.8969638, 52.3744799]]]}}, {"id": "258", "type": "Feature", "properties": {"building_id": "266940988", "area_m2": 124.38640782269997}, "geometry": {"type": "Polygon", "coordinates": [[[4.896228, 52.3729546], [4.8961998, 52.3729218], [4.8961335, 52.3729427], [4.8962023, 52.3730279], [4.8962061, 52.3730267], [4.8962065, 52.3730273], [4.8962717, 52.3730057], [4.8962365, 52.37296459999999], [4.8962718, 52.372953], [4.896324, 52.3730128], [4.8963915, 52.372992], [4.8963007, 52.37288980000002], [4.8962348, 52.3729106], [4.8962631, 52.372943099999986], [4.896228, 52.3729546]]]}}, {"id": "259", "type": "Feature", "properties": {"building_id": "266940992", "area_m2": 633.123578634948}, "geometry": {"type": "Polygon", "coordinates": [[[4.895895, 52.3725331], [4.8958634, 52.3724985], [4.8959639, 52.37246480000001], [4.896001, 52.3725055], [4.8960364, 52.3724933], [4.8962181, 52.3724312], [4.8961705, 52.3723954], [4.896117, 52.3723528], [4.8961141, 52.3723541], [4.8958406, 52.3724457], [4.8956176, 52.3725061], [4.895394, 52.372578], [4.8954764, 52.3726791], [4.8958941, 52.3725517], [4.8958818, 52.3725377], [4.895895, 52.3725331]]]}}, {"id": "260", "type": "Feature", "properties": {"building_id": "266940994", "area_m2": 879.1078518563679}, "geometry": {"type": "Polygon", "coordinates": [[[4.8972008, 52.3750075], [4.8972635, 52.3749859], [4.8974619, 52.3749178], [4.8973556, 52.3748458], [4.8972998, 52.3748089], [4.8972985, 52.3748071], [4.8972507, 52.3747748], [4.89725, 52.3747751], [4.8971941, 52.3747396], [4.8967539, 52.374893], [4.8968142, 52.3749287], [4.8968708, 52.37496069999999], [4.8969338, 52.3749981], [4.8969362, 52.3749991], [4.897045, 52.37506040000001], [4.8970454, 52.37506110000001], [4.8972008, 52.3750075]]]}}, {"id": "261", "type": "Feature", "properties": {"building_id": "266940997", "area_m2": 188.51775360483236}, "geometry": {"type": "Polygon", "coordinates": [[[4.8967697, 52.3747032], [4.8968272, 52.3746826], [4.8968339, 52.3746896], [4.8970291, 52.3746198], [4.8969795, 52.3745837], [4.8969775, 52.3745847], [4.8967797, 52.3746557], [4.896774, 52.3746498], [4.8967191, 52.3746695], [4.8967236, 52.3746742], [4.8967046, 52.374681], [4.8965064, 52.374752], [4.8965597, 52.3747845], [4.8965618, 52.3747852], [4.8967689, 52.3747112], [4.8967751, 52.3747089], [4.8967697, 52.3747032]]]}}, {"id": "262", "type": "Feature", "properties": {"building_id": "266941001", "area_m2": 447.4663746655704}, "geometry": {"type": "Polygon", "coordinates": [[[4.8967981, 52.3740356], [4.8967651, 52.3739901], [4.8967204, 52.3740011], [4.8967117, 52.3739885], [4.8968907, 52.3739425], [4.8968704, 52.3739112], [4.8968486, 52.3738775], [4.8968462, 52.3738737], [4.8967107, 52.3739122], [4.8966675, 52.3739245], [4.8966905, 52.3739578], [4.8963651, 52.3740473], [4.8963643, 52.3740479], [4.8964197, 52.3740812], [4.8964218, 52.37408219999999], [4.8965324, 52.3741516], [4.8967845, 52.3740765], [4.8967623, 52.3740459], [4.8967981, 52.3740356]]]}}, {"id": "263", "type": "Feature", "properties": {"building_id": "266941004", "area_m2": 78.74171550409116}, "geometry": {"type": "Polygon", "coordinates": [[[4.8956609, 52.3722048], [4.8957139, 52.3721888], [4.8958504, 52.3721475], [4.8958492, 52.3721466], [4.8958504, 52.3721461], [4.8958218, 52.3721228], [4.895823, 52.37212229999999], [4.8958203, 52.3721201], [4.8958184, 52.3721209], [4.895804, 52.372119], [4.895803, 52.3721177], [4.8957989, 52.372119], [4.8957996, 52.3721198], [4.8956774, 52.3721576], [4.8956767, 52.372156699999984], [4.8955745, 52.37218919999999], [4.8956021, 52.372222599999986], [4.8956609, 52.3722048]]]}}, {"id": "264", "type": "Feature", "properties": {"building_id": "266941007", "area_m2": 265.5136545755652}, "geometry": {"type": "Polygon", "coordinates": [[[4.8965166, 52.3726806], [4.896485, 52.3726532], [4.896487, 52.3726523], [4.8964843, 52.3726504], [4.8964462, 52.3726199], [4.8964471, 52.3726195], [4.8964011, 52.3725761], [4.896182, 52.3726511], [4.8960384, 52.372697], [4.896068, 52.3727328], [4.8961736, 52.3727002], [4.8961805, 52.3727085], [4.8962487, 52.3726874], [4.896279, 52.3727231], [4.8963471, 52.3727021], [4.8963687, 52.37272879999998], [4.8964301, 52.3727093], [4.8964916, 52.3726897], [4.8965196, 52.3726808], [4.8965185, 52.3726798], [4.8965166, 52.3726806]]]}}, {"id": "265", "type": "Feature", "properties": {"building_id": "266941010", "area_m2": 1249.5100852259889}, "geometry": {"type": "Polygon", "coordinates": [[[4.8962357, 52.3737176], [4.8964061, 52.3736683], [4.8963754, 52.3736262], [4.8965561, 52.3735751], [4.896564, 52.3735731], [4.8966953, 52.3735346], [4.8967886, 52.3735066], [4.8966804, 52.37337019999998], [4.8966064, 52.3733922], [4.8965461, 52.37331720000001], [4.8965018, 52.3733306], [4.8965218, 52.3733565], [4.8961459, 52.373470699999984], [4.8961778, 52.3735101], [4.8961151, 52.373529099999985], [4.896148, 52.3735709], [4.896175, 52.3736053], [4.8961583, 52.3736102], [4.896167, 52.3736213], [4.8958446, 52.3737163], [4.8959282, 52.3737699], [4.8959285, 52.3737717], [4.8959671, 52.373795499999986], [4.8959691, 52.3737943], [4.8962357, 52.3737176]]]}}, {"id": "266", "type": "Feature", "properties": {"building_id": "266941015", "area_m2": 1796.335808555222}, "geometry": {"type": "Polygon", "coordinates": [[[4.8965018, 52.3733306], [4.8964833, 52.3733066], [4.8965078, 52.3732995], [4.8964444, 52.3732174], [4.8966625, 52.37315], [4.8967394, 52.3731262], [4.8969575, 52.37305880000001], [4.8969567, 52.3730574], [4.8969141, 52.3730219], [4.8967166, 52.37307890000001], [4.8965692, 52.373124], [4.8963999, 52.373174], [4.8963922, 52.3731633], [4.8963638, 52.3731716], [4.8962983, 52.3730913], [4.896195, 52.3731222], [4.8961002, 52.373151], [4.8960052, 52.3731812], [4.8960427, 52.3732298], [4.896074, 52.37327040000001], [4.8960593, 52.37328449999998], [4.8960056, 52.3732991], [4.8960313, 52.3733343], [4.8954828, 52.3734864], [4.8956202, 52.373569], [4.895619, 52.3735697], [4.8956851, 52.373610599999985], [4.8961459, 52.373470699999984], [4.8965218, 52.3733565], [4.8965018, 52.3733306]]]}}, {"id": "267", "type": "Feature", "properties": {"building_id": "266941018", "area_m2": 618.6092904780826}, "geometry": {"type": "Polygon", "coordinates": [[[4.8972142, 52.3741827], [4.8972181, 52.3740866], [4.8972185, 52.374084199999984], [4.8969768, 52.374142], [4.8969773, 52.3741428], [4.8969763, 52.374143], [4.8970024, 52.3741846], [4.8970315, 52.3741851], [4.897043, 52.3741921], [4.8970429, 52.374195], [4.8970518, 52.3741951], [4.8970504, 52.3742293], [4.8970298, 52.3742289], [4.8970285, 52.3742596], [4.8970492, 52.3742599], [4.8970474, 52.374306], [4.8970234, 52.3743095], [4.8969563, 52.3743204], [4.8969188, 52.374289200000014], [4.8969538, 52.3742714], [4.8968554, 52.3741987], [4.8968266, 52.37420689999998], [4.8967979, 52.374185299999986], [4.8966437, 52.3742301], [4.8966726, 52.3742523], [4.8966738, 52.37425179999999], [4.8966941, 52.3742672], [4.8966929, 52.3742677], [4.8967791, 52.3743331], [4.8968415, 52.374381], [4.8971945, 52.3743317], [4.8972086, 52.3743213], [4.8972142, 52.3741827]]]}}, {"id": "268", "type": "Feature", "properties": {"building_id": "266941020", "area_m2": 3681.044221572562}, "geometry": {"type": "Polygon", "coordinates": [[[4.8941706, 52.3731725], [4.8946266, 52.3735136], [4.8946013, 52.3735259], [4.8947106, 52.3736034], [4.8950967, 52.3738536], [4.8951129, 52.3738647], [4.895113, 52.3738648], [4.8951273, 52.3738744], [4.8951389, 52.3738825], [4.8951416, 52.3738843], [4.8951493, 52.3738896], [4.8951726, 52.3739079], [4.8952123, 52.3739328], [4.8952156, 52.3739326], [4.8952874, 52.3738967], [4.8955227, 52.3738178], [4.8956317, 52.3737417], [4.8956374, 52.3737377], [4.8956337, 52.3736774], [4.8954979, 52.3735928], [4.8954988, 52.3735923], [4.8954441, 52.3735584], [4.8954431, 52.373559], [4.8954307, 52.3735513], [4.8954318, 52.37355070000001], [4.8954044, 52.3735337], [4.8953513, 52.3735005], [4.895097, 52.3733495], [4.8950642, 52.3733299], [4.8950168, 52.37335379999998], [4.8949614, 52.373382], [4.8948948, 52.3734159], [4.8948609, 52.373391], [4.8948902, 52.373376], [4.894886, 52.373372899999985], [4.8948101, 52.3733171], [4.894834, 52.3733049], [4.8946326, 52.3731565], [4.8947048, 52.3731201], [4.8947112, 52.373116899999985], [4.8946672, 52.3730887], [4.8946656, 52.3730896], [4.8945954, 52.3730437], [4.8945966, 52.373043], [4.8945893, 52.3730374], [4.8941706, 52.3731725]]]}}, {"id": "269", "type": "Feature", "properties": {"building_id": "266941022", "area_m2": 760.5659073317389}, "geometry": {"type": "Polygon", "coordinates": [[[4.8966891, 52.3738678], [4.8970543, 52.3737694], [4.897018, 52.3737203], [4.8970172, 52.3737205], [4.8970086, 52.3737091], [4.8969922, 52.373705], [4.8967751, 52.3737618], [4.8967121, 52.3737794], [4.8964561, 52.3738478], [4.8964569, 52.373849], [4.8964012, 52.373864], [4.8963995, 52.3738647], [4.8961806, 52.373927], [4.8961767, 52.3739293], [4.8961771, 52.3739298], [4.8962139, 52.3739531], [4.8962128, 52.3739537], [4.8962149, 52.373955], [4.8962159, 52.3739544], [4.8962333, 52.3739653], [4.8962322, 52.373966], [4.8962343, 52.3739673], [4.8962353, 52.3739666], [4.8962713, 52.3739893], [4.8963651, 52.3740473], [4.8966905, 52.3739578], [4.8966675, 52.3739245], [4.8967107, 52.3739122], [4.8966793, 52.3738702], [4.8966891, 52.3738678]]]}}, {"id": "270", "type": "Feature", "properties": {"building_id": "266941025", "area_m2": 189.6284753325456}, "geometry": {"type": "Polygon", "coordinates": [[[4.8967539, 52.374893], [4.8971941, 52.3747396], [4.8971405, 52.3747017], [4.8966921, 52.3748585], [4.8967539, 52.374893]]]}}, {"id": "271", "type": "Feature", "properties": {"building_id": "266941027", "area_m2": 23.147727943709814}, "geometry": {"type": "Polygon", "coordinates": [[[4.8964398, 52.3729098], [4.8963952, 52.37285679999999], [4.8963486, 52.3728725], [4.8963942, 52.3729234], [4.8964398, 52.3729098]]]}}, {"id": "272", "type": "Feature", "properties": {"building_id": "266941029", "area_m2": 41.99262799819627}, "geometry": {"type": "Polygon", "coordinates": [[[4.8966491, 52.3737599], [4.8965882, 52.3736822], [4.8965295, 52.3736985], [4.8965921, 52.3737769], [4.8966491, 52.3737599]]]}}, {"id": "273", "type": "Feature", "properties": {"building_id": "266941031", "area_m2": 44.61305155352299}, "geometry": {"type": "Polygon", "coordinates": [[[4.8967652, 52.373728499999984], [4.8967003, 52.3736433], [4.896644, 52.3736589], [4.8967066, 52.3737441], [4.8967652, 52.373728499999984]]]}}, {"id": "274", "type": "Feature", "properties": {"building_id": "266941034", "area_m2": 38.00342080310661}, "geometry": {"type": "Polygon", "coordinates": [[[4.8968147, 52.3737151], [4.896748, 52.37363], [4.8967003, 52.3736433], [4.8967652, 52.373728499999984], [4.8968147, 52.3737151]]]}}, {"id": "275", "type": "Feature", "properties": {"building_id": "266941039", "area_m2": 27.0103055333041}, "geometry": {"type": "Polygon", "coordinates": [[[4.8969904, 52.3745019], [4.8971221, 52.3744702], [4.897112, 52.3744494], [4.8969638, 52.3744799], [4.8969904, 52.3745019]]]}}, {"id": "276", "type": "Feature", "properties": {"building_id": "266941043", "area_m2": 23.755170611714256}, "geometry": {"type": "Polygon", "coordinates": [[[4.8961928, 52.3731043], [4.8961633, 52.3730652], [4.8960968, 52.37308559999999], [4.8961267, 52.3731234], [4.8961928, 52.3731043]]]}}, {"id": "277", "type": "Feature", "properties": {"building_id": "266941046", "area_m2": 34.41820671412264}, "geometry": {"type": "Polygon", "coordinates": [[[4.8967413, 52.3733515], [4.896681, 52.3732766], [4.8966322, 52.3732913], [4.8966928, 52.3733664], [4.8967413, 52.3733515]]]}}, {"id": "278", "type": "Feature", "properties": {"building_id": "266941051", "area_m2": 137.16851887780135}, "geometry": {"type": "Polygon", "coordinates": [[[4.8947369, 52.3724214], [4.8946381, 52.372311], [4.8945107, 52.3723535], [4.8946118, 52.3724632], [4.8947369, 52.3724214]]]}}, {"id": "279", "type": "Feature", "properties": {"building_id": "266941052", "area_m2": 105.42435664257269}, "geometry": {"type": "Polygon", "coordinates": [[[4.8968415, 52.3732752], [4.8971301, 52.3731947], [4.8970798, 52.3731562], [4.8968109, 52.3732373], [4.8968415, 52.3732752]]]}}, {"id": "280", "type": "Feature", "properties": {"building_id": "266941053", "area_m2": 60.47247757391587}, "geometry": {"type": "Polygon", "coordinates": [[[4.8960657, 52.3725258], [4.8962572, 52.372461], [4.8962181, 52.3724312], [4.8960364, 52.3724933], [4.8960657, 52.3725258]]]}}, {"id": "281", "type": "Feature", "properties": {"building_id": "266941055", "area_m2": 92.96481437034006}, "geometry": {"type": "Polygon", "coordinates": [[[4.8968712, 52.3733121], [4.897167, 52.37322239999999], [4.8971301, 52.3731947], [4.8968415, 52.3732752], [4.8968712, 52.3733121]]]}}, {"id": "282", "type": "Feature", "properties": {"building_id": "266941056", "area_m2": 52.523056216115975}, "geometry": {"type": "Polygon", "coordinates": [[[4.896919, 52.3734063], [4.8968759, 52.373353], [4.8967698, 52.3733856], [4.8968129, 52.3734372], [4.896919, 52.3734063]]]}}, {"id": "283", "type": "Feature", "properties": {"building_id": "266941059", "area_m2": 27.43402407361656}, "geometry": {"type": "Polygon", "coordinates": [[[4.8953946, 52.3732463], [4.8953442, 52.373184], [4.8952976, 52.3731983], [4.8953479, 52.3732605], [4.8953946, 52.3732463]]]}}, {"id": "284", "type": "Feature", "properties": {"building_id": "266941063", "area_m2": 125.74452944059928}, "geometry": {"type": "Polygon", "coordinates": [[[4.8966768, 52.37464], [4.8969313, 52.37455], [4.8968705, 52.3745051], [4.8966292, 52.374589], [4.8966768, 52.37464]]]}}, {"id": "285", "type": "Feature", "properties": {"building_id": "266941064", "area_m2": 41.33552153955586}, "geometry": {"type": "Polygon", "coordinates": [[[4.8967999, 52.3733337], [4.8967396, 52.3732589], [4.896681, 52.3732766], [4.8967413, 52.3733515], [4.8967999, 52.3733337]]]}}, {"id": "286", "type": "Feature", "properties": {"building_id": "266941066", "area_m2": 118.27514678656303}, "geometry": {"type": "Polygon", "coordinates": [[[4.8962766, 52.37381709999999], [4.8962275, 52.3737548], [4.8960078, 52.3738193], [4.8960894, 52.3738721], [4.8962766, 52.37381709999999]]]}}, {"id": "287", "type": "Feature", "properties": {"building_id": "266941067", "area_m2": 25.434534974953365}, "geometry": {"type": "Polygon", "coordinates": [[[4.89702, 52.3745253], [4.8971321, 52.3744912], [4.8971221, 52.3744702], [4.8969904, 52.3745019], [4.89702, 52.3745253]]]}}, {"id": "288", "type": "Feature", "properties": {"building_id": "266941073", "area_m2": 86.7232563068327}, "geometry": {"type": "Polygon", "coordinates": [[[4.8966253, 52.374821], [4.8968105, 52.3747547], [4.8967689, 52.3747112], [4.8965618, 52.3747852], [4.8965639, 52.3747859], [4.8966253, 52.374821]]]}}, {"id": "289", "type": "Feature", "properties": {"building_id": "266941074", "area_m2": 72.58720594168103}, "geometry": {"type": "Polygon", "coordinates": [[[4.8968827, 52.3736965], [4.8967913, 52.3735799], [4.8967242, 52.3735996], [4.896748, 52.37363], [4.8968147, 52.3737151], [4.8968827, 52.3736965]]]}}, {"id": "290", "type": "Feature", "properties": {"building_id": "266941076", "area_m2": 50.281664932330784}, "geometry": {"type": "Polygon", "coordinates": [[[4.8968415, 52.3732752], [4.8968109, 52.3732373], [4.8967396, 52.3732589], [4.8967999, 52.3733337], [4.8968712, 52.3733121], [4.8968415, 52.3732752]]]}}, {"id": "291", "type": "Feature", "properties": {"building_id": "266941085", "area_m2": 47.789634585661275}, "geometry": {"type": "Polygon", "coordinates": [[[4.896533, 52.3728821], [4.8965115, 52.372855], [4.8964884, 52.3728274], [4.8963952, 52.37285679999999], [4.8964398, 52.3729098], [4.896533, 52.3728821]]]}}, {"id": "292", "type": "Feature", "properties": {"building_id": "266941088", "area_m2": 46.60169483634112}, "geometry": {"type": "Polygon", "coordinates": [[[4.8961482, 52.3730452], [4.8962023, 52.3730279], [4.8961335, 52.3729427], [4.8960759, 52.3729615], [4.8961452, 52.37304620000001], [4.8961482, 52.3730452]]]}}, {"id": "293", "type": "Feature", "properties": {"building_id": "266941090", "area_m2": 77.20648850780607}, "geometry": {"type": "Polygon", "coordinates": [[[4.8969333, 52.3738941], [4.8971112, 52.373846], [4.8970856, 52.3738077], [4.8968486, 52.3738775], [4.8968704, 52.3739112], [4.8969333, 52.3738941]]]}}, {"id": "294", "type": "Feature", "properties": {"building_id": "266941095", "area_m2": 162.49738265128818}, "geometry": {"type": "Polygon", "coordinates": [[[4.8948867, 52.3723748], [4.8947901, 52.3722622], [4.8946381, 52.372311], [4.8947369, 52.3724214], [4.8948151, 52.37239659999999], [4.8948867, 52.3723748]]]}}, {"id": "295", "type": "Feature", "properties": {"building_id": "266941096", "area_m2": 215.73736358831857}, "geometry": {"type": "Polygon", "coordinates": [[[4.8966921, 52.3748585], [4.8971405, 52.3747017], [4.8970804, 52.374658], [4.8968105, 52.3747547], [4.8966253, 52.374821], [4.8966921, 52.3748585]]]}}, {"id": "296", "type": "Feature", "properties": {"building_id": "266941098", "area_m2": 60.905492541058216}, "geometry": {"type": "Polygon", "coordinates": [[[4.8966928, 52.3733664], [4.8966322, 52.3732913], [4.8965461, 52.37331720000001], [4.8966064, 52.3733922], [4.8966804, 52.37337019999998], [4.8966928, 52.3733664]]]}}, {"id": "297", "type": "Feature", "properties": {"building_id": "266941103", "area_m2": 36.76225794009854}, "geometry": {"type": "Polygon", "coordinates": [[[4.8941497, 52.3725865], [4.8942529, 52.37254749999999], [4.8942187, 52.3725132], [4.8941179, 52.3725513], [4.8941163, 52.37255179999999], [4.8941497, 52.3725865]]]}}, {"id": "298", "type": "Feature", "properties": {"building_id": "266941113", "area_m2": 39.701575647308715}, "geometry": {"type": "Polygon", "coordinates": [[[4.8954703, 52.3732234], [4.8954435, 52.3731902], [4.895427, 52.3731952], [4.8954042, 52.373167], [4.8953442, 52.373184], [4.8953946, 52.3732463], [4.8954703, 52.3732234]]]}}, {"id": "299", "type": "Feature", "properties": {"building_id": "266941119", "area_m2": 52.302174213146344}, "geometry": {"type": "Polygon", "coordinates": [[[4.8969858, 52.3739176], [4.897134, 52.37388], [4.8971112, 52.373846], [4.8969333, 52.3738941], [4.8969555, 52.3739264], [4.8969864, 52.3739185], [4.8969858, 52.3739176]]]}}, {"id": "300", "type": "Feature", "properties": {"building_id": "266941121", "area_m2": 124.96074137143205}, "geometry": {"type": "Polygon", "coordinates": [[[4.8966681, 52.374643], [4.8966768, 52.37464], [4.8966292, 52.374589], [4.8963751, 52.3746774], [4.8964469, 52.3747202], [4.8964488, 52.3747206], [4.8966681, 52.374643]]]}}, {"id": "301", "type": "Feature", "properties": {"building_id": "266941122", "area_m2": 95.16492860394337}, "geometry": {"type": "Polygon", "coordinates": [[[4.8961652, 52.3745607], [4.896383, 52.3744873], [4.8963473, 52.3744477], [4.8963418, 52.3744416], [4.8961153, 52.3745262], [4.8961135, 52.3745272], [4.8961652, 52.3745607]]]}}, {"id": "302", "type": "Feature", "properties": {"building_id": "266941124", "area_m2": 40.37932129710394}, "geometry": {"type": "Polygon", "coordinates": [[[4.8955334, 52.37320429999998], [4.8954849, 52.3731443], [4.8954042, 52.373167], [4.895427, 52.3731952], [4.8954435, 52.3731902], [4.8954703, 52.3732234], [4.8955334, 52.37320429999998]]]}}, {"id": "303", "type": "Feature", "properties": {"building_id": "266941125", "area_m2": 68.09704672940873}, "geometry": {"type": "Polygon", "coordinates": [[[4.8963834, 52.3727469], [4.8963687, 52.37272879999998], [4.8963471, 52.3727021], [4.896279, 52.3727231], [4.8963696, 52.3728299], [4.8964351, 52.37281080000001], [4.8963834, 52.3727469]]]}}, {"id": "304", "type": "Feature", "properties": {"building_id": "266941130", "area_m2": 63.096183791239135}, "geometry": {"type": "Polygon", "coordinates": [[[4.8961452, 52.37304620000001], [4.8960759, 52.3729615], [4.8960137, 52.3729807], [4.8960968, 52.37308559999999], [4.8961633, 52.3730652], [4.8961482, 52.3730452], [4.8961452, 52.37304620000001]]]}}, {"id": "305", "type": "Feature", "properties": {"building_id": "266941133", "area_m2": 45.960295600534224}, "geometry": {"type": "Polygon", "coordinates": [[[4.8959922, 52.3731746], [4.8959952, 52.3731571], [4.8959716, 52.3731273], [4.8959166, 52.3731436], [4.8958529, 52.3731625], [4.8958865, 52.3732034], [4.8959922, 52.3731746]]]}}, {"id": "306", "type": "Feature", "properties": {"building_id": "266941134", "area_m2": 170.16201989019078}, "geometry": {"type": "Polygon", "coordinates": [[[4.8957347, 52.3736458], [4.8961151, 52.373529099999985], [4.8961778, 52.3735101], [4.8961459, 52.373470699999984], [4.8956851, 52.373610599999985], [4.895684, 52.3736112], [4.8957347, 52.3736458]]]}}, {"id": "307", "type": "Feature", "properties": {"building_id": "266941136", "area_m2": 464.66692876640474}, "geometry": {"type": "Polygon", "coordinates": [[[4.8961654, 52.3726331], [4.8963813, 52.3725622], [4.8962652, 52.3724695], [4.895921, 52.372582499999986], [4.8958083, 52.3726193], [4.8958996, 52.37272], [4.8961654, 52.3726331]]]}}, {"id": "308", "type": "Feature", "properties": {"building_id": "266941139", "area_m2": 75.11065367230356}, "geometry": {"type": "Polygon", "coordinates": [[[4.8966967, 52.37283569999999], [4.8966351, 52.3727812], [4.8964884, 52.3728274], [4.8965115, 52.372855], [4.8965447, 52.372845099999985], [4.8965677, 52.3728741], [4.8966967, 52.37283569999999]]]}}, {"id": "309", "type": "Feature", "properties": {"building_id": "266941140", "area_m2": 109.80256635359848}, "geometry": {"type": "Polygon", "coordinates": [[[4.8968073, 52.3732129], [4.8968079, 52.3732138], [4.8970582, 52.3731415], [4.8970015, 52.3730966], [4.897001, 52.3730959], [4.8967697, 52.3731674], [4.8968073, 52.3732129]]]}}, {"id": "310", "type": "Feature", "properties": {"building_id": "266941147", "area_m2": 46.16703899178733}, "geometry": {"type": "Polygon", "coordinates": [[[4.8967066, 52.3737441], [4.896644, 52.3736589], [4.8965831, 52.3736757], [4.8965882, 52.3736822], [4.8966491, 52.3737599], [4.896651, 52.3737605], [4.8967066, 52.3737441]]]}}, {"id": "311", "type": "Feature", "properties": {"building_id": "266941148", "area_m2": 59.89578479696033}, "geometry": {"type": "Polygon", "coordinates": [[[4.8959727, 52.373127], [4.8958897, 52.3730176], [4.8958277, 52.3730366], [4.8959017, 52.3731254], [4.8959166, 52.3731436], [4.8959716, 52.3731273], [4.8959727, 52.373127]]]}}, {"id": "312", "type": "Feature", "properties": {"building_id": "266941152", "area_m2": 81.40212450724128}, "geometry": {"type": "Polygon", "coordinates": [[[4.8965064, 52.374752], [4.8967046, 52.374681], [4.8966681, 52.374643], [4.8964488, 52.3747206], [4.8964507, 52.374721], [4.8965057, 52.3747525], [4.8965064, 52.374752]]]}}, {"id": "313", "type": "Feature", "properties": {"building_id": "266941157", "area_m2": 212.83726775180776}, "geometry": {"type": "Polygon", "coordinates": [[[4.896279, 52.3727231], [4.8962487, 52.3726874], [4.8961805, 52.3727085], [4.8962051, 52.3727382], [4.8960935, 52.3727717], [4.8961859, 52.3728837], [4.8963696, 52.3728299], [4.896279, 52.3727231]]]}}, {"id": "314", "type": "Feature", "properties": {"building_id": "266941161", "area_m2": 34.018085416776046}, "geometry": {"type": "Polygon", "coordinates": [[[4.8941179, 52.3725513], [4.8942187, 52.3725132], [4.8941854, 52.3724799], [4.8940996, 52.3725134], [4.8940942, 52.3725255], [4.8941146, 52.3725506], [4.8941168, 52.3725499], [4.8941179, 52.3725513]]]}}, {"id": "315", "type": "Feature", "properties": {"building_id": "266941162", "area_m2": 204.69308710821315}, "geometry": {"type": "Polygon", "coordinates": [[[4.8967697, 52.3731674], [4.8966958, 52.3731903], [4.896676, 52.3731663], [4.8966625, 52.37315], [4.8964444, 52.3732174], [4.8965078, 52.3732995], [4.8968073, 52.3732129], [4.8967697, 52.3731674]]]}}, {"id": "316", "type": "Feature", "properties": {"building_id": "266941163", "area_m2": 143.25199667317025}, "geometry": {"type": "Polygon", "coordinates": [[[4.8959017, 52.3731254], [4.8958277, 52.3730366], [4.8956866, 52.3730823], [4.8957576, 52.3731674], [4.8957734, 52.3731868], [4.8958529, 52.3731625], [4.8959166, 52.3731436], [4.8959017, 52.3731254]]]}}, {"id": "317", "type": "Feature", "properties": {"building_id": "266941165", "area_m2": 55.2659604182043}, "geometry": {"type": "Polygon", "coordinates": [[[4.8962932, 52.373074], [4.8964337, 52.3730307], [4.8964042, 52.3729949], [4.8963998, 52.37298949999999], [4.8963915, 52.372992], [4.896324, 52.3730128], [4.896258, 52.37303319999999], [4.8962932, 52.373074]]]}}, {"id": "318", "type": "Feature", "properties": {"building_id": "266941167", "area_m2": 99.77573940837915}, "geometry": {"type": "Polygon", "coordinates": [[[4.8960968, 52.37308559999999], [4.8960137, 52.3729807], [4.8959448, 52.3730014], [4.8960282, 52.3731075], [4.8960073, 52.3731134], [4.8960363, 52.3731504], [4.8961267, 52.3731234], [4.8960968, 52.37308559999999]]]}}, {"id": "319", "type": "Feature", "properties": {"building_id": "266941169", "area_m2": 89.68532794213017}, "geometry": {"type": "Polygon", "coordinates": [[[4.8964978, 52.3744486], [4.8967053, 52.3743795], [4.8966596, 52.3743415], [4.8966551, 52.3743435], [4.8966487, 52.3743392], [4.8964576, 52.374404], [4.8964621, 52.374409], [4.8964978, 52.3744486]]]}}, {"id": "320", "type": "Feature", "properties": {"building_id": "266941172", "area_m2": 182.23660224076187}, "geometry": {"type": "Polygon", "coordinates": [[[4.8954828, 52.3734864], [4.8960313, 52.3733343], [4.8960056, 52.3732991], [4.8957128, 52.3733798], [4.8956701, 52.3733915], [4.8954324, 52.37345689999999], [4.8954816, 52.3734872], [4.8954828, 52.3734864]]]}}, {"id": "321", "type": "Feature", "properties": {"building_id": "266941174", "area_m2": 129.1467243623739}, "geometry": {"type": "Polygon", "coordinates": [[[4.8958446, 52.3737163], [4.896167, 52.3736213], [4.8961583, 52.3736102], [4.8961183, 52.373622], [4.8960913, 52.3735876], [4.8959724, 52.3736227], [4.8959208, 52.3736378], [4.8957843, 52.3736781], [4.8958446, 52.3737163]]]}}, {"id": "322", "type": "Feature", "properties": {"building_id": "266941179", "area_m2": 125.61914149405038}, "geometry": {"type": "Polygon", "coordinates": [[[4.8944083, 52.3724887], [4.8944638, 52.3724677], [4.8944295, 52.372433399999984], [4.8943603, 52.3724596], [4.8943258, 52.3724251], [4.8941854, 52.3724799], [4.8942187, 52.3725132], [4.8942529, 52.37254749999999], [4.8944083, 52.3724887]]]}}, {"id": "323", "type": "Feature", "properties": {"building_id": "266941180", "area_m2": 117.66778960051626}, "geometry": {"type": "Polygon", "coordinates": [[[4.8968105, 52.3747547], [4.8970804, 52.374658], [4.8970291, 52.3746198], [4.8968339, 52.3746896], [4.8968272, 52.3746826], [4.8967697, 52.3747032], [4.8967751, 52.3747089], [4.8967689, 52.3747112], [4.8968105, 52.3747547]]]}}, {"id": "324", "type": "Feature", "properties": {"building_id": "266941181", "area_m2": 51.630462557274186}, "geometry": {"type": "Polygon", "coordinates": [[[4.8963942, 52.3729234], [4.8963486, 52.3728725], [4.8963007, 52.37288980000002], [4.8963915, 52.372992], [4.8963998, 52.37298949999999], [4.8964042, 52.3729949], [4.8964452, 52.3729803], [4.8964432, 52.3729781], [4.8963942, 52.3729234]]]}}, {"id": "325", "type": "Feature", "properties": {"building_id": "266941184", "area_m2": 91.36126279208725}, "geometry": {"type": "Polygon", "coordinates": [[[4.8943172, 52.3725695], [4.8943707, 52.3725492], [4.8944422, 52.3725227], [4.8944083, 52.3724887], [4.8942529, 52.37254749999999], [4.8941497, 52.3725865], [4.8941836, 52.3726204], [4.8942606, 52.3725917], [4.8943172, 52.3725695]]]}}, {"id": "326", "type": "Feature", "properties": {"building_id": "266941186", "area_m2": 84.45396499085163}, "geometry": {"type": "Polygon", "coordinates": [[[4.8939134, 52.3731562], [4.8940297, 52.3732432], [4.8940956, 52.37321019999999], [4.894063, 52.3731858], [4.8940766, 52.373179], [4.8939961, 52.3731188], [4.8939922, 52.3731158], [4.8939187, 52.3731501], [4.8939215, 52.3731524], [4.8939134, 52.3731562]]]}}, {"id": "327", "type": "Feature", "properties": {"building_id": "266941188", "area_m2": 126.50478612870356}, "geometry": {"type": "Polygon", "coordinates": [[[4.8956445, 52.3722807], [4.8959205, 52.3722008], [4.8958514, 52.3721474], [4.8958504, 52.3721475], [4.8957139, 52.3721888], [4.8957415, 52.3722237], [4.8956893, 52.3722399], [4.8956609, 52.3722048], [4.8956021, 52.372222599999986], [4.8956445, 52.3722807]]]}}, {"id": "328", "type": "Feature", "properties": {"building_id": "266941192", "area_m2": 102.9651164979719}, "geometry": {"type": "Polygon", "coordinates": [[[4.8967697, 52.3731674], [4.897001, 52.3730959], [4.8970005, 52.37309519999999], [4.8969583, 52.3730601], [4.8969575, 52.37305880000001], [4.8967394, 52.3731262], [4.8967529, 52.3731425], [4.896676, 52.3731663], [4.8966958, 52.3731903], [4.8967697, 52.3731674]]]}}, {"id": "329", "type": "Feature", "properties": {"building_id": "266941197", "area_m2": 162.86530099804583}, "geometry": {"type": "Polygon", "coordinates": [[[4.8961444, 52.3739076], [4.896454, 52.373816], [4.8964207, 52.3737738], [4.896414, 52.3737757], [4.8963671, 52.3737162], [4.8963007, 52.3737355], [4.896347, 52.3737941], [4.8962766, 52.37381709999999], [4.8960894, 52.3738721], [4.8961444, 52.3739076]]]}}, {"id": "330", "type": "Feature", "properties": {"building_id": "266941200", "area_m2": 364.5733909080702}, "geometry": {"type": "Polygon", "coordinates": [[[4.8970867, 52.3736423], [4.8970045, 52.3735337], [4.8970664, 52.3735162], [4.8970243, 52.3734605], [4.8968744, 52.3735016], [4.8966905, 52.3735567], [4.8967242, 52.3735996], [4.8967913, 52.3735799], [4.8968827, 52.3736965], [4.8970867, 52.3736423]]]}}, {"id": "331", "type": "Feature", "properties": {"building_id": "266941206", "area_m2": 404.9023911656701}, "geometry": {"type": "Polygon", "coordinates": [[[4.8966292, 52.374589], [4.8968705, 52.3745051], [4.8967757, 52.3744351], [4.8965428, 52.3745123], [4.8964902, 52.3745302], [4.8962599, 52.3746114], [4.8962614, 52.3746131], [4.8962613, 52.37461360000001], [4.8963751, 52.3746774], [4.8966292, 52.374589]]]}}, {"id": "332", "type": "Feature", "properties": {"building_id": "266941210", "area_m2": 115.13279405753265}, "geometry": {"type": "Polygon", "coordinates": [[[4.8970797, 52.3733571], [4.8972667, 52.373301], [4.8972188, 52.37326179999999], [4.8970177, 52.3733245], [4.897019, 52.3733259], [4.8969907, 52.3733427], [4.8969306, 52.3733597], [4.8969586, 52.3733951], [4.8970811, 52.3733588], [4.8970797, 52.3733571]]]}}, {"id": "333", "type": "Feature", "properties": {"building_id": "266941215", "area_m2": 408.16897254435315}, "geometry": {"type": "Polygon", "coordinates": [[[4.8963922, 52.3731633], [4.8966932, 52.3730759], [4.8969027, 52.3730139], [4.8968108, 52.3729345], [4.8966796, 52.3729762], [4.8966355, 52.3729912], [4.8964468, 52.3730468], [4.8962983, 52.3730913], [4.8963638, 52.3731716], [4.8963922, 52.3731633]]]}}, {"id": "334", "type": "Feature", "properties": {"building_id": "266941219", "area_m2": 69.04619866645635}, "geometry": {"type": "Polygon", "coordinates": [[[4.8960078, 52.3738193], [4.8962275, 52.3737548], [4.8962588, 52.3737476], [4.8962357, 52.3737176], [4.8959691, 52.3737943], [4.8959727, 52.373796599999984], [4.8959746, 52.373795499999986], [4.8960065, 52.373816], [4.8960045, 52.3738171], [4.8960078, 52.3738193]]]}}, {"id": "335", "type": "Feature", "properties": {"building_id": "266952891", "area_m2": 103.13642557901443}, "geometry": {"type": "Polygon", "coordinates": [[[4.897142, 52.3724718], [4.8971095, 52.3724419], [4.8969714, 52.3724876], [4.8970105, 52.3725253], [4.8970784, 52.3725029], [4.8971096, 52.3725316], [4.8971231, 52.3725271], [4.8971729, 52.3725737], [4.897174, 52.37257480000001], [4.897233, 52.3725557], [4.8972315, 52.3725541], [4.897142, 52.3724718]]]}}, {"id": "336", "type": "Feature", "properties": {"building_id": "266952893", "area_m2": 144.24187298119963}, "geometry": {"type": "Polygon", "coordinates": [[[4.8967865, 52.3719143], [4.896868, 52.3718834], [4.8968981, 52.371872], [4.8969633, 52.3718473], [4.8970431, 52.371817], [4.8969958, 52.3717713], [4.896837, 52.371836], [4.8967987, 52.3718516], [4.8967537, 52.3718699], [4.8966807, 52.3718997], [4.8967217, 52.3719389], [4.8967865, 52.3719143]]]}}, {"id": "337", "type": "Feature", "properties": {"building_id": "266952895", "area_m2": 103.96132119233465}, "geometry": {"type": "Polygon", "coordinates": [[[4.8965852, 52.372154], [4.896911, 52.3720333], [4.8968753, 52.3719992], [4.8968125, 52.3720224], [4.8968326, 52.3720428], [4.8967589, 52.3720701], [4.8967388, 52.3720498], [4.8965458, 52.3721213], [4.8965715, 52.37214259999999], [4.8965562, 52.3721495], [4.89657, 52.3721609], [4.8965852, 52.372154]]]}}, {"id": "338", "type": "Feature", "properties": {"building_id": "266952896", "area_m2": 125.77464386947493}, "geometry": {"type": "Polygon", "coordinates": [[[4.8969507, 52.3722498], [4.8969305, 52.372229200000014], [4.8969991, 52.372204], [4.8970296, 52.372235], [4.8970983, 52.3722098], [4.8970444, 52.3721571], [4.8969533, 52.3721973], [4.8969156, 52.372214], [4.8967449, 52.3722893], [4.8967866, 52.37232439999999], [4.8969746, 52.3722553], [4.8969643, 52.3722448], [4.8969507, 52.3722498]]]}}, {"id": "339", "type": "Feature", "properties": {"building_id": "266952899", "area_m2": 138.86621109978327}, "geometry": {"type": "Polygon", "coordinates": [[[4.8971629, 52.3724348], [4.8972075, 52.3724199], [4.8972282, 52.372443], [4.8972434, 52.3724378], [4.8972831, 52.3724246], [4.8972174, 52.3723573], [4.8969336, 52.3724511], [4.8969314, 52.372452], [4.8969714, 52.3724876], [4.8971095, 52.3724419], [4.897142, 52.3724718], [4.8971835, 52.3724579], [4.8971629, 52.3724348]]]}}, {"id": "340", "type": "Feature", "properties": {"building_id": "266952902", "area_m2": 288.81971446899377}, "geometry": {"type": "Polygon", "coordinates": [[[4.8964517, 52.3718318], [4.896631, 52.37176509999998], [4.8966095, 52.3717468], [4.8965829, 52.371724], [4.896534, 52.3717423], [4.8964717, 52.3717655], [4.8964258, 52.3717198], [4.8961814, 52.3718082], [4.8961842, 52.3718111], [4.8961788, 52.3718292], [4.8961744, 52.3718314], [4.8962663, 52.3719009], [4.8964517, 52.3718318]]]}}, {"id": "341", "type": "Feature", "properties": {"building_id": "266952905", "area_m2": 106.99026002000431}, "geometry": {"type": "Polygon", "coordinates": [[[4.8963651, 52.3719809], [4.8967262, 52.3718464], [4.8967052, 52.3718285], [4.8966931, 52.3718181], [4.8965939, 52.371855], [4.8966159, 52.3718583], [4.8966259, 52.3718684], [4.8966099, 52.3718744], [4.8965879, 52.3718711], [4.8965779, 52.371861], [4.8963308, 52.371953], [4.8963644, 52.3719812], [4.8963651, 52.3719809]]]}}, {"id": "342", "type": "Feature", "properties": {"building_id": "266952908", "area_m2": 94.32666995772446}, "geometry": {"type": "Polygon", "coordinates": [[[4.896837, 52.371836], [4.8969958, 52.3717713], [4.8969662, 52.3717429], [4.8969637, 52.3717439], [4.8969582, 52.3717386], [4.8969607, 52.37173760000001], [4.8969575, 52.3717346], [4.8967052, 52.3718285], [4.8967262, 52.3718464], [4.8967537, 52.3718699], [4.8967987, 52.3718516], [4.8967721, 52.3718268], [4.8968103, 52.37181120000001], [4.896837, 52.371836]]]}}, {"id": "343", "type": "Feature", "properties": {"building_id": "266952911", "area_m2": 97.3037681302652}, "geometry": {"type": "Polygon", "coordinates": [[[4.896833, 52.3719587], [4.8970898, 52.3718621], [4.8971038, 52.3718566], [4.8970925, 52.3718457], [4.8970785, 52.3718512], [4.8970645, 52.3718377], [4.8969845, 52.3718676], [4.8969633, 52.3718473], [4.8968981, 52.371872], [4.8969247, 52.3718982], [4.8968946, 52.3719096], [4.896868, 52.3718834], [4.8967865, 52.3719143], [4.896833, 52.3719587]]]}}, {"id": "344", "type": "Feature", "properties": {"building_id": "266952913", "area_m2": 152.17560514524692}, "geometry": {"type": "Polygon", "coordinates": [[[4.8964976, 52.372085], [4.8967514, 52.3719894], [4.8967385, 52.37197660000001], [4.8967509, 52.371972], [4.8967637, 52.3719848], [4.896833, 52.3719587], [4.8967865, 52.3719143], [4.8967217, 52.3719389], [4.8966959, 52.3719487], [4.8967176, 52.3719702], [4.8967002, 52.371976799999985], [4.8966785, 52.3719553], [4.8964455, 52.3720437], [4.8964966, 52.3720855], [4.8964976, 52.372085]]]}}, {"id": "345", "type": "Feature", "properties": {"building_id": "266952916", "area_m2": 87.85952630464361}, "geometry": {"type": "Polygon", "coordinates": [[[4.897019, 52.3719933], [4.8970978, 52.3719641], [4.8970984, 52.3719646], [4.8971679, 52.3719389], [4.8971444, 52.371916], [4.8971577, 52.37191089999999], [4.8971454, 52.3718989], [4.897132, 52.371904], [4.8968753, 52.3719992], [4.896911, 52.3720333], [4.8969421, 52.3720218], [4.8969764, 52.3720091], [4.8969618, 52.3719949], [4.8970045, 52.3719791], [4.897019, 52.3719933]]]}}, {"id": "346", "type": "Feature", "properties": {"building_id": "266952919", "area_m2": 92.51254515330876}, "geometry": {"type": "Polygon", "coordinates": [[[4.8967052, 52.3718285], [4.8969575, 52.3717346], [4.8969393, 52.371717299999986], [4.8969368, 52.37171829999998], [4.8969189, 52.3717012], [4.8969214, 52.3717002], [4.8969191, 52.371698], [4.896918, 52.3716976], [4.8967538, 52.3717586], [4.8967766, 52.371781599999984], [4.8967492, 52.3717918], [4.8967264, 52.371768899999985], [4.896663, 52.3717925], [4.8966931, 52.3718181], [4.8967052, 52.3718285]]]}}, {"id": "347", "type": "Feature", "properties": {"building_id": "266952920", "area_m2": 218.04758924627558}, "geometry": {"type": "Polygon", "coordinates": [[[4.8968965, 52.3721946], [4.8969128, 52.3721885], [4.8969029, 52.3721784], [4.8969263, 52.3721698], [4.8969533, 52.3721973], [4.8970444, 52.3721571], [4.8970714, 52.3721452], [4.897018, 52.3720943], [4.8970148, 52.3720912], [4.8969874, 52.3721014], [4.8966644, 52.372221], [4.8966648, 52.372222], [4.8967449, 52.3722893], [4.8969156, 52.372214], [4.8968965, 52.3721946]]]}}, {"id": "348", "type": "Feature", "properties": {"building_id": "266952923", "area_m2": 114.1154864273594}, "geometry": {"type": "Polygon", "coordinates": [[[4.8971001, 52.3720706], [4.8972386, 52.3720084], [4.8972258, 52.3719958], [4.8972002, 52.3719705], [4.8971308, 52.3719963], [4.8970984, 52.3719646], [4.8970978, 52.3719641], [4.897019, 52.3719933], [4.8969958, 52.3720019], [4.8970172, 52.3720068], [4.8970285, 52.3720026], [4.897066, 52.3720392], [4.8969903, 52.3720673], [4.8970148, 52.3720912], [4.897018, 52.3720943], [4.8970952, 52.3720657], [4.8971001, 52.3720706]]]}}, {"id": "349", "type": "Feature", "properties": {"building_id": "266952924", "area_m2": 90.257528425892}, "geometry": {"type": "Polygon", "coordinates": [[[4.8968702, 52.3716553], [4.8968372, 52.3716254], [4.8968389, 52.3716247], [4.8968348, 52.371621], [4.8968331, 52.3716217], [4.8968091, 52.3716], [4.8968108, 52.3715993], [4.8968076, 52.3715963], [4.8968051, 52.3715973], [4.8967812, 52.3715939], [4.8967797, 52.37159230000001], [4.8966749, 52.3716298], [4.8966761, 52.3716311], [4.896749, 52.3717006], [4.8968748, 52.371659], [4.8968762, 52.3716585], [4.8968719, 52.371654599999985], [4.8968702, 52.3716553]]]}}, {"id": "350", "type": "Feature", "properties": {"building_id": "266952930", "area_m2": 110.8308128034778}, "geometry": {"type": "Polygon", "coordinates": [[[4.8968753, 52.3719992], [4.897132, 52.371904], [4.8970898, 52.3718621], [4.896833, 52.3719587], [4.8968753, 52.3719992]]]}}, {"id": "351", "type": "Feature", "properties": {"building_id": "266952936", "area_m2": 54.58381591191133}, "geometry": {"type": "Polygon", "coordinates": [[[4.8963017, 52.371927], [4.8964829, 52.3718595], [4.8964517, 52.3718318], [4.8962663, 52.3719009], [4.8963017, 52.371927]]]}}, {"id": "352", "type": "Feature", "properties": {"building_id": "266952939", "area_m2": 29.311376092438984}, "geometry": {"type": "Polygon", "coordinates": [[[4.896534, 52.3717423], [4.8964891, 52.3716976], [4.8964258, 52.3717198], [4.8964717, 52.3717655], [4.896534, 52.3717423]]]}}, {"id": "353", "type": "Feature", "properties": {"building_id": "266952943", "area_m2": 109.156849229909}, "geometry": {"type": "Polygon", "coordinates": [[[4.8964043, 52.3720125], [4.8966807, 52.3718997], [4.8967537, 52.3718699], [4.8967262, 52.3718464], [4.8963651, 52.3719809], [4.8964043, 52.3720125]]]}}, {"id": "354", "type": "Feature", "properties": {"building_id": "266952949", "area_m2": 120.60996844585321}, "geometry": {"type": "Polygon", "coordinates": [[[4.896749, 52.3717006], [4.8966761, 52.3716311], [4.8964891, 52.3716976], [4.896534, 52.3717423], [4.8965829, 52.371724], [4.8966095, 52.3717468], [4.896749, 52.3717006]]]}}, {"id": "355", "type": "Feature", "properties": {"building_id": "266952950", "area_m2": 107.56432276873409}, "geometry": {"type": "Polygon", "coordinates": [[[4.8964455, 52.3720437], [4.8966785, 52.3719553], [4.8966959, 52.3719487], [4.8967217, 52.3719389], [4.8966807, 52.3718997], [4.8964043, 52.3720125], [4.8964455, 52.3720437]]]}}, {"id": "356", "type": "Feature", "properties": {"building_id": "266952952", "area_m2": 240.0512864898857}, "geometry": {"type": "Polygon", "coordinates": [[[4.8972174, 52.3723573], [4.8972873, 52.3723342], [4.8972528, 52.372299], [4.8972169, 52.3722622], [4.8972007, 52.3722682], [4.8968665, 52.372391], [4.8969336, 52.3724511], [4.8972174, 52.3723573]]]}}, {"id": "357", "type": "Feature", "properties": {"building_id": "266952953", "area_m2": 110.82065591501694}, "geometry": {"type": "Polygon", "coordinates": [[[4.8968665, 52.372391], [4.8972007, 52.3722682], [4.8971711, 52.37224], [4.8971404, 52.372251], [4.8971371, 52.3722477], [4.8968293, 52.3723609], [4.896865, 52.3723917], [4.8968665, 52.372391]]]}}, {"id": "358", "type": "Feature", "properties": {"building_id": "266952957", "area_m2": 248.2730011093687}, "geometry": {"type": "Polygon", "coordinates": [[[4.8966644, 52.372221], [4.8969874, 52.3721014], [4.8969526, 52.3720675], [4.8969788, 52.3720578], [4.8969421, 52.3720218], [4.896911, 52.3720333], [4.8965852, 52.372154], [4.8966639, 52.3722201], [4.8966644, 52.372221]]]}}, {"id": "359", "type": "Feature", "properties": {"building_id": "266952959", "area_m2": 139.2948533999588}, "geometry": {"type": "Polygon", "coordinates": [[[4.8968125, 52.3720224], [4.8968753, 52.3719992], [4.896833, 52.3719587], [4.8967637, 52.3719848], [4.8967514, 52.3719894], [4.8964976, 52.372085], [4.8965458, 52.3721213], [4.8967388, 52.3720498], [4.8968125, 52.3720224]]]}}, {"id": "360", "type": "Feature", "properties": {"building_id": "266952964", "area_m2": 124.53187054441526}, "geometry": {"type": "Polygon", "coordinates": [[[4.8968293, 52.3723609], [4.8971371, 52.3722477], [4.8970983, 52.3722098], [4.8970296, 52.372235], [4.8969746, 52.3722553], [4.8967866, 52.37232439999999], [4.8968156, 52.3723492], [4.8968001, 52.372356], [4.8968138, 52.3723676], [4.8968293, 52.3723609]]]}}, {"id": "361", "type": "Feature", "properties": {"building_id": "266952966", "area_m2": 100.98603759502157}, "geometry": {"type": "Polygon", "coordinates": [[[4.8963308, 52.371953], [4.8965779, 52.371861], [4.8965939, 52.371855], [4.8966931, 52.3718181], [4.896663, 52.3717925], [4.8965933, 52.3718184], [4.8965192, 52.371846], [4.8964829, 52.3718595], [4.8963017, 52.371927], [4.8963308, 52.371953]]]}}, {"id": "362", "type": "Feature", "properties": {"building_id": "266952969", "area_m2": 116.39050664744894}, "geometry": {"type": "Polygon", "coordinates": [[[4.8967264, 52.371768899999985], [4.8967538, 52.3717586], [4.896918, 52.3716976], [4.8969169, 52.3716971], [4.8968748, 52.371659], [4.896749, 52.3717006], [4.8966095, 52.3717468], [4.896631, 52.37176509999998], [4.896663, 52.3717925], [4.8967264, 52.371768899999985]]]}}, {"id": "363", "type": "Feature", "properties": {"building_id": "267001333", "area_m2": 151.64642670651693}, "geometry": {"type": "Polygon", "coordinates": [[[4.8968237, 52.3709595], [4.8967988, 52.3709251], [4.8968496, 52.37091130000001], [4.8968744, 52.3709458], [4.8969535, 52.3709245], [4.8969149, 52.3708694], [4.8965774, 52.3709605], [4.8965635, 52.3709654], [4.8965785, 52.3709819], [4.8965925, 52.3709772], [4.8966252, 52.3710131], [4.8968237, 52.3709595]]]}}, {"id": "364", "type": "Feature", "properties": {"building_id": "267001340", "area_m2": 112.6852346817778}, "geometry": {"type": "Polygon", "coordinates": [[[4.8971919, 52.37124819999999], [4.8971526, 52.3711868], [4.8971155, 52.37113339999998], [4.8970793, 52.3711512], [4.8969886, 52.371175], [4.8969893, 52.3711761], [4.8970207, 52.3712225], [4.897034, 52.3712423], [4.8970623, 52.3712351], [4.8970774, 52.3712574], [4.897118, 52.3712472], [4.8971312, 52.3712666], [4.897148, 52.3712625], [4.8971937, 52.3712509], [4.8971919, 52.37124819999999]]]}}, {"id": "365", "type": "Feature", "properties": {"building_id": "267001348", "area_m2": 141.02442867869487}, "geometry": {"type": "Polygon", "coordinates": [[[4.8968613, 52.37101419999998], [4.8968359, 52.3709778], [4.896899, 52.3709608], [4.8969245, 52.3709972], [4.8969313, 52.3709953], [4.8969917, 52.370979], [4.8969535, 52.3709245], [4.8968744, 52.3709458], [4.8968237, 52.3709595], [4.8966252, 52.3710131], [4.8966112, 52.3710179], [4.8966298, 52.371038], [4.8966437, 52.3710332], [4.8966732, 52.371065], [4.8968202, 52.3710253], [4.8968613, 52.37101419999998]]]}}, {"id": "366", "type": "Feature", "properties": {"building_id": "267001358", "area_m2": 69.53136519718959}, "geometry": {"type": "Polygon", "coordinates": [[[4.8970207, 52.3712225], [4.8969893, 52.3711761], [4.8968158, 52.3712199], [4.8968564, 52.371264], [4.8970207, 52.3712225]]]}}, {"id": "367", "type": "Feature", "properties": {"building_id": "267001367", "area_m2": 33.48577915758975}, "geometry": {"type": "Polygon", "coordinates": [[[4.897035, 52.3710409], [4.8969917, 52.370979], [4.8969313, 52.3709953], [4.8969759, 52.3710573], [4.897035, 52.3710409]]]}}, {"id": "368", "type": "Feature", "properties": {"building_id": "267001388", "area_m2": 41.40544261823046}, "geometry": {"type": "Polygon", "coordinates": [[[4.8967002, 52.3710954], [4.896843, 52.3710569], [4.8968202, 52.3710253], [4.8966732, 52.371065], [4.8967002, 52.3710954]]]}}, {"id": "369", "type": "Feature", "properties": {"building_id": "267001411", "area_m2": 38.908960663951284}, "geometry": {"type": "Polygon", "coordinates": [[[4.8967353, 52.3711226], [4.8968652, 52.3710876], [4.896843, 52.3710569], [4.8967002, 52.3710954], [4.8967279, 52.3711246], [4.8967353, 52.3711226]]]}}, {"id": "370", "type": "Feature", "properties": {"building_id": "267001449", "area_m2": 31.39912224006004}, "geometry": {"type": "Polygon", "coordinates": [[[4.8969759, 52.3710573], [4.8969313, 52.3709953], [4.8969245, 52.3709972], [4.896906, 52.3710021], [4.8969129, 52.3710117], [4.8968766, 52.3710215], [4.8969145, 52.371074], [4.8969759, 52.3710573]]]}}, {"id": "371", "type": "Feature", "properties": {"building_id": "267001457", "area_m2": 27.86507693353955}, "geometry": {"type": "Polygon", "coordinates": [[[4.8968766, 52.3710215], [4.8968697, 52.3710119], [4.8968613, 52.37101419999998], [4.8968202, 52.3710253], [4.896843, 52.3710569], [4.8968652, 52.3710876], [4.8969145, 52.371074], [4.8968766, 52.3710215]]]}}, {"id": "372", "type": "Feature", "properties": {"building_id": "267001458", "area_m2": 58.417339607294636}, "geometry": {"type": "Polygon", "coordinates": [[[4.8970686, 52.3713979], [4.8970382, 52.3713529], [4.8971089, 52.3713351], [4.8970948, 52.3713142], [4.8970477, 52.3713262], [4.8969387, 52.3713538], [4.8970013, 52.3714166], [4.8970686, 52.3713979]]]}}, {"id": "373", "type": "Feature", "properties": {"building_id": "267001463", "area_m2": 64.03908326540792}, "geometry": {"type": "Polygon", "coordinates": [[[4.8970378, 52.3713116], [4.897085, 52.3712997], [4.8970727, 52.3712815], [4.8970906, 52.3712769], [4.8970806, 52.3712622], [4.8968975, 52.3713085], [4.8969387, 52.3713538], [4.8970477, 52.3713262], [4.8970378, 52.3713116]]]}}, {"id": "374", "type": "Feature", "properties": {"building_id": "267001471", "area_m2": 73.65503205603251}, "geometry": {"type": "Polygon", "coordinates": [[[4.8968975, 52.3713085], [4.8970806, 52.3712622], [4.8970774, 52.3712574], [4.8970623, 52.3712351], [4.897034, 52.3712423], [4.8970207, 52.3712225], [4.8968564, 52.371264], [4.8968552, 52.3712645], [4.8968963, 52.3713089], [4.8968975, 52.3713085]]]}}, {"id": "375", "type": "Feature", "properties": {"building_id": "356718872", "area_m2": 326.3421866078119}, "geometry": {"type": "Polygon", "coordinates": [[[4.8934981, 52.3719079], [4.8933189, 52.3719317], [4.8933191, 52.3719322], [4.8933174, 52.3719326], [4.8933154, 52.3719333], [4.8933139, 52.3719342], [4.8933134, 52.3719348], [4.8933132, 52.3719361], [4.8933123, 52.3719362], [4.8933364, 52.3720435], [4.8933383, 52.3720432], [4.89372, 52.37199179999999], [4.8936855, 52.371883], [4.8935291, 52.3719038], [4.8934981, 52.3719079]]]}}, {"id": "376", "type": "Feature", "properties": {"building_id": "356718890", "area_m2": 952.3086727263527}, "geometry": {"type": "Polygon", "coordinates": [[[4.8935237, 52.3713173], [4.8935218, 52.3713187], [4.8935185, 52.3713211], [4.8935208, 52.3713236], [4.8935229, 52.3713263], [4.8935247, 52.371329], [4.8935262, 52.3713317], [4.8935274, 52.3713346], [4.8935283, 52.3713374], [4.893529, 52.3713403], [4.8935293, 52.3713432], [4.8935293, 52.37134609999998], [4.8935291, 52.371349], [4.8935285, 52.3713519], [4.8935277, 52.371354799999985], [4.8935314, 52.3713566], [4.8935351, 52.3713584], [4.893574, 52.371499], [4.893211, 52.371539], [4.893172, 52.3713965], [4.8931776, 52.3713925], [4.8931751, 52.3713902], [4.8931729, 52.3713878], [4.893171, 52.3713853], [4.8931694, 52.371382699999984], [4.8931681, 52.3713801], [4.8931671, 52.3713774], [4.8931665, 52.3713747], [4.8931661, 52.371372], [4.8931661, 52.3713692], [4.8931664, 52.3713665], [4.8931671, 52.37136370000001], [4.893168, 52.37136109999999], [4.8931693, 52.3713584], [4.8931607, 52.3713554], [4.893121, 52.3712131], [4.8931387, 52.3712113], [4.893134, 52.3711973], [4.8932936, 52.3711816], [4.8932944, 52.3711727], [4.8934828, 52.3711725], [4.8935237, 52.3713173]]]}}, {"id": "377", "type": "Feature", "properties": {"building_id": "940729263", "area_m2": 40.7211093022626}, "geometry": {"type": "Polygon", "coordinates": [[[4.8937767, 52.3728721], [4.8937867, 52.3728648], [4.8937952, 52.37285679999999], [4.893802, 52.3728482], [4.8938069, 52.372839100000014], [4.8938099, 52.3728297], [4.893811, 52.3728202], [4.89381, 52.37281069999999], [4.8938071, 52.3728013], [4.8938023, 52.3727922], [4.8937956, 52.372783599999984], [4.8937872, 52.3727755], [4.8937772, 52.3727682], [4.8937658, 52.3727617], [4.8937531, 52.3727561], [4.8937393, 52.3727515], [4.8937248, 52.3727481], [4.8937096, 52.3727458], [4.893694, 52.3727447], [4.8936921, 52.3727672], [4.893703, 52.3727679], [4.8937136, 52.3727695], [4.8937239, 52.372772], [4.8937335, 52.3727752], [4.8937424, 52.3727791], [4.8937504, 52.3727836], [4.8937575, 52.3727888], [4.8937634, 52.37279439999999], [4.893768, 52.3728005], [4.8937714, 52.3728069], [4.8937735, 52.3728135], [4.8937741, 52.3728201], [4.8937734, 52.3728268], [4.8937713, 52.3728334], [4.8937678, 52.3728398], [4.8937631, 52.3728458], [4.8937571, 52.3728514], [4.8937501, 52.3728565], [4.8937767, 52.3728721]]]}}, {"id": "378", "type": "Feature", "properties": {"building_id": "976926009", "area_m2": 666.264077014739}, "geometry": {"type": "Polygon", "coordinates": [[[4.8927615, 52.3747093], [4.892796, 52.3746139], [4.892879, 52.3746095], [4.8928809, 52.3746229], [4.8929511, 52.3746192], [4.8929521, 52.3746264], [4.893018, 52.3746228], [4.8930199, 52.374636299999985], [4.8931735, 52.37462809999999], [4.8931716, 52.3746151], [4.8936556, 52.3745897], [4.8937585, 52.374676], [4.8933102, 52.374700099999984], [4.8930195, 52.3747297], [4.8927615, 52.3747093]]]}}, {"id": "379", "type": "Feature", "properties": {"building_id": "1043269136", "area_m2": 950.042624842383}, "geometry": {"type": "Polygon", "coordinates": [[[4.89322, 52.371559], [4.893292, 52.371821], [4.893315, 52.371902], [4.893317, 52.371902], [4.893667, 52.371859], [4.893672, 52.371858], [4.893578, 52.371522], [4.89322, 52.371559]]]}}, {"id": "380", "type": "Feature", "properties": {"building_id": "1043272666", "area_m2": 404.4279431500987}, "geometry": {"type": "Polygon", "coordinates": [[[4.8959695, 52.3709912], [4.8961254, 52.371170699999986], [4.8960859, 52.3711809], [4.8961019, 52.3712033], [4.8963501, 52.3711384], [4.8961426, 52.37091539999999], [4.8960799, 52.3709371], [4.8960895, 52.3709472], [4.8960143, 52.3709713], [4.8960184, 52.3709767], [4.8959695, 52.3709912]]]}}, {"id": "381", "type": "Feature", "properties": {"building_id": "1043272667", "area_m2": 1036.552945024756}, "geometry": {"type": "Polygon", "coordinates": [[[4.8949535, 52.3705136], [4.894979, 52.370579], [4.894971, 52.37058], [4.89497, 52.370581], [4.894969, 52.370582], [4.894971, 52.370585], [4.894971, 52.370586], [4.894972, 52.370586], [4.894973, 52.370586], [4.894974, 52.370586], [4.894976, 52.370586], [4.894985, 52.37061], [4.894983, 52.37061], [4.894983, 52.370611], [4.894982, 52.370611], [4.894981, 52.370611], [4.894981, 52.370612], [4.894983, 52.370615], [4.894983, 52.370616], [4.894984, 52.370616], [4.894985, 52.370616], [4.894986, 52.370616], [4.894988, 52.370616], [4.895007, 52.370659], [4.895004, 52.370659], [4.895003, 52.37066], [4.895003, 52.370661], [4.895004, 52.370664], [4.895005, 52.370664], [4.895005, 52.370665], [4.895006, 52.370665], [4.895007, 52.370665], [4.89501, 52.370665], [4.895029, 52.370709], [4.895027, 52.37071], [4.895026, 52.37071], [4.895025, 52.37071], [4.895025, 52.370711], [4.895026, 52.370714], [4.895026, 52.370715], [4.895027, 52.370715], [4.895028, 52.370715], [4.895029, 52.370715], [4.895031, 52.370715], [4.895052, 52.370759], [4.89505, 52.37076], [4.895049, 52.37076], [4.895048, 52.370761], [4.895049, 52.370761], [4.89505, 52.370764], [4.89505, 52.370765], [4.895051, 52.370765], [4.895052, 52.370765], [4.895053, 52.370765], [4.895055, 52.370765], [4.895081, 52.370808], [4.895079, 52.370809], [4.895078, 52.370809], [4.895077, 52.37081], [4.895077, 52.370811], [4.895079, 52.370814], [4.89508, 52.370814], [4.89508, 52.370815], [4.895081, 52.370815], [4.895082, 52.370815], [4.895085, 52.370814], [4.895114, 52.370857], [4.895111, 52.370857], [4.895111, 52.370858], [4.89511, 52.370858], [4.89511, 52.370859], [4.895112, 52.370862], [4.895113, 52.370863], [4.895114, 52.370863], [4.895115, 52.370863], [4.895118, 52.370862], [4.895152, 52.370904], [4.89515, 52.370905], [4.895149, 52.370905], [4.895148, 52.370905], [4.895148, 52.370906], [4.895149, 52.370907], [4.895151, 52.370909], [4.895151, 52.37091], [4.895152, 52.37091], [4.895153, 52.37091], [4.895154, 52.37091], [4.895156, 52.370909], [4.895191, 52.37095], [4.89518, 52.370954], [4.8952215, 52.3709969], [4.8952375, 52.370991], [4.8953098, 52.371067199999985], [4.8953868, 52.3711475], [4.8954175, 52.3711372], [4.8954586, 52.3711229], [4.8955073, 52.3711063], [4.89545, 52.3710461], [4.8954455, 52.3710477], [4.8954175, 52.3710177], [4.8952987, 52.3708789], [4.8952745, 52.3708472], [4.8953068, 52.3708355], [4.8953002, 52.3708274], [4.8953385, 52.3708153], [4.8953261, 52.3707993], [4.895351, 52.370792], [4.8953597, 52.3707723], [4.8953293, 52.3707158], [4.895308, 52.370712], [4.8952858, 52.3707168], [4.8952676, 52.3706864], [4.8952552, 52.37068630000001], [4.8952323, 52.3706514], [4.895296, 52.370641], [4.895288, 52.370622], [4.895229, 52.370631], [4.8951733, 52.3704609], [4.8951418, 52.37046609999998], [4.8951453, 52.3704763], [4.8951395, 52.370483], [4.895088, 52.37049119999999], [4.8950847, 52.37048329999999], [4.8950722, 52.3704851], [4.8950457, 52.370479], [4.8950346, 52.370485], [4.8950155, 52.3704866], [4.8950207, 52.3705024], [4.8949535, 52.3705136]]]}}, {"id": "382", "type": "Feature", "properties": {"building_id": "1069419933", "area_m2": 169.64797760491655}, "geometry": {"type": "Polygon", "coordinates": [[[4.8960317, 52.371194799999984], [4.8958632, 52.3710139], [4.8958785, 52.3710089], [4.8959616, 52.370982099999985], [4.8959695, 52.3709912], [4.8961254, 52.371170699999986], [4.8960859, 52.3711809], [4.8960317, 52.371194799999984]]]}}, {"id": "383", "type": "Feature", "properties": {"building_id": "1069419934", "area_m2": 253.28718425228288}, "geometry": {"type": "Polygon", "coordinates": [[[4.8961448, 52.3712667], [4.8961019, 52.3712033], [4.8960859, 52.3711809], [4.8960317, 52.371194799999984], [4.8958406, 52.371242], [4.8958373, 52.37123720000001], [4.8958014, 52.3712459], [4.8958176, 52.37126640000001], [4.8957458, 52.3712868], [4.8957824, 52.3713398], [4.8958027, 52.3713358], [4.8958096, 52.371345], [4.895926, 52.3713177], [4.8959286, 52.3713217], [4.8961448, 52.3712667]]]}}, {"id": "384", "type": "Feature", "properties": {"building_id": "1069419935", "area_m2": 728.2752537442952}, "geometry": {"type": "Polygon", "coordinates": [[[4.8957917, 52.3709154], [4.8958785, 52.3710089], [4.8959616, 52.370982099999985], [4.8959695, 52.3709912], [4.8960184, 52.3709767], [4.8960143, 52.3709713], [4.8960895, 52.3709472], [4.8960799, 52.3709371], [4.8961426, 52.37091539999999], [4.8958598, 52.370589899999985], [4.8956618, 52.3706598], [4.8956852, 52.37068630000001], [4.8957027, 52.3706809], [4.8957141, 52.370695199999986], [4.8957012, 52.3706994], [4.8957185, 52.37071929999998], [4.8957228, 52.370718], [4.8957305, 52.3707268], [4.8957046, 52.3707361], [4.8957123, 52.370744], [4.8957254, 52.3707396], [4.8957618, 52.370778299999984], [4.8957286, 52.3707896], [4.8957494, 52.37081329999999], [4.8957765, 52.370804], [4.8958363, 52.37087], [4.8958575, 52.3708933], [4.8957917, 52.3709154]]]}}, {"id": "385", "type": "Feature", "properties": {"building_id": "1069419936", "area_m2": 150.14066111879288}, "geometry": {"type": "Polygon", "coordinates": [[[4.8961448, 52.3712667], [4.8964062, 52.3712062], [4.8963501, 52.3711384], [4.8961019, 52.3712033], [4.8961448, 52.3712667]]]}}, {"id": "386", "type": "Feature", "properties": {"building_id": "1153501053", "area_m2": 262.6797290088534}, "geometry": {"type": "Polygon", "coordinates": [[[4.89429, 52.3717506], [4.8944375, 52.3717237], [4.894384, 52.3716036], [4.8944392, 52.3715944], [4.8944201, 52.3715517], [4.894382, 52.3715581], [4.8943644, 52.3715603], [4.8943173, 52.3715685], [4.894345, 52.3716301], [4.894255, 52.3716469], [4.8941317, 52.3716693], [4.8941727, 52.37177279999999], [4.8942668, 52.3717549], [4.89429, 52.3717506]]]}}, {"id": "387", "type": "Feature", "properties": {"building_id": "1153501054", "area_m2": 274.59416181934114}, "geometry": {"type": "Polygon", "coordinates": [[[4.8937644, 52.3718838], [4.8937946, 52.3719759], [4.8942106, 52.3718772], [4.8941757, 52.3718064], [4.8941318, 52.3718144], [4.8941327, 52.3718162], [4.893954, 52.3718498], [4.8939533, 52.3718484], [4.8937644, 52.3718838]]]}}, {"id": "388", "type": "Feature", "properties": {"building_id": "1226427439", "area_m2": 84.97831876405385}, "geometry": {"type": "Polygon", "coordinates": [[[4.8920904, 52.3724814], [4.8920934, 52.3725243], [4.8923453, 52.372511799999984], [4.892361, 52.3724682], [4.8920904, 52.3724814]]]}}]}