{"type": "FeatureCollection", "features": [{"id": "0", "type": "Feature", "properties": {"building_id": "1607758", "area_m2": 865.2867140536523}, "geometry": {"type": "Polygon", "coordinates": [[[-73.5741477, 45.5000597], [-73.574136, 45.5000663], [-73.574077, 45.50004], [-73.5740743, 45.5000212], [-73.5738284, 45.49991319999999], [-73.5740735, 45.4996584], [-73.57411050000002, 45.4996743], [-73.574128, 45.4996771], [-73.57415, 45.4996855], [-73.57415750000001, 45.4996884], [-73.574167, 45.4997035], [-73.574286, 45.4997591], [-73.5743238, 45.4997768], [-73.5743479, 45.4997749], [-73.5743736, 45.4997872], [-73.5743776, 45.49980319999999], [-73.5744251, 45.4998207], [-73.5742534, 45.4999892], [-73.5742421, 45.5000006], [-73.57421820000002, 45.4999903], [-73.5741993, 45.5000099], [-73.574222, 45.5000221], [-73.5741737, 45.5000739], [-73.5741477, 45.5000597]], [[-73.5742647, 45.499867], [-73.5742566, 45.499851], [-73.5742338, 45.4998426], [-73.5742164, 45.4998454], [-73.5741091, 45.4997965], [-73.5741078, 45.4997833], [-73.5740863, 45.4997721], [-73.5740622, 45.49977769999999], [-73.573983, 45.4998651], [-73.5739884, 45.499883], [-73.5740166, 45.4998952], [-73.5740353, 45.4998924], [-73.5741265, 45.4999337], [-73.5741225, 45.4999478], [-73.57415070000002, 45.4999619], [-73.5741775, 45.4999582], [-73.5742647, 45.499867]]]}}, {"id": "1", "type": "Feature", "properties": {"building_id": "2998015", "area_m2": 8848.65738639215}, "geometry": {"type": "Polygon", "coordinates": [[[-73.5694378, 45.49695469999999], [-73.5693186, 45.4970504], [-73.5692442, 45.4971045], [-73.569207, 45.4971585], [-73.5688841, 45.4974354], [-73.568808, 45.49746970000001], [-73.5686682, 45.4976134], [-73.5686504, 45.4976317], [-73.56828680000001, 45.4974582], [-73.5675444, 45.4971067], [-73.5672988, 45.4969877], [-73.5671143, 45.4969002], [-73.567108, 45.4968212], [-73.5675118, 45.49651209999998], [-73.5677133, 45.4966354], [-73.5678056, 45.496680199999986], [-73.5678258, 45.4966781], [-73.5679888, 45.49674839999999], [-73.5688242, 45.4971624], [-73.5691727, 45.4967961], [-73.5694378, 45.49695469999999]]]}}, {"id": "2", "type": "Feature", "properties": {"building_id": "19898073", "area_m2": 3681.282186219377}, "geometry": {"type": "Polygon", "coordinates": [[[-73.5724761, 45.5018722], [-73.5721209, 45.5022393], [-73.571868, 45.5021166], [-73.5713306, 45.5018518], [-73.5715059, 45.5016714], [-73.5716774, 45.5014961], [-73.5722655, 45.5017674], [-73.5724761, 45.5018722]]]}}, {"id": "3", "type": "Feature", "properties": {"building_id": "19898459", "area_m2": 6921.520682527095}, "geometry": {"type": "Polygon", "coordinates": [[[-73.5734495, 45.5004129], [-73.5736464, 45.500505], [-73.5737259, 45.5005421], [-73.5739702, 45.50065819999998], [-73.5742168, 45.5007804], [-73.5742929, 45.5008192], [-73.5744674, 45.5009083], [-73.5742291, 45.5011509], [-73.5739494, 45.5014331], [-73.5737753, 45.5013496], [-73.5737431, 45.5013341], [-73.5736947, 45.5013109], [-73.5732582, 45.50110149999998], [-73.5732096, 45.5010782], [-73.5731229, 45.5010366], [-73.5729331, 45.500945499999986], [-73.5731953, 45.50067469999998], [-73.5734495, 45.5004129]]]}}, {"id": "4", "type": "Feature", "properties": {"building_id": "19898460", "area_m2": 7992.3830254595105}, "geometry": {"type": "Polygon", "coordinates": [[[-73.5711005, 45.5002892], [-73.5708364, 45.50053849999998], [-73.5708048, 45.5005717], [-73.5706597, 45.5007241], [-73.5706294, 45.500756], [-73.5705713, 45.5007283], [-73.570178, 45.5005406], [-73.5701179, 45.5005116], [-73.569297, 45.5001153], [-73.5697401, 45.4996362], [-73.5697709, 45.4996512], [-73.5701877, 45.4998538], [-73.5701776, 45.4998637], [-73.5704125, 45.4999772], [-73.5706443, 45.5000893], [-73.5706557, 45.5000799], [-73.5711005, 45.5002892]]]}}, {"id": "5", "type": "Feature", "properties": {"building_id": "19906642", "area_m2": 4216.647422748828}, "geometry": {"type": "Polygon", "coordinates": [[[-73.5721447, 45.4997892], [-73.5721946, 45.4998135], [-73.57265, 45.500035], [-73.5726939, 45.5000563], [-73.572697, 45.5000578], [-73.5726708, 45.5000845], [-73.5725808, 45.5001758], [-73.5725569, 45.5002001], [-73.5724977, 45.5002602], [-73.5724735, 45.5002847], [-73.5723832, 45.5003764], [-73.572359, 45.5004011], [-73.5723039, 45.500457], [-73.5722772, 45.5004841], [-73.5721875, 45.5005752], [-73.5721637, 45.5005993], [-73.5721177, 45.500577], [-73.5716553, 45.5003522], [-73.5716108, 45.5003306], [-73.5716365, 45.5003054], [-73.57157760000001, 45.5002766], [-73.572056, 45.4997873], [-73.5721157, 45.4998189], [-73.5721447, 45.4997892]]]}}, {"id": "6", "type": "Feature", "properties": {"building_id": "19906643", "area_m2": 5018.213653801797}, "geometry": {"type": "Polygon", "coordinates": [[[-73.5722562, 45.5008242], [-73.5727199, 45.5010495], [-73.5727133, 45.5010568], [-73.5729307, 45.5011636], [-73.57293830000002, 45.5011561], [-73.5730382, 45.5012049], [-73.5729633, 45.5012803], [-73.5729509, 45.5012757], [-73.5725989, 45.5016315], [-73.5726088, 45.5016375], [-73.5725337, 45.5017122], [-73.5723975, 45.5016455], [-73.5717559, 45.5013335], [-73.5721158, 45.50097190000001], [-73.5722562, 45.5008242]]]}}, {"id": "7", "type": "Feature", "properties": {"building_id": "19910886", "area_m2": 3618.7603292491303}, "geometry": {"type": "Polygon", "coordinates": [[[-73.5715919, 45.4984541], [-73.571484, 45.49856279999999], [-73.571427, 45.49862060000001], [-73.5711884, 45.4988622], [-73.5710554, 45.4989919], [-73.5705487, 45.49874950000001], [-73.5706406, 45.4986449], [-73.5706792, 45.498597899999986], [-73.57097080000001, 45.4982943], [-73.5710195, 45.4982433], [-73.571065, 45.4981984], [-73.5715919, 45.4984541]]]}}, {"id": "8", "type": "Feature", "properties": {"building_id": "19911116", "area_m2": 5404.025471917524}, "geometry": {"type": "Polygon", "coordinates": [[[-73.5700736, 45.4967866], [-73.5702658, 45.496877], [-73.5702876, 45.4968547], [-73.5713586, 45.4973434], [-73.5712205, 45.497495], [-73.5711627, 45.4974734], [-73.5711544, 45.497481], [-73.5712263, 45.497513], [-73.5711652, 45.4975819], [-73.5711583, 45.4975791], [-73.5710862, 45.4975497], [-73.571044, 45.497592799999985], [-73.5708199, 45.4974906], [-73.5708581, 45.4974475], [-73.5707769, 45.4973929], [-73.5707657, 45.4974055], [-73.5706605, 45.4973558], [-73.5706247, 45.4973961], [-73.570685, 45.49742589999999], [-73.5706516, 45.4974251], [-73.5705942, 45.4974199], [-73.5705329, 45.4974135], [-73.57047090000002, 45.49740459999999], [-73.5703649, 45.4973825], [-73.5702705, 45.4973532], [-73.5701695, 45.497319], [-73.5700882, 45.4972819], [-73.57003450000002, 45.4972499], [-73.5699967, 45.4972908], [-73.5699725, 45.4973168], [-73.5699258, 45.497368], [-73.5698601, 45.4973388], [-73.5698303, 45.4973712], [-73.5697604, 45.4973389], [-73.5696995, 45.4973108], [-73.5697294, 45.4972786], [-73.5696655, 45.4972475], [-73.56981790000002, 45.4970851], [-73.5697756, 45.497039600000015], [-73.56973710000001, 45.4969891], [-73.5697388, 45.4969865], [-73.5697803, 45.4970039], [-73.5697887, 45.4969957], [-73.5697736, 45.4969729], [-73.5697819, 45.4969634], [-73.5698305, 45.4969852], [-73.569842, 45.4969738], [-73.5698295, 45.4969672], [-73.5699346, 45.4968794], [-73.56997, 45.4968955], [-73.5700197, 45.4968445], [-73.5700489, 45.4968134], [-73.5700736, 45.4967866]]]}}, {"id": "9", "type": "Feature", "properties": {"building_id": "19911399", "area_m2": 3604.8277416346004}, "geometry": {"type": "Polygon", "coordinates": [[[-73.5735365, 45.5018777], [-73.5733294, 45.5020937], [-73.5731495, 45.5020059], [-73.573182, 45.50197249999999], [-73.573176, 45.5019698], [-73.5731249, 45.501947], [-73.5730936, 45.5019791], [-73.5726922, 45.5017783], [-73.5727249, 45.501745600000014], [-73.5726747, 45.5017205], [-73.572867, 45.5015294], [-73.5730528, 45.501352], [-73.5731329, 45.5012707], [-73.5731691, 45.5012883], [-73.5732267, 45.501316399999986], [-73.5736259, 45.5015108], [-73.5735438, 45.5015951], [-73.5733525, 45.5017915], [-73.5735365, 45.5018777]]]}}, {"id": "10", "type": "Feature", "properties": {"building_id": "21335240", "area_m2": 5598.176661011697}, "geometry": {"type": "Polygon", "coordinates": [[[-73.569048, 45.4994835], [-73.5690725, 45.4994949], [-73.5690578, 45.4995105], [-73.5690227, 45.4995476], [-73.5689853, 45.4995872], [-73.568964, 45.4996097], [-73.5689395, 45.4995983], [-73.5689259, 45.4996123], [-73.5688143, 45.4997316], [-73.5687809, 45.4997363], [-73.5687141, 45.4997076], [-73.5687122, 45.4996814], [-73.568699, 45.4996761], [-73.5686678, 45.4997098], [-73.5685164, 45.4996406], [-73.5685415, 45.4996136], [-73.5685912, 45.49956009999999], [-73.5685518, 45.4995429], [-73.56852590000001, 45.4995709], [-73.5683781, 45.4995031], [-73.568372, 45.49950949999999], [-73.568359, 45.4995043], [-73.56835190000001, 45.4995117], [-73.5683122, 45.4994943], [-73.5682704, 45.4994752], [-73.5682614, 45.49947130000001], [-73.568237, 45.499496], [-73.5682092, 45.4994834], [-73.5681764, 45.499469], [-73.5681649, 45.4994639], [-73.5680932, 45.4994906], [-73.5680002, 45.4994515], [-73.5680061, 45.499371], [-73.5680315, 45.499344], [-73.5680199, 45.4993389], [-73.5679968, 45.4993273], [-73.5679915, 45.4993325], [-73.5679797, 45.499327], [-73.5679724, 45.4993346], [-73.567869, 45.4992864], [-73.5678766, 45.4992783], [-73.5678648, 45.4992728], [-73.5678724, 45.4992653], [-73.5678606, 45.49926], [-73.5679111, 45.4992065], [-73.5678466, 45.4991767], [-73.56763540000001, 45.49907610000001], [-73.5678594, 45.4988404], [-73.5679589, 45.4988896], [-73.5680181, 45.4989168], [-73.5680673, 45.4989407], [-73.5681312, 45.4989717], [-73.5681804, 45.4989192], [-73.5681915, 45.4989243], [-73.568199, 45.4989164], [-73.5682111, 45.4989217], [-73.5682179, 45.498914], [-73.5683238, 45.4989623], [-73.5683702, 45.4989833], [-73.5683803, 45.4989722], [-73.5684798, 45.498932], [-73.5685837, 45.4989798], [-73.56857, 45.4990371], [-73.5685888, 45.499045], [-73.5686397, 45.4990694], [-73.5686151, 45.4990961], [-73.5687019, 45.4991382], [-73.5686947, 45.4991462], [-73.5687059, 45.4991522], [-73.5687011, 45.4991575], [-73.56884780000001, 45.4992271], [-73.5688208, 45.4992543], [-73.5690209, 45.4993464], [-73.5690607, 45.4993022], [-73.5690991, 45.4992932], [-73.5691649, 45.4993236], [-73.5691716, 45.4993541], [-73.5690685, 45.4994628], [-73.569048, 45.4994835]]]}}, {"id": "11", "type": "Feature", "properties": {"building_id": "21336481", "area_m2": 1719.0625764491408}, "geometry": {"type": "Polygon", "coordinates": [[[-73.5690342, 45.4976281], [-73.5690666, 45.4975956], [-73.5691103, 45.4975519], [-73.5691689, 45.4975807], [-73.5692077, 45.497542], [-73.5693665, 45.49762], [-73.5693869, 45.4975997], [-73.5694351, 45.4976234], [-73.5694422, 45.4976163], [-73.5694763, 45.4976081], [-73.5695013, 45.4975819], [-73.5694602, 45.4975627], [-73.5694848, 45.4975369], [-73.5694689, 45.4975294], [-73.5694887, 45.4975087], [-73.5695279, 45.4974675], [-73.5695617, 45.4974833], [-73.5698553, 45.4976206], [-73.569868, 45.49762659999998], [-73.5697245, 45.4977773], [-73.5696713, 45.4977525], [-73.5696236, 45.4978025], [-73.5696266, 45.4978379], [-73.5695967, 45.4978684], [-73.5695456, 45.4978768], [-73.5695019, 45.4978566], [-73.5694468, 45.4979152], [-73.5693319, 45.497862], [-73.5693216, 45.497873], [-73.5692784, 45.49788419999999], [-73.5692388, 45.49786550000001], [-73.569235, 45.4978296], [-73.5692454, 45.4978192], [-73.5692055, 45.4977996], [-73.5692298, 45.4977753], [-73.569131, 45.4977268], [-73.5690893, 45.4977686], [-73.5690147, 45.497732], [-73.5690908, 45.4976559], [-73.5690342, 45.4976281]]]}}, {"id": "12", "type": "Feature", "properties": {"building_id": "21337360", "area_m2": 737.5221718478593}, "geometry": {"type": "Polygon", "coordinates": [[[-73.5735779, 45.4984498], [-73.5734368, 45.4985967], [-73.5730365, 45.4984054], [-73.573065, 45.4983728], [-73.5731354, 45.498304], [-73.5731812, 45.49826379999999], [-73.5735779, 45.4984498]]]}}, {"id": "13", "type": "Feature", "properties": {"building_id": "21337973", "area_m2": 3168.9341713330487}, "geometry": {"type": "Polygon", "coordinates": [[[-73.5780325, 45.4994184], [-73.5784958, 45.4996378], [-73.5783709, 45.4997738], [-73.578265, 45.4998818], [-73.5779852, 45.5001714], [-73.5778839, 45.5002769], [-73.5774092, 45.5000479], [-73.5775629, 45.4998928], [-73.577603, 45.4998535], [-73.5778301, 45.4999655], [-73.5780427, 45.499751], [-73.5780222, 45.4997419], [-73.5778113, 45.49964], [-73.5780325, 45.4994184]]]}}, {"id": "14", "type": "Feature", "properties": {"building_id": "22080572", "area_m2": 5992.802115177794}, "geometry": {"type": "Polygon", "coordinates": [[[-73.5785573, 45.4966595], [-73.578525, 45.4966932], [-73.57857310000001, 45.496716], [-73.5783716, 45.4969277], [-73.5783211, 45.4969052], [-73.5782783, 45.4969634], [-73.578317, 45.4969852], [-73.578045, 45.4972616], [-73.5780094, 45.497244299999984], [-73.577856, 45.49717], [-73.5777573, 45.4971222], [-73.5775784, 45.4970355], [-73.577393, 45.4969457], [-73.5773036, 45.4969031], [-73.5772806, 45.4968912], [-73.5775555, 45.4966092], [-73.5775774, 45.4966195], [-73.5776045, 45.496632], [-73.5776483, 45.4966522], [-73.5776683, 45.4966303], [-73.5776912, 45.4966005], [-73.5776438, 45.4965785], [-73.5776244, 45.4965695], [-73.5774533, 45.4964854], [-73.5774775, 45.4964601], [-73.5776884, 45.4962438], [-73.57774, 45.49626819999999], [-73.5782102, 45.4964933], [-73.5782459, 45.4965104], [-73.5785573, 45.4966595]]]}}, {"id": "15", "type": "Feature", "properties": {"building_id": "35927928", "area_m2": 654.6955449060601}, "geometry": {"type": "Polygon", "coordinates": [[[-73.5735365, 45.5018777], [-73.5733525, 45.5017915], [-73.5735438, 45.5015951], [-73.5736259, 45.5015108], [-73.5737937, 45.50159020000001], [-73.5737644, 45.50163580000001], [-73.5737765, 45.5016414], [-73.5735608, 45.5018514], [-73.5735365, 45.5018777]]]}}, {"id": "16", "type": "Feature", "properties": {"building_id": "38949594", "area_m2": 1493.6806672027117}, "geometry": {"type": "Polygon", "coordinates": [[[-73.5716298, 45.49826], [-73.5715576, 45.4982247], [-73.5714968, 45.4981949], [-73.5715354, 45.4981523], [-73.5712489, 45.4980133], [-73.5714956, 45.4977559], [-73.5716362, 45.4978233], [-73.571587, 45.4978742], [-73.5719454, 45.4980364], [-73.5717117, 45.4982782], [-73.57164270000001, 45.4982464], [-73.5716298, 45.49826]]]}}, {"id": "17", "type": "Feature", "properties": {"building_id": "38949641", "area_m2": 2647.1595924966723}, "geometry": {"type": "Polygon", "coordinates": [[[-73.5726492, 45.4979556], [-73.5721038, 45.4985321], [-73.5720223, 45.4984898], [-73.5719725, 45.498465], [-73.5717326, 45.4983527], [-73.5722902, 45.4977844], [-73.5723612, 45.4978186], [-73.5726492, 45.4979556]]]}}, {"id": "18", "type": "Feature", "properties": {"building_id": "81100456", "area_m2": 3304.4893863424713}, "geometry": {"type": "Polygon", "coordinates": [[[-73.5731905, 45.50222560000001], [-73.5729044, 45.502084], [-73.5724761, 45.5018722], [-73.5721209, 45.5022393], [-73.5724775, 45.5024063], [-73.572842, 45.5025806], [-73.573036, 45.5023825], [-73.5730577, 45.5023599], [-73.5731905, 45.50222560000001]]]}}, {"id": "19", "type": "Feature", "properties": {"building_id": "91970581", "area_m2": 1626.0955894114932}, "geometry": {"type": "Polygon", "coordinates": [[[-73.5749278, 45.5004355], [-73.5750557, 45.50030730000001], [-73.5751835, 45.5001791], [-73.5748687, 45.5000248], [-73.5748442, 45.5000128], [-73.5747176, 45.4999508], [-73.5746929, 45.4999387], [-73.5744372, 45.5001952], [-73.5749278, 45.5004355]]]}}, {"id": "20", "type": "Feature", "properties": {"building_id": "91970582", "area_m2": 583.2061552265042}, "geometry": {"type": "Polygon", "coordinates": [[[-73.5744857, 45.5001336], [-73.5746674, 45.4999539], [-73.5746337, 45.4999371], [-73.5746468, 45.4999242], [-73.5745593, 45.4998808], [-73.5744595, 45.4998361], [-73.5744251, 45.4998207], [-73.5742534, 45.4999892], [-73.5744086, 45.5000663], [-73.5743891, 45.500085599999984], [-73.5744857, 45.5001336]]]}}, {"id": "21", "type": "Feature", "properties": {"building_id": "103521739", "area_m2": 706.5200234794311}, "geometry": {"type": "Polygon", "coordinates": [[[-73.5776811, 45.4976457], [-73.5777273, 45.497598], [-73.5776993, 45.4975846], [-73.5778024, 45.4974781], [-73.5778248, 45.4974887], [-73.5778943, 45.4974168], [-73.5777763, 45.4973608], [-73.5776198, 45.49752260000001], [-73.577552, 45.4974903], [-73.5777124, 45.4973246], [-73.5775844, 45.4972637], [-73.5775095, 45.4973412], [-73.5775343, 45.4973529], [-73.577437, 45.4974535], [-73.5774151, 45.4974431], [-73.5773646, 45.49749519999999], [-73.5776811, 45.4976457]]]}}, {"id": "22", "type": "Feature", "properties": {"building_id": "103521740", "area_m2": 438.51106507806395}, "geometry": {"type": "Polygon", "coordinates": [[[-73.5762216, 45.496854], [-73.5761391, 45.496941], [-73.5764949, 45.4971126], [-73.5766054, 45.4969997], [-73.57647140000002, 45.496932], [-73.5764403, 45.4969623], [-73.5762216, 45.496854]]]}}, {"id": "23", "type": "Feature", "properties": {"building_id": "103521747", "area_m2": 281.8688081568011}, "geometry": {"type": "Polygon", "coordinates": [[[-73.5756845, 45.4969926], [-73.5756337, 45.4970449], [-73.5756273, 45.4970488], [-73.5756199, 45.4970512], [-73.5756113, 45.4970509], [-73.5756017, 45.4970478], [-73.5753492, 45.496925], [-73.5752685, 45.4968871], [-73.5753294, 45.496826], [-73.5756845, 45.4969926]]]}}, {"id": "24", "type": "Feature", "properties": {"building_id": "103521761", "area_m2": 3191.0828361992635}, "geometry": {"type": "Polygon", "coordinates": [[[-73.5752112, 45.4978794], [-73.5753696, 45.4977177], [-73.5754973, 45.49758889999998], [-73.5758537, 45.49775779999999], [-73.57634320000001, 45.4979993], [-73.5762621, 45.4980846], [-73.5761614, 45.4981905], [-73.5760774, 45.4982787], [-73.5760616, 45.4982946], [-73.5752112, 45.4978794]]]}}, {"id": "25", "type": "Feature", "properties": {"building_id": "104039324", "area_m2": 229.07610649038807}, "geometry": {"type": "Polygon", "coordinates": [[[-73.5779838, 45.49780039999999], [-73.5781888, 45.4975884], [-73.578156, 45.4975729], [-73.5781507, 45.4975588], [-73.5781295, 45.4975482], [-73.5781035, 45.4975505], [-73.5778997, 45.4977597], [-73.5779838, 45.49780039999999]]]}}, {"id": "26", "type": "Feature", "properties": {"building_id": "104039328", "area_m2": 422.56869809035084}, "geometry": {"type": "Polygon", "coordinates": [[[-73.5774432, 45.4978854], [-73.577639, 45.4976862], [-73.5774754, 45.4976016], [-73.5773737, 45.4977104], [-73.5772822, 45.4978084], [-73.5774432, 45.4978854]]]}}, {"id": "27", "type": "Feature", "properties": {"building_id": "104039335", "area_m2": 237.7494868343856}, "geometry": {"type": "Polygon", "coordinates": [[[-73.5777772, 45.4980528], [-73.577696, 45.4980144], [-73.5777811, 45.4979306], [-73.5777666, 45.4979239], [-73.5778727, 45.4977976], [-73.5779768, 45.497849], [-73.5777772, 45.4980528]]]}}, {"id": "28", "type": "Feature", "properties": {"building_id": "104071947", "area_m2": 532.6675062519972}, "geometry": {"type": "Polygon", "coordinates": [[[-73.5762509, 45.4973678], [-73.5758866, 45.4971905], [-73.5759986, 45.4970755], [-73.5763572, 45.4972494], [-73.5762509, 45.4973678]]]}}, {"id": "29", "type": "Feature", "properties": {"building_id": "104071948", "area_m2": 983.3618895140942}, "geometry": {"type": "Polygon", "coordinates": [[[-73.5742194, 45.4995498], [-73.5741266, 45.499504], [-73.5737504, 45.499320199999985], [-73.5737488, 45.4993107], [-73.5738262, 45.4992326], [-73.5739148, 45.4991424], [-73.5741467, 45.4992559], [-73.574085, 45.4993255], [-73.5741789, 45.499365], [-73.5742379, 45.4993048], [-73.5743876, 45.4993746], [-73.5742194, 45.4995498]]]}}, {"id": "30", "type": "Feature", "properties": {"building_id": "104071949", "area_m2": 586.2397163618905}, "geometry": {"type": "Polygon", "coordinates": [[[-73.5756319, 45.4974561], [-73.57575890000001, 45.4973238], [-73.5761168, 45.4974959], [-73.5759839, 45.4976273], [-73.5758577, 45.4975682], [-73.5758848, 45.4975411], [-73.5758338, 45.4975158], [-73.5758065, 45.4975436], [-73.5756319, 45.4974561]]]}}, {"id": "31", "type": "Feature", "properties": {"building_id": "104071950", "area_m2": 261.30011764499324}, "geometry": {"type": "Polygon", "coordinates": [[[-73.5760624, 45.4970219], [-73.5760537, 45.4970191], [-73.5759986, 45.4970755], [-73.5763572, 45.4972494], [-73.5764122, 45.4971927], [-73.5760624, 45.4970219]]]}}, {"id": "32", "type": "Feature", "properties": {"building_id": "104071952", "area_m2": 365.06649864617816}, "geometry": {"type": "Polygon", "coordinates": [[[-73.5761391, 45.496941], [-73.5760624, 45.4970219], [-73.5764122, 45.4971927], [-73.5764949, 45.4971126], [-73.5761391, 45.496941]]]}}, {"id": "33", "type": "Feature", "properties": {"building_id": "104071953", "area_m2": 453.5431100868543}, "geometry": {"type": "Polygon", "coordinates": [[[-73.5754973, 45.49758889999998], [-73.575599, 45.4974914], [-73.5757908, 45.4975808], [-73.5759556, 45.4976595], [-73.5758537, 45.49775779999999], [-73.5754973, 45.49758889999998]]]}}, {"id": "34", "type": "Feature", "properties": {"building_id": "104071954", "area_m2": 904.4642489227568}, "geometry": {"type": "Polygon", "coordinates": [[[-73.5753581, 45.4973724], [-73.5754833, 45.4972348], [-73.5755259, 45.4971823], [-73.5755217, 45.4971607], [-73.575186, 45.4969995], [-73.5749929, 45.4971972], [-73.5750824, 45.4972394], [-73.5753581, 45.4973724]]]}}, {"id": "35", "type": "Feature", "properties": {"building_id": "104071956", "area_m2": 79.09230350408404}, "geometry": {"type": "Polygon", "coordinates": [[[-73.575599, 45.4974914], [-73.5756319, 45.4974561], [-73.5758065, 45.4975436], [-73.5758209, 45.4975501], [-73.5757908, 45.4975808], [-73.575599, 45.4974914]]]}}, {"id": "36", "type": "Feature", "properties": {"building_id": "104104902", "area_m2": 156.07581296608132}, "geometry": {"type": "Polygon", "coordinates": [[[-73.5768082, 45.4972289], [-73.5768519, 45.4972491], [-73.5769359, 45.4971597], [-73.5769607, 45.4971711], [-73.5770794, 45.4970477], [-73.5770086, 45.4970155], [-73.5768082, 45.4972289]]]}}, {"id": "37", "type": "Feature", "properties": {"building_id": "104104904", "area_m2": 198.5933376815352}, "geometry": {"type": "Polygon", "coordinates": [[[-73.576958, 45.4972974], [-73.5770431, 45.4973389], [-73.5770999, 45.4972817], [-73.5770743, 45.4972692], [-73.5770992, 45.4972441], [-73.577087, 45.4972382], [-73.5771213, 45.4972036], [-73.5771554, 45.4972203], [-73.5771692, 45.4972063], [-73.5772459, 45.4971291], [-73.57716460000002, 45.4970894], [-73.5770754, 45.4971792], [-73.577044, 45.4972108], [-73.5770162, 45.4972388], [-73.5769889, 45.4972662], [-73.576958, 45.4972974]]]}}, {"id": "38", "type": "Feature", "properties": {"building_id": "104104906", "area_m2": 1308.567130475621}, "geometry": {"type": "Polygon", "coordinates": [[[-73.57710390000001, 45.498304], [-73.5772803, 45.4980944], [-73.5772905, 45.4980602], [-73.5768544, 45.4978506], [-73.5766304, 45.49807340000001], [-73.5768517, 45.4981749], [-73.5768705, 45.4981599], [-73.5769274, 45.4981909], [-73.5769111, 45.498209299999985], [-73.57710390000001, 45.498304]]]}}, {"id": "39", "type": "Feature", "properties": {"building_id": "104104910", "area_m2": 314.3970524833185}, "geometry": {"type": "Polygon", "coordinates": [[[-73.5770431, 45.4973389], [-73.5771494, 45.4973975], [-73.5771588, 45.4973891], [-73.5771764, 45.4973982], [-73.5772292, 45.4973422], [-73.5772016, 45.4973294], [-73.577226, 45.49730349999999], [-73.577251, 45.4973151], [-73.5772748, 45.4972898], [-73.5772496, 45.4972782], [-73.5772733, 45.4972531], [-73.5773047, 45.4972676], [-73.5773731, 45.497195], [-73.577368, 45.4971795], [-73.5773372, 45.4971663], [-73.5773171, 45.497170099999984], [-73.5772929, 45.4971597], [-73.5772916, 45.49714559999999], [-73.5772674, 45.49713529999998], [-73.5772459, 45.4971291], [-73.5771692, 45.4972063], [-73.5772017, 45.4972189], [-73.5771749, 45.4972462], [-73.5771454, 45.4972312], [-73.5771239, 45.4972518], [-73.5771534, 45.4972669], [-73.5771239, 45.4972923], [-73.5770999, 45.4972817], [-73.5770431, 45.4973389]]]}}, {"id": "40", "type": "Feature", "properties": {"building_id": "104104911", "area_m2": 131.77193159711308}, "geometry": {"type": "Polygon", "coordinates": [[[-73.5772822, 45.4978084], [-73.5772019, 45.4977718], [-73.5773452, 45.4976222], [-73.57739890000002, 45.4976438], [-73.5773492, 45.49770019999998], [-73.5773737, 45.4977104], [-73.5772822, 45.4978084]]]}}, {"id": "41", "type": "Feature", "properties": {"building_id": "104104913", "area_m2": 581.6915049350815}, "geometry": {"type": "Polygon", "coordinates": [[[-73.5771764, 45.4973982], [-73.5771668, 45.4974083], [-73.5773646, 45.49749519999999], [-73.5774151, 45.4974431], [-73.5775095, 45.4973412], [-73.5775844, 45.4972637], [-73.5774545, 45.4972098], [-73.5774612, 45.49720269999999], [-73.5773948, 45.4971719], [-73.5773731, 45.497195], [-73.5773047, 45.4972676], [-73.5772733, 45.4972531], [-73.5772496, 45.4972782], [-73.5772748, 45.4972898], [-73.577251, 45.4973151], [-73.577226, 45.49730349999999], [-73.5772016, 45.4973294], [-73.5772292, 45.4973422], [-73.5771764, 45.4973982]]]}}, {"id": "42", "type": "Feature", "properties": {"building_id": "104104916", "area_m2": 130.80160699404067}, "geometry": {"type": "Polygon", "coordinates": [[[-73.5772019, 45.4977718], [-73.5771226, 45.4977322], [-73.5772098, 45.4976372], [-73.577246, 45.4976523], [-73.577295, 45.4976009], [-73.5773452, 45.4976222], [-73.5772019, 45.4977718]]]}}, {"id": "43", "type": "Feature", "properties": {"building_id": "104104919", "area_m2": 218.63459893966893}, "geometry": {"type": "Polygon", "coordinates": [[[-73.5779838, 45.49780039999999], [-73.5780643, 45.4978389], [-73.5781685, 45.4977329], [-73.5782696, 45.4976289], [-73.5781888, 45.4975884], [-73.5779838, 45.49780039999999]]]}}, {"id": "44", "type": "Feature", "properties": {"building_id": "104104920", "area_m2": 200.43440492980562}, "geometry": {"type": "Polygon", "coordinates": [[[-73.5769607, 45.4971711], [-73.5768774, 45.4972578], [-73.576958, 45.4972974], [-73.5769889, 45.4972662], [-73.5769589, 45.497252], [-73.5769855, 45.4972243], [-73.5770162, 45.4972388], [-73.577044, 45.4972108], [-73.5770157, 45.4971974], [-73.5770464, 45.4971655], [-73.5770754, 45.4971792], [-73.57716460000002, 45.4970894], [-73.5770794, 45.4970477], [-73.5769607, 45.4971711]]]}}, {"id": "45", "type": "Feature", "properties": {"building_id": "104219352", "area_m2": 1649.4842848999076}, "geometry": {"type": "Polygon", "coordinates": [[[-73.5731239, 45.496822299999984], [-73.5731907, 45.4968551], [-73.5734013, 45.4969596], [-73.5734806, 45.4969976], [-73.5736606, 45.4970861], [-73.5738151, 45.4969312], [-73.5739036, 45.4968425], [-73.573809, 45.4967973], [-73.573438, 45.49662], [-73.5734088, 45.4966496], [-73.5733314, 45.4966117], [-73.5732727, 45.49667130000002], [-73.5731239, 45.496822299999984]]]}}, {"id": "46", "type": "Feature", "properties": {"building_id": "104219353", "area_m2": 921.5775589725207}, "geometry": {"type": "Polygon", "coordinates": [[[-73.5721647, 45.4975208], [-73.5724375, 45.4972311], [-73.5726917, 45.4973568], [-73.572414, 45.4976412], [-73.5723727, 45.4976213], [-73.5722208, 45.4975479], [-73.5721647, 45.4975208]]]}}, {"id": "47", "type": "Feature", "properties": {"building_id": "104219354", "area_m2": 177.02590043520632}, "geometry": {"type": "Polygon", "coordinates": [[[-73.5752602, 45.497473], [-73.5753098, 45.4974238], [-73.5750358, 45.4972857], [-73.5749875, 45.49733650000001], [-73.5752602, 45.497473]]]}}, {"id": "48", "type": "Feature", "properties": {"building_id": "104219355", "area_m2": 1592.5787408383724}, "geometry": {"type": "Polygon", "coordinates": [[[-73.5752967, 45.4984242], [-73.575373, 45.498348], [-73.5755156, 45.498205], [-73.5759973, 45.4984437], [-73.5758632, 45.4985791], [-73.575705, 45.4985114], [-73.5755977, 45.4986223], [-73.5757301, 45.4986877], [-73.5757169, 45.4987048], [-73.5756916, 45.498733], [-73.57554150000001, 45.4986642], [-73.5753383, 45.4985649], [-73.5752651, 45.4985227], [-73.5753375, 45.49844559999998], [-73.5752967, 45.4984242]]]}}, {"id": "49", "type": "Feature", "properties": {"building_id": "104219356", "area_m2": 303.80699915455165}, "geometry": {"type": "Polygon", "coordinates": [[[-73.5771484, 45.4988127], [-73.5771837, 45.4987732], [-73.5773682, 45.4985825], [-73.5774006, 45.4985459], [-73.577292, 45.49849829999999], [-73.5770988, 45.4987365], [-73.5770941, 45.4987537], [-73.5771013, 45.4987786], [-73.5771169, 45.49879619999999], [-73.5771484, 45.4988127]]]}}, {"id": "50", "type": "Feature", "properties": {"building_id": "104219361", "area_m2": 208.42571585075012}, "geometry": {"type": "Polygon", "coordinates": [[[-73.5752037, 45.4975318], [-73.5752602, 45.497473], [-73.5749875, 45.49733650000001], [-73.5749298, 45.49739659999999], [-73.5752037, 45.4975318]]]}}, {"id": "51", "type": "Feature", "properties": {"building_id": "104219363", "area_m2": 2715.0720857476704}, "geometry": {"type": "Polygon", "coordinates": [[[-73.5720003, 45.4972032], [-73.5720465, 45.4972234], [-73.5719991, 45.4972734], [-73.572177, 45.497356], [-73.5722124, 45.4973198], [-73.5722254, 45.4973248], [-73.5724187, 45.4971262], [-73.5727937, 45.4972965], [-73.5728948, 45.4971824], [-73.5730304, 45.4970375], [-73.572999, 45.4970236], [-73.5729282, 45.4969899], [-73.5729493, 45.4969697], [-73.5725764, 45.496802], [-73.5724536, 45.49674409999999], [-73.5720003, 45.4972032]]]}}, {"id": "52", "type": "Feature", "properties": {"building_id": "104219364", "area_m2": 1730.1059304148991}, "geometry": {"type": "Polygon", "coordinates": [[[-73.575479, 45.4989438], [-73.5754675, 45.4989558], [-73.5753659, 45.4990625], [-73.5751538, 45.4989604], [-73.5750387, 45.4989058], [-73.5749374, 45.4988577], [-73.5750299, 45.4987627], [-73.5750548, 45.4987394], [-73.5750696, 45.4987228], [-73.5750905, 45.498706599999984], [-73.575042, 45.4986825], [-73.5751868, 45.4985336], [-73.5756619, 45.4987623], [-73.5756023, 45.498823], [-73.575479, 45.4989438]]]}}, {"id": "53", "type": "Feature", "properties": {"building_id": "104219365", "area_m2": 648.430730860007}, "geometry": {"type": "Polygon", "coordinates": [[[-73.5758418, 45.4992936], [-73.5759429, 45.4991896], [-73.5760488, 45.4990841], [-73.5762877, 45.4992012], [-73.5760845, 45.4994109], [-73.5758418, 45.4992936]]]}}, {"id": "54", "type": "Feature", "properties": {"building_id": "104219368", "area_m2": 859.1387452807196}, "geometry": {"type": "Polygon", "coordinates": [[[-73.5754599, 45.4981795], [-73.5750877, 45.4979989], [-73.5750432, 45.4980455], [-73.5749459, 45.4981428], [-73.5749082, 45.4981793], [-73.5752795, 45.4983585], [-73.5754599, 45.4981795]]]}}, {"id": "55", "type": "Feature", "properties": {"building_id": "104219369", "area_m2": 641.4247945794986}, "geometry": {"type": "Polygon", "coordinates": [[[-73.5758441, 45.4992112], [-73.5758873, 45.4991695], [-73.5758662, 45.49916], [-73.5758717, 45.4991542], [-73.5759642, 45.499059], [-73.5756052, 45.498897], [-73.5755906, 45.4989117], [-73.5755817, 45.4989086], [-73.5755278, 45.4989655], [-73.575522, 45.4989631], [-73.5755098, 45.4989761], [-73.575526, 45.49898429999999], [-73.5755108, 45.499], [-73.5755149, 45.4990028], [-73.5754909, 45.4990245], [-73.5754898, 45.4990397], [-73.57549890000001, 45.4990494], [-73.5755159, 45.4990549], [-73.5755319, 45.4990553], [-73.5755458, 45.4990493], [-73.5755647, 45.4990288], [-73.5755728, 45.4990316], [-73.575587, 45.4990172], [-73.5756052, 45.49902549999999], [-73.57560860000001, 45.4990224], [-73.5756371, 45.4990351], [-73.5756112, 45.4990382], [-73.5755881, 45.4990614], [-73.5755975, 45.49908589999998], [-73.5755844, 45.4991006], [-73.5756726, 45.4991415], [-73.5756686, 45.4991467], [-73.5756954, 45.4991594], [-73.575723, 45.4991726], [-73.575728, 45.4991684], [-73.5758126, 45.4992078], [-73.5758221, 45.4991999], [-73.5758441, 45.4992112]]]}}, {"id": "56", "type": "Feature", "properties": {"building_id": "104219370", "area_m2": 172.42365727816076}, "geometry": {"type": "Polygon", "coordinates": [[[-73.5753098, 45.4974238], [-73.5753581, 45.4973724], [-73.5750824, 45.4972394], [-73.5750358, 45.4972857], [-73.5753098, 45.4974238]]]}}, {"id": "57", "type": "Feature", "properties": {"building_id": "104219371", "area_m2": 815.505715271418}, "geometry": {"type": "Polygon", "coordinates": [[[-73.5749737, 45.4977624], [-73.574701, 45.4976335], [-73.5748397, 45.4974921], [-73.5749298, 45.49739659999999], [-73.5752037, 45.4975318], [-73.5749737, 45.4977624]]]}}, {"id": "58", "type": "Feature", "properties": {"building_id": "104219372", "area_m2": 434.9843941637581}, "geometry": {"type": "Polygon", "coordinates": [[[-73.5721153, 45.49750190000001], [-73.5722592, 45.4973417], [-73.5722254, 45.4973248], [-73.5722124, 45.4973198], [-73.572177, 45.497356], [-73.5719991, 45.4972734], [-73.5719498, 45.497249899999986], [-73.57185610000002, 45.4973545], [-73.5718539, 45.4973637], [-73.571855, 45.4973731], [-73.5718641, 45.4973816], [-73.5721153, 45.49750190000001]]]}}, {"id": "59", "type": "Feature", "properties": {"building_id": "104219373", "area_m2": 414.0635685029062}, "geometry": {"type": "Polygon", "coordinates": [[[-73.5766826, 45.4985867], [-73.5768167, 45.498456], [-73.5768369, 45.4984644], [-73.576865, 45.4984419], [-73.5768395, 45.4984297], [-73.5769857, 45.4982905], [-73.5770756, 45.49833189999998], [-73.5769388, 45.498477600000015], [-73.5769562, 45.4984898], [-73.5768181, 45.4986478], [-73.5768121, 45.4986451], [-73.5766826, 45.4985867]]]}}, {"id": "60", "type": "Feature", "properties": {"building_id": "104224461", "area_m2": 955.6972557453862}, "geometry": {"type": "Polygon", "coordinates": [[[-73.5748397, 45.4974921], [-73.5748171, 45.4974822], [-73.5748037, 45.49749159999998], [-73.5747369, 45.497459], [-73.5746629, 45.49742289999999], [-73.574638, 45.497451], [-73.5745301, 45.4974013], [-73.5746704, 45.4972507], [-73.5748092, 45.4971015], [-73.5749929, 45.4971972], [-73.5750824, 45.4972394], [-73.5750358, 45.4972857], [-73.5749875, 45.49733650000001], [-73.5749298, 45.49739659999999], [-73.5748397, 45.4974921]]]}}, {"id": "61", "type": "Feature", "properties": {"building_id": "104224463", "area_m2": 850.9901592420683}, "geometry": {"type": "Polygon", "coordinates": [[[-73.5745301, 45.4974013], [-73.5744853, 45.49737970000001], [-73.5742325, 45.4972575], [-73.5742915, 45.4971907], [-73.5742513, 45.4971729], [-73.5741909, 45.497233], [-73.5740447, 45.4971616], [-73.5741762, 45.4970159], [-73.5743384, 45.4970845], [-73.5742808, 45.4971475], [-73.5743264, 45.4971672], [-73.5743787, 45.49711460000001], [-73.5746704, 45.4972507], [-73.5745301, 45.4974013]]]}}, {"id": "62", "type": "Feature", "properties": {"building_id": "104224467", "area_m2": 879.5126937906878}, "geometry": {"type": "Polygon", "coordinates": [[[-73.5743206, 45.4967936], [-73.574402, 45.4968312], [-73.5744208, 45.496813], [-73.5744411, 45.496822], [-73.5744223, 45.496846], [-73.5744618, 45.496864299999984], [-73.5744242, 45.4969078], [-73.5745114, 45.4969529], [-73.57454890000001, 45.4969144], [-73.5745154, 45.4968984], [-73.5745588, 45.4968506], [-73.5745845, 45.4968621], [-73.5745696, 45.4968806], [-73.5746321, 45.49692], [-73.5746173, 45.4969332], [-73.5746187, 45.4969501], [-73.5747501, 45.4970103], [-73.574797, 45.4969633], [-73.5748467, 45.4969849], [-73.5747957, 45.4970408], [-73.5748468, 45.4970651], [-73.5750022, 45.4969144], [-73.5749539, 45.4968918], [-73.5749338, 45.4969125], [-73.5745368, 45.4967168], [-73.5745219, 45.4967094], [-73.5744819, 45.4966897], [-73.5745084, 45.496661], [-73.5744658, 45.4966408], [-73.5743206, 45.4967936]]]}}, {"id": "63", "type": "Feature", "properties": {"building_id": "104224468", "area_m2": 300.63945548861466}, "geometry": {"type": "Polygon", "coordinates": [[[-73.5731818, 45.4971331], [-73.573278, 45.4971763], [-73.5730147, 45.4974408], [-73.5729307, 45.4974014], [-73.5731818, 45.4971331]]]}}, {"id": "64", "type": "Feature", "properties": {"building_id": "104224469", "area_m2": 322.1478273768696}, "geometry": {"type": "Polygon", "coordinates": [[[-73.5731818, 45.4971331], [-73.5729307, 45.4974014], [-73.5729111, 45.49739239999999], [-73.572834, 45.4973569], [-73.5730851, 45.4970887], [-73.5731818, 45.4971331]]]}}, {"id": "65", "type": "Feature", "properties": {"building_id": "104224470", "area_m2": 1011.8926239115121}, "geometry": {"type": "Polygon", "coordinates": [[[-73.573391, 45.4976508], [-73.5731217, 45.4975185], [-73.5733981, 45.4972266], [-73.5736739, 45.497355], [-73.573391, 45.4976508]]]}}, {"id": "66", "type": "Feature", "properties": {"building_id": "104224804", "area_m2": 230.46175208120508}, "geometry": {"type": "Polygon", "coordinates": [[[-73.5763903, 45.4978196], [-73.5762938, 45.4979089], [-73.576216, 45.4978704], [-73.5764118, 45.4976589], [-73.576503, 45.4976984], [-73.5763903, 45.4978196]]]}}, {"id": "67", "type": "Feature", "properties": {"building_id": "104224805", "area_m2": 538.0242219315161}, "geometry": {"type": "Polygon", "coordinates": [[[-73.5765959, 45.497471099999984], [-73.5765901, 45.4974831], [-73.5766116, 45.497501], [-73.5766424, 45.497516], [-73.5766746, 45.4975216], [-73.5766867, 45.49751409999998], [-73.5767484, 45.4975404], [-73.5767403, 45.49755170000001], [-73.57679530000001, 45.4975771], [-73.5768973, 45.4974615], [-73.576916, 45.49747089999999], [-73.5769863, 45.4973883], [-73.5769952, 45.49737780000001], [-73.5767846, 45.4972744], [-73.5767367, 45.4973234], [-73.5765959, 45.497471099999984]]]}}, {"id": "68", "type": "Feature", "properties": {"building_id": "104224806", "area_m2": 452.7775252338663}, "geometry": {"type": "Polygon", "coordinates": [[[-73.5763518, 45.4973538], [-73.57649, 45.4972085], [-73.5767367, 45.4973234], [-73.5765959, 45.497471099999984], [-73.5763518, 45.4973538]]]}}, {"id": "69", "type": "Feature", "properties": {"building_id": "104224807", "area_m2": 159.01715910594578}, "geometry": {"type": "Polygon", "coordinates": [[[-73.57679530000001, 45.4975771], [-73.5768739, 45.4976135], [-73.5769455, 45.49753759999999], [-73.5769308, 45.4975282], [-73.5770421, 45.4974135], [-73.5769863, 45.4973883], [-73.576916, 45.49747089999999], [-73.5768973, 45.4974615], [-73.57679530000001, 45.4975771]]]}}, {"id": "70", "type": "Feature", "properties": {"building_id": "104224808", "area_m2": 259.654328707502}, "geometry": {"type": "Polygon", "coordinates": [[[-73.576216, 45.4978704], [-73.5761114, 45.4978234], [-73.576169, 45.4977679], [-73.5761985, 45.49777919999999], [-73.576228, 45.4977426], [-73.5761985, 45.4977285], [-73.5763099, 45.4976081], [-73.5764118, 45.4976589], [-73.576216, 45.4978704]]]}}, {"id": "71", "type": "Feature", "properties": {"building_id": "104224809", "area_m2": 598.8337523497954}, "geometry": {"type": "Polygon", "coordinates": [[[-73.5765942, 45.4977209], [-73.5765756, 45.4977396], [-73.576463, 45.4978524], [-73.5763729, 45.4979428], [-73.5764399, 45.49797379999998], [-73.57643320000001, 45.4979851], [-73.5765697, 45.498053], [-73.5766613, 45.4979629], [-73.5766713, 45.4979671], [-73.5767967, 45.4978403], [-73.5766586, 45.4977802], [-73.57668, 45.4977614], [-73.5765942, 45.4977209]]]}}, {"id": "72", "type": "Feature", "properties": {"building_id": "104224810", "area_m2": 420.3056160965847}, "geometry": {"type": "Polygon", "coordinates": [[[-73.5769616, 45.4976542], [-73.5769616, 45.497673], [-73.5769871, 45.49768429999999], [-73.5770139, 45.49768049999999], [-73.5770756, 45.4977087], [-73.5770743, 45.4977266], [-73.57709710000002, 45.4977379], [-73.5771226, 45.4977322], [-73.5772098, 45.4976372], [-73.5773184, 45.497532], [-73.5771521, 45.49745679999999], [-73.5771097, 45.4974976], [-73.5769616, 45.4976542]]]}}, {"id": "73", "type": "Feature", "properties": {"building_id": "104224811", "area_m2": 171.7938237150038}, "geometry": {"type": "Polygon", "coordinates": [[[-73.5768739, 45.4976135], [-73.5769616, 45.4976542], [-73.5771097, 45.4974976], [-73.5770219, 45.4974568], [-73.5769455, 45.49753759999999], [-73.5768739, 45.4976135]]]}}, {"id": "74", "type": "Feature", "properties": {"building_id": "104224812", "area_m2": 111.47949663986788}, "geometry": {"type": "Polygon", "coordinates": [[[-73.576463, 45.4978524], [-73.5763903, 45.4978196], [-73.576503, 45.4976984], [-73.5765177, 45.4976984], [-73.5765338, 45.4977059], [-73.5765378, 45.4977209], [-73.5765756, 45.4977396], [-73.576463, 45.4978524]]]}}, {"id": "75", "type": "Feature", "properties": {"building_id": "104225091", "area_m2": 287.9741357179831}, "geometry": {"type": "Polygon", "coordinates": [[[-73.5743706, 45.4977068], [-73.5743444, 45.4976947], [-73.5742755, 45.4976634], [-73.5742347, 45.497645], [-73.5741225, 45.4977754], [-73.5741547, 45.4977895], [-73.5741252, 45.4978224], [-73.5741547, 45.49784120000001], [-73.5741037, 45.4978911], [-73.5741676, 45.4979194], [-73.5743706, 45.4977068]]]}}, {"id": "76", "type": "Feature", "properties": {"building_id": "104225092", "area_m2": 577.7356056639868}, "geometry": {"type": "Polygon", "coordinates": [[[-73.57445810000002, 45.498233], [-73.5744261, 45.4982657], [-73.5743686, 45.4983245], [-73.574323, 45.4983711], [-73.5743003, 45.4983943], [-73.5740244, 45.498255], [-73.5741772, 45.4980937], [-73.57445810000002, 45.498233]]]}}, {"id": "77", "type": "Feature", "properties": {"building_id": "104225093", "area_m2": 1079.8059912581139}, "geometry": {"type": "Polygon", "coordinates": [[[-73.5747468, 45.4979588], [-73.5747011, 45.4980052], [-73.5746199, 45.4980877], [-73.5745714, 45.4981371], [-73.5745108, 45.4981986], [-73.5744712, 45.49823889999998], [-73.57445810000002, 45.498233], [-73.5741772, 45.4980937], [-73.574168, 45.498089], [-73.5744369, 45.4978168], [-73.5744439, 45.4978208], [-73.5747468, 45.4979588]]]}}, {"id": "78", "type": "Feature", "properties": {"building_id": "104225094", "area_m2": 1624.6202026558467}, "geometry": {"type": "Polygon", "coordinates": [[[-73.5748476, 45.4982332], [-73.574784, 45.4983045], [-73.5746436, 45.4984492], [-73.5745136, 45.4985787], [-73.574523, 45.4985832], [-73.5748966, 45.4987523], [-73.5752237, 45.4984156], [-73.5748476, 45.4982332]]]}}, {"id": "79", "type": "Feature", "properties": {"building_id": "104225095", "area_m2": 342.30150033147123}, "geometry": {"type": "Polygon", "coordinates": [[[-73.5747468, 45.4979588], [-73.5744439, 45.4978208], [-73.5745327, 45.497728], [-73.5748333, 45.4978723], [-73.5747818, 45.4979238], [-73.5747468, 45.4979588]]]}}, {"id": "80", "type": "Feature", "properties": {"building_id": "104225096", "area_m2": 263.86628489225075}, "geometry": {"type": "Polygon", "coordinates": [[[-73.574523, 45.4985832], [-73.5744732, 45.4986371], [-73.5747487, 45.498769], [-73.5748387, 45.498813699999985], [-73.5748966, 45.4987523], [-73.574523, 45.4985832]]]}}, {"id": "81", "type": "Feature", "properties": {"building_id": "104225097", "area_m2": 271.1601283437715}, "geometry": {"type": "Polygon", "coordinates": [[[-73.5749082, 45.4981793], [-73.5748786, 45.4982067], [-73.5748476, 45.4982332], [-73.5752237, 45.4984156], [-73.5752795, 45.4983585], [-73.5749082, 45.4981793]]]}}, {"id": "82", "type": "Feature", "properties": {"building_id": "104225098", "area_m2": 183.45103616970798}, "geometry": {"type": "Polygon", "coordinates": [[[-73.5744257, 45.49775240000001], [-73.5744019, 45.4977402], [-73.57441110000002, 45.4977309], [-73.5744043, 45.4977265], [-73.5743706, 45.4977068], [-73.5741676, 45.4979194], [-73.57415070000002, 45.4979371], [-73.57421, 45.49796760000001], [-73.5744257, 45.49775240000001]]]}}, {"id": "83", "type": "Feature", "properties": {"building_id": "104225099", "area_m2": 372.8050765050792}, "geometry": {"type": "Polygon", "coordinates": [[[-73.5743003, 45.4983943], [-73.5742812, 45.4984138], [-73.5742463, 45.4984493], [-73.574211, 45.4984852], [-73.5742011, 45.498487], [-73.5741896, 45.498489], [-73.5739157, 45.4983536], [-73.5740169, 45.4982527], [-73.5740244, 45.498255], [-73.5743003, 45.4983943]]]}}, {"id": "84", "type": "Feature", "properties": {"building_id": "104385072", "area_m2": 2424.330576498853}, "geometry": {"type": "Polygon", "coordinates": [[[-73.5744744, 45.4996659], [-73.5747144, 45.4994138], [-73.5747621, 45.4993689], [-73.5745968, 45.499289699999984], [-73.5746174, 45.4992687], [-73.5748629, 45.49901910000001], [-73.5751013, 45.4991355], [-73.5752947, 45.49923], [-73.5753284, 45.4992465], [-73.5753185, 45.4992568], [-73.5752344, 45.4993441], [-73.5752004, 45.4993744], [-73.5751684, 45.4993597], [-73.5751388, 45.499346], [-73.5747154, 45.4997823], [-73.574619, 45.4997388], [-73.5744744, 45.4996659]]]}}, {"id": "85", "type": "Feature", "properties": {"building_id": "104385082", "area_m2": 1264.7422990302612}, "geometry": {"type": "Polygon", "coordinates": [[[-73.5756794, 45.4997409], [-73.575708, 45.4997533], [-73.5759177, 45.49954120000001], [-73.57588710000002, 45.49952519999999], [-73.5758933, 45.4995131], [-73.5757924, 45.4994662], [-73.5756805, 45.49941239999998], [-73.5756566, 45.4994376], [-73.5756233, 45.4994216], [-73.575633, 45.499412], [-73.5754583, 45.499328], [-73.5753781, 45.4994133], [-73.5752547, 45.4995442], [-73.5755281, 45.4996765], [-73.5756794, 45.4997409]]]}}, {"id": "86", "type": "Feature", "properties": {"building_id": "104385093", "area_m2": 1035.2732707978619}, "geometry": {"type": "Polygon", "coordinates": [[[-73.5749863, 45.4998406], [-73.5750308, 45.4997918], [-73.5751579, 45.4996526], [-73.5754301, 45.4997887], [-73.5754381, 45.499803], [-73.5755199, 45.4998459], [-73.5755612, 45.4998609], [-73.575394, 45.5000587], [-73.5752271, 45.49998149999998], [-73.5750158, 45.4998839], [-73.5750346, 45.4998651], [-73.5749863, 45.4998406]]]}}, {"id": "87", "type": "Feature", "properties": {"building_id": "107160220", "area_m2": 185.66571935995134}, "geometry": {"type": "Polygon", "coordinates": [[[-73.57820220000002, 45.498535], [-73.5782057, 45.4985277], [-73.5781232, 45.4984871], [-73.5780104, 45.4986093], [-73.5780413, 45.4986234], [-73.577955, 45.4987176], [-73.5780051, 45.498739], [-73.57820220000002, 45.498535]]]}}, {"id": "88", "type": "Feature", "properties": {"building_id": "107160223", "area_m2": 212.0724176849209}, "geometry": {"type": "Polygon", "coordinates": [[[-73.5775371, 45.498364], [-73.5774404, 45.4984673], [-73.5773613, 45.4984297], [-73.5774642, 45.4983152], [-73.5775464, 45.498222], [-73.5775705, 45.4982342], [-73.5775866, 45.4982314], [-73.5776094, 45.4982436], [-73.5776108, 45.498253], [-73.5776322, 45.4982596], [-73.5775371, 45.498364]]]}}, {"id": "89", "type": "Feature", "properties": {"building_id": "107160226", "area_m2": 274.1289763506895}, "geometry": {"type": "Polygon", "coordinates": [[[-73.5778163, 45.49834709999999], [-73.5778307, 45.4983329], [-73.5777921, 45.4983151], [-73.5777449, 45.4982934], [-73.5777315, 45.498306599999985], [-73.577714, 45.4983], [-73.5776158, 45.4983976], [-73.5775823, 45.49845959999998], [-73.5775115, 45.4985012], [-73.5776161, 45.498554699999985], [-73.5778163, 45.49834709999999]]]}}, {"id": "90", "type": "Feature", "properties": {"building_id": "107160227", "area_m2": 602.6568550517843}, "geometry": {"type": "Polygon", "coordinates": [[[-73.5781232, 45.4984871], [-73.57790040000002, 45.4983808], [-73.5776994, 45.498594299999986], [-73.5779259, 45.4987023], [-73.5780104, 45.4986093], [-73.5781232, 45.4984871]]]}}, {"id": "91", "type": "Feature", "properties": {"building_id": "107160230", "area_m2": 219.32267832058884}, "geometry": {"type": "Polygon", "coordinates": [[[-73.57790040000002, 45.4983808], [-73.5778803, 45.4983639], [-73.5778414, 45.4983564], [-73.5778163, 45.49834709999999], [-73.5776161, 45.498554699999985], [-73.5776994, 45.498594299999986], [-73.57790040000002, 45.4983808]]]}}, {"id": "92", "type": "Feature", "properties": {"building_id": "107160232", "area_m2": 103.99678953392781}, "geometry": {"type": "Polygon", "coordinates": [[[-73.577714, 45.4983], [-73.5776765, 45.4982821], [-73.5776818, 45.4982746], [-73.5776792, 45.4982633], [-73.5776671, 45.4982577], [-73.5776523, 45.4982586], [-73.5776416, 45.498268], [-73.5776309, 45.4982643], [-73.5775371, 45.498364], [-73.5776158, 45.4983976], [-73.577714, 45.4983]]]}}, {"id": "93", "type": "Feature", "properties": {"building_id": "107536526", "area_m2": 201.36626010679558}, "geometry": {"type": "Polygon", "coordinates": [[[-73.5777772, 45.4980528], [-73.5778549, 45.4980921], [-73.57796, 45.49798049999998], [-73.57805390000001, 45.4978859], [-73.5779768, 45.497849], [-73.5777772, 45.4980528]]]}}, {"id": "94", "type": "Feature", "properties": {"building_id": "107536528", "area_m2": 112.04047385782754}, "geometry": {"type": "Polygon", "coordinates": [[[-73.57796, 45.49798049999998], [-73.5780406, 45.498017799999985], [-73.5779342, 45.4981298], [-73.5778549, 45.4980921], [-73.57796, 45.49798049999998]]]}}, {"id": "95", "type": "Feature", "properties": {"building_id": "107536533", "area_m2": 105.00958689237473}, "geometry": {"type": "Polygon", "coordinates": [[[-73.5779342, 45.4981298], [-73.578001, 45.4981644], [-73.5780788, 45.4980852], [-73.578055, 45.49806880000001], [-73.5781129, 45.4980078], [-73.5780694, 45.497987500000015], [-73.5780406, 45.498017799999985], [-73.5779342, 45.4981298]]]}}, {"id": "96", "type": "Feature", "properties": {"building_id": "107766921", "area_m2": 346.090373320526}, "geometry": {"type": "Polygon", "coordinates": [[[-73.573578, 45.4984795], [-73.5736316, 45.4984241], [-73.5741131, 45.4986516], [-73.57409, 45.498674], [-73.5740539, 45.4987089], [-73.573578, 45.4984795]]]}}, {"id": "97", "type": "Feature", "properties": {"building_id": "107766922", "area_m2": 485.72379952349047}, "geometry": {"type": "Polygon", "coordinates": [[[-73.5733753, 45.4988919], [-73.5734826, 45.498776], [-73.5738261, 45.4989411], [-73.57376370000001, 45.4990078], [-73.5737237, 45.49905050000001], [-73.5733753, 45.4988919]]]}}, {"id": "98", "type": "Feature", "properties": {"building_id": "107766923", "area_m2": 196.46867251756112}, "geometry": {"type": "Polygon", "coordinates": [[[-73.5733238, 45.4977554], [-73.5733902, 45.4977867], [-73.5731802, 45.49800669999998], [-73.5731036, 45.4979731], [-73.5733238, 45.4977554]]]}}, {"id": "99", "type": "Feature", "properties": {"building_id": "107766924", "area_m2": 286.75081683788255}, "geometry": {"type": "Polygon", "coordinates": [[[-73.5735278, 45.4986277], [-73.573474, 45.498683], [-73.5738886, 45.49888030000001], [-73.5739097, 45.4988578], [-73.5739396, 45.4988259], [-73.5735278, 45.4986277]]]}}, {"id": "100", "type": "Feature", "properties": {"building_id": "107766927", "area_m2": 1826.3253928173247}, "geometry": {"type": "Polygon", "coordinates": [[[-73.5732832, 45.49806259999998], [-73.5733841, 45.4979622], [-73.5736075, 45.4980697], [-73.573584, 45.4980999], [-73.5736236, 45.4981111], [-73.573756, 45.4979652], [-73.5735447, 45.4978606], [-73.5734991, 45.4979047], [-73.5734719, 45.4979066], [-73.5734537, 45.4978968], [-73.5735742, 45.4977685], [-73.5739636, 45.4979504], [-73.5739836, 45.4979323], [-73.5741392, 45.4980122], [-73.5741493, 45.4980378], [-73.5738518, 45.498339], [-73.5735253, 45.498180799999986], [-73.5732832, 45.49806259999998]]]}}, {"id": "101", "type": "Feature", "properties": {"building_id": "107766930", "area_m2": 312.51661179522955}, "geometry": {"type": "Polygon", "coordinates": [[[-73.5735854, 45.498569799999984], [-73.5735278, 45.4986277], [-73.5739396, 45.4988259], [-73.57399920000002, 45.4987653], [-73.5735854, 45.498569799999984]]]}}, {"id": "102", "type": "Feature", "properties": {"building_id": "107766931", "area_m2": 322.4581254064369}, "geometry": {"type": "Polygon", "coordinates": [[[-73.573474, 45.498683], [-73.573413, 45.4987456], [-73.5734826, 45.498776], [-73.5738261, 45.4989411], [-73.5738507, 45.4989172], [-73.5738886, 45.49888030000001], [-73.573474, 45.498683]]]}}, {"id": "103", "type": "Feature", "properties": {"building_id": "107766934", "area_m2": 298.0234045120046}, "geometry": {"type": "Polygon", "coordinates": [[[-73.5723022, 45.4986135], [-73.5725467, 45.4983479], [-73.5726379, 45.4983912], [-73.5726172, 45.49841309999998], [-73.5723885, 45.4986573], [-73.5723192, 45.4986221], [-73.5723022, 45.4986135]]]}}, {"id": "104", "type": "Feature", "properties": {"building_id": "107766935", "area_m2": 434.5651975239607}, "geometry": {"type": "Polygon", "coordinates": [[[-73.5729092, 45.4978371], [-73.5728773, 45.4978667], [-73.5729487, 45.4979014], [-73.57302910000001, 45.4979406], [-73.5732512, 45.497714], [-73.5730986, 45.4976429], [-73.5729092, 45.4978371]]]}}, {"id": "105", "type": "Feature", "properties": {"building_id": "107766938", "area_m2": 238.00626629564542}, "geometry": {"type": "Polygon", "coordinates": [[[-73.5732612, 45.49899869999999], [-73.5733142, 45.4989469], [-73.5736647, 45.49910889999999], [-73.5736357, 45.4991338], [-73.5736068, 45.499163], [-73.5732612, 45.49899869999999]]]}}, {"id": "106", "type": "Feature", "properties": {"building_id": "107766940", "area_m2": 238.38770108000057}, "geometry": {"type": "Polygon", "coordinates": [[[-73.572831, 45.4985124], [-73.5728498, 45.4984927], [-73.5729209, 45.4985275], [-73.5726766, 45.4987899], [-73.5726044, 45.498754], [-73.572831, 45.4985124]]]}}, {"id": "107", "type": "Feature", "properties": {"building_id": "107766942", "area_m2": 255.01928219761325}, "geometry": {"type": "Polygon", "coordinates": [[[-73.5733142, 45.4989469], [-73.5733753, 45.4988919], [-73.5737237, 45.49905050000001], [-73.5736851, 45.49908640000001], [-73.5736647, 45.49910889999999], [-73.5733142, 45.4989469]]]}}, {"id": "108", "type": "Feature", "properties": {"building_id": "107766943", "area_m2": 670.1679742577346}, "geometry": {"type": "Polygon", "coordinates": [[[-73.5726766, 45.4987899], [-73.5728693, 45.4988927], [-73.5731217, 45.4986314], [-73.5729209, 45.4985275], [-73.5726766, 45.4987899]]]}}, {"id": "109", "type": "Feature", "properties": {"building_id": "107766948", "area_m2": 250.90154935738224}, "geometry": {"type": "Polygon", "coordinates": [[[-73.5735493, 45.4992216], [-73.5736068, 45.499163], [-73.5732612, 45.49899869999999], [-73.5732087, 45.4990567], [-73.5735128, 45.499203], [-73.5735493, 45.4992216]]]}}, {"id": "110", "type": "Feature", "properties": {"building_id": "107766952", "area_m2": 350.92589683883847}, "geometry": {"type": "Polygon", "coordinates": [[[-73.5740539, 45.4987089], [-73.5740234, 45.4987403], [-73.57399920000002, 45.4987653], [-73.5735854, 45.498569799999984], [-73.5735217, 45.4985397], [-73.573578, 45.4984795], [-73.5740539, 45.4987089]]]}}, {"id": "111", "type": "Feature", "properties": {"building_id": "107766953", "area_m2": 250.31769526526867}, "geometry": {"type": "Polygon", "coordinates": [[[-73.5733902, 45.4977867], [-73.5734439, 45.4977332], [-73.5735235, 45.4977632], [-73.5732469, 45.4980392], [-73.5731802, 45.49800669999998], [-73.5733902, 45.4977867]]]}}, {"id": "112", "type": "Feature", "properties": {"building_id": "107766957", "area_m2": 270.28741054711134}, "geometry": {"type": "Polygon", "coordinates": [[[-73.57302910000001, 45.4979406], [-73.5731036, 45.4979731], [-73.5733238, 45.4977554], [-73.5733819, 45.4976932], [-73.5733019, 45.4976576], [-73.5732512, 45.497714], [-73.57302910000001, 45.4979406]]]}}, {"id": "113", "type": "Feature", "properties": {"building_id": "107766960", "area_m2": 197.5058274088692}, "geometry": {"type": "Polygon", "coordinates": [[[-73.5731521, 45.4990304], [-73.5733439, 45.4988284], [-73.5732675, 45.4987914], [-73.5730741, 45.49899219999999], [-73.5731392, 45.499023], [-73.5731521, 45.4990304]]]}}, {"id": "114", "type": "Feature", "properties": {"building_id": "107766965", "area_m2": 682.6657338238568}, "geometry": {"type": "Polygon", "coordinates": [[[-73.5730741, 45.49899219999999], [-73.5728693, 45.4988927], [-73.5731217, 45.4986314], [-73.5733262, 45.4987296], [-73.5732675, 45.4987914], [-73.5730741, 45.49899219999999]]]}}, {"id": "115", "type": "Feature", "properties": {"building_id": "107766967", "area_m2": 646.8204896015885}, "geometry": {"type": "Polygon", "coordinates": [[[-73.5723885, 45.4986573], [-73.5726044, 45.498754], [-73.572831, 45.4985124], [-73.5726172, 45.49841309999998], [-73.5723885, 45.4986573]]]}}, {"id": "116", "type": "Feature", "properties": {"building_id": "108447318", "area_m2": 555.4310235833925}, "geometry": {"type": "Polygon", "coordinates": [[[-73.5742063, 45.4988594], [-73.5742467, 45.49881879999999], [-73.5743157, 45.4987578], [-73.5747353, 45.4989619], [-73.5746397, 45.4990618], [-73.5742063, 45.4988594]]]}}, {"id": "117", "type": "Feature", "properties": {"building_id": "108447319", "area_m2": 310.96794639029685}, "geometry": {"type": "Polygon", "coordinates": [[[-73.5741536, 45.4989125], [-73.5741795, 45.49888640000001], [-73.5742063, 45.4988594], [-73.5746397, 45.4990618], [-73.5745763, 45.4991204], [-73.5741536, 45.4989125]]]}}, {"id": "118", "type": "Feature", "properties": {"building_id": "108447320", "area_m2": 227.2264275389583}, "geometry": {"type": "Polygon", "coordinates": [[[-73.5742567, 45.4995598], [-73.5744856, 45.4993215], [-73.574556, 45.499357], [-73.5745254, 45.4993909], [-73.5744787, 45.49944450000001], [-73.5743333, 45.4995966], [-73.5743142, 45.4995872], [-73.5742567, 45.4995598]]]}}, {"id": "119", "type": "Feature", "properties": {"building_id": "108447322", "area_m2": 219.3023657488829}, "geometry": {"type": "Polygon", "coordinates": [[[-73.5743333, 45.4995966], [-73.5743855, 45.4996213], [-73.5744056, 45.4996307], [-73.5746453, 45.4993818], [-73.5745924, 45.49935640000001], [-73.5745488, 45.4993999], [-73.5745254, 45.4993909], [-73.5744787, 45.49944450000001], [-73.5743333, 45.4995966]]]}}, {"id": "120", "type": "Feature", "properties": {"building_id": "108447324", "area_m2": 478.79041142046134}, "geometry": {"type": "Polygon", "coordinates": [[[-73.5739148, 45.4991424], [-73.5739926, 45.4990678], [-73.5744226, 45.4992734], [-73.5744684, 45.4992973], [-73.5743876, 45.4993746], [-73.5742379, 45.4993048], [-73.5741467, 45.4992559], [-73.5739148, 45.4991424]]]}}, {"id": "121", "type": "Feature", "properties": {"building_id": "108447325", "area_m2": 220.03772354853703}, "geometry": {"type": "Polygon", "coordinates": [[[-73.5744056, 45.4996307], [-73.5744571, 45.4996574], [-73.5744744, 45.4996659], [-73.5747144, 45.4994138], [-73.5746453, 45.4993818], [-73.5744056, 45.4996307]]]}}, {"id": "122", "type": "Feature", "properties": {"building_id": "108447326", "area_m2": 849.6287180476438}, "geometry": {"type": "Polygon", "coordinates": [[[-73.5739926, 45.4990678], [-73.5740296, 45.49903710000001], [-73.5741002, 45.4989661], [-73.5741536, 45.4989125], [-73.5745763, 45.4991204], [-73.5744226, 45.4992734], [-73.5739926, 45.4990678]]]}}, {"id": "123", "type": "Feature", "properties": {"building_id": "108457142", "area_m2": 1180.9706925479884}, "geometry": {"type": "Polygon", "coordinates": [[[-73.5701645, 45.5013589], [-73.569916, 45.5012407], [-73.57003450000002, 45.5011122], [-73.5702771, 45.5008686], [-73.5705239, 45.5009889], [-73.5701952, 45.5013274], [-73.5701751, 45.501348], [-73.5701645, 45.5013589]]]}}, {"id": "124", "type": "Feature", "properties": {"building_id": "108457145", "area_m2": 7954.232597762493}, "geometry": {"type": "Polygon", "coordinates": [[[-73.5694371, 45.5014818], [-73.5690593, 45.5012996], [-73.5690476, 45.501313], [-73.5689453, 45.5012649], [-73.568831, 45.5012112], [-73.5688414, 45.5012002], [-73.568474, 45.5010204], [-73.5682279, 45.50127719999998], [-73.5682436, 45.5012844], [-73.5681617, 45.5013671], [-73.5680908, 45.5014386], [-73.5680779, 45.5014305], [-73.5678285, 45.5016875], [-73.568194, 45.5018636], [-73.5682061, 45.5018526], [-73.5683004, 45.5018997], [-73.5684212, 45.5019566], [-73.568409, 45.5019677], [-73.56860670000002, 45.5020643], [-73.5687715, 45.5021448], [-73.5690237, 45.5018874], [-73.5690058, 45.5018814], [-73.5690754, 45.5018099], [-73.5691508, 45.5017324], [-73.5691716, 45.5017421], [-73.5694371, 45.5014818]]]}}, {"id": "125", "type": "Feature", "properties": {"building_id": "108457148", "area_m2": 3008.8604653513207}, "geometry": {"type": "Polygon", "coordinates": [[[-73.5689019, 45.5005555], [-73.5691449, 45.5003218], [-73.5692932, 45.5004005], [-73.5700695, 45.5007701], [-73.5701239, 45.500796], [-73.5700297, 45.5008928], [-73.569949, 45.5009758], [-73.5698877, 45.501041], [-73.5689019, 45.5005555]]]}}, {"id": "126", "type": "Feature", "properties": {"building_id": "108457169", "area_m2": 3331.648044535649}, "geometry": {"type": "Polygon", "coordinates": [[[-73.5689569, 45.5025878], [-73.5688638, 45.5025427], [-73.5687147, 45.5024706], [-73.5697335, 45.5014244], [-73.5699909, 45.50154710000001], [-73.5699778, 45.5015603], [-73.5696752, 45.5018648], [-73.5689569, 45.5025878]]]}}, {"id": "127", "type": "Feature", "properties": {"building_id": "113858502", "area_m2": 183.5160719968462}, "geometry": {"type": "Polygon", "coordinates": [[[-73.5718724, 45.4994126], [-73.5717761, 45.4993665], [-73.5719248, 45.4992167], [-73.5720196, 45.4992629], [-73.5718724, 45.4994126]]]}}, {"id": "128", "type": "Feature", "properties": {"building_id": "113858514", "area_m2": 233.67108768094235}, "geometry": {"type": "Polygon", "coordinates": [[[-73.57236, 45.49964509999999], [-73.5724298, 45.4996784], [-73.5726838, 45.4994197], [-73.57261320000002, 45.499384499999984], [-73.57236, 45.49964509999999]]]}}, {"id": "129", "type": "Feature", "properties": {"building_id": "113858522", "area_m2": 844.5172559774788}, "geometry": {"type": "Polygon", "coordinates": [[[-73.5712284, 45.5006722], [-73.5709326, 45.5005272], [-73.5711584, 45.5003047], [-73.5711814, 45.5003157], [-73.5712068, 45.5003255], [-73.5712587, 45.5003516], [-73.5712976, 45.5003715], [-73.5713824, 45.5004122], [-73.5714391, 45.5004394], [-73.5714431, 45.5004413], [-73.5712589, 45.50064229999999], [-73.5712284, 45.5006722]]]}}, {"id": "130", "type": "Feature", "properties": {"building_id": "113858524", "area_m2": 447.4632984361316}, "geometry": {"type": "Polygon", "coordinates": [[[-73.5722233, 45.4995804], [-73.57236, 45.49964509999999], [-73.57261320000002, 45.499384499999984], [-73.5724793, 45.4993208], [-73.5722233, 45.4995804]]]}}, {"id": "131", "type": "Feature", "properties": {"building_id": "113858525", "area_m2": 3721.86787420818}, "geometry": {"type": "Polygon", "coordinates": [[[-73.5711514, 45.4990334], [-73.5712776, 45.4989055], [-73.5711884, 45.4988622], [-73.571427, 45.49862060000001], [-73.571484, 45.49856279999999], [-73.5715711, 45.4986051], [-73.5716851, 45.4984896], [-73.5721716, 45.4987255], [-73.5716359, 45.4992683], [-73.5711514, 45.4990334]]]}}, {"id": "132", "type": "Feature", "properties": {"building_id": "113858535", "area_m2": 277.5710205824216}, "geometry": {"type": "Polygon", "coordinates": [[[-73.5720196, 45.4992629], [-73.5720312, 45.4992511], [-73.5721343, 45.499146199999984], [-73.5722166, 45.499186], [-73.5720575, 45.4993448], [-73.5719559, 45.4994522], [-73.5718724, 45.4994126], [-73.5720196, 45.4992629]]]}}, {"id": "133", "type": "Feature", "properties": {"building_id": "113858536", "area_m2": 1172.8420673590426}, "geometry": {"type": "Polygon", "coordinates": [[[-73.5732671, 45.4994988], [-73.5734209, 45.4993451], [-73.5733967, 45.4993351], [-73.5734121, 45.49932089999999], [-73.572892, 45.4990726], [-73.5728865, 45.49907], [-73.5728832, 45.4990732], [-73.5728676, 45.4990885], [-73.5728409, 45.4991147], [-73.5727188, 45.4992344], [-73.5727516, 45.499251], [-73.5728167, 45.4992841], [-73.5731813, 45.4994576], [-73.5732059, 45.4994692], [-73.5732671, 45.4994988]]]}}, {"id": "134", "type": "Feature", "properties": {"building_id": "113858538", "area_m2": 234.8536968421812}, "geometry": {"type": "Polygon", "coordinates": [[[-73.5724298, 45.4996784], [-73.5724217, 45.4996867], [-73.5724904, 45.4997198], [-73.5727526, 45.4994529], [-73.5726838, 45.4994197], [-73.5724298, 45.4996784]]]}}, {"id": "135", "type": "Feature", "properties": {"building_id": "113858542", "area_m2": 331.7396466235208}, "geometry": {"type": "Polygon", "coordinates": [[[-73.5731598, 45.4996086], [-73.5732215, 45.49954549999999], [-73.5728177, 45.4993547], [-73.5728292, 45.49934279999999], [-73.5727808, 45.499319], [-73.572732, 45.4993715], [-73.57285, 45.49943119999999], [-73.5728296, 45.4994504], [-73.5731598, 45.4996086]]]}}, {"id": "136", "type": "Feature", "properties": {"building_id": "113858549", "area_m2": 225.52753723512097}, "geometry": {"type": "Polygon", "coordinates": [[[-73.5713692, 45.5007467], [-73.5712941, 45.5007063], [-73.5713244, 45.5006761], [-73.5715229, 45.5004791], [-73.5715971, 45.5005166], [-73.5713692, 45.5007467]]]}}, {"id": "137", "type": "Feature", "properties": {"building_id": "113858550", "area_m2": 184.99831166405835}, "geometry": {"type": "Polygon", "coordinates": [[[-73.5713244, 45.5006761], [-73.5712589, 45.50064229999999], [-73.5714431, 45.5004413], [-73.5715229, 45.5004791], [-73.5713244, 45.5006761]]]}}, {"id": "138", "type": "Feature", "properties": {"building_id": "113858552", "area_m2": 345.47855440741984}, "geometry": {"type": "Polygon", "coordinates": [[[-73.5719559, 45.4994522], [-73.5720884, 45.4995128], [-73.5723362, 45.4992495], [-73.5722498, 45.4992093], [-73.572102, 45.4993655], [-73.5720575, 45.4993448], [-73.5719559, 45.4994522]]]}}, {"id": "139", "type": "Feature", "properties": {"building_id": "113858553", "area_m2": 264.87740164258713}, "geometry": {"type": "Polygon", "coordinates": [[[-73.5732215, 45.49954549999999], [-73.5732671, 45.4994988], [-73.5732059, 45.4994692], [-73.5731813, 45.4994576], [-73.5728167, 45.4992841], [-73.5727808, 45.499319], [-73.5728292, 45.49934279999999], [-73.5728177, 45.4993547], [-73.5732215, 45.49954549999999]]]}}, {"id": "140", "type": "Feature", "properties": {"building_id": "113858554", "area_m2": 260.02269150806853}, "geometry": {"type": "Polygon", "coordinates": [[[-73.5720884, 45.4995128], [-73.5721625, 45.4995501], [-73.5724164, 45.49929], [-73.5723362, 45.4992495], [-73.5720884, 45.4995128]]]}}, {"id": "141", "type": "Feature", "properties": {"building_id": "113858555", "area_m2": 511.4361954469444}, "geometry": {"type": "Polygon", "coordinates": [[[-73.5730452, 45.4997322], [-73.5731598, 45.4996086], [-73.5728296, 45.4994504], [-73.5727145, 45.499573], [-73.5730452, 45.4997322]]]}}, {"id": "142", "type": "Feature", "properties": {"building_id": "113858557", "area_m2": 705.6148238675103}, "geometry": {"type": "Polygon", "coordinates": [[[-73.5728808, 45.4998988], [-73.5725485, 45.4997365], [-73.5727145, 45.499573], [-73.5730452, 45.4997322], [-73.5728808, 45.4998988]]]}}, {"id": "143", "type": "Feature", "properties": {"building_id": "113858558", "area_m2": 108.88903526912198}, "geometry": {"type": "Polygon", "coordinates": [[[-73.5720312, 45.4992511], [-73.5719498, 45.4992115], [-73.5720531, 45.4991074], [-73.5721343, 45.499146199999984], [-73.5720312, 45.4992511]]]}}, {"id": "144", "type": "Feature", "properties": {"building_id": "113858559", "area_m2": 207.16600311916963}, "geometry": {"type": "Polygon", "coordinates": [[[-73.5721625, 45.4995501], [-73.5722233, 45.4995804], [-73.5724793, 45.4993208], [-73.5724164, 45.49929], [-73.5721625, 45.4995501]]]}}, {"id": "145", "type": "Feature", "properties": {"building_id": "113858566", "area_m2": 204.40578376926146}, "geometry": {"type": "Polygon", "coordinates": [[[-73.5714396, 45.5007805], [-73.5716646, 45.5005507], [-73.5715971, 45.5005166], [-73.5713692, 45.5007467], [-73.5714396, 45.5007805]]]}}, {"id": "146", "type": "Feature", "properties": {"building_id": "115511932", "area_m2": 715.3105259088411}, "geometry": {"type": "Polygon", "coordinates": [[[-73.5766787, 45.4991639], [-73.576853, 45.4989786], [-73.5769043, 45.498924], [-73.576928, 45.4988988], [-73.57714530000001, 45.498996599999984], [-73.5770498, 45.499096], [-73.576965, 45.4991842], [-73.5768851, 45.4992673], [-73.5767056, 45.4991774], [-73.5766787, 45.4991639]]]}}, {"id": "147", "type": "Feature", "properties": {"building_id": "115511937", "area_m2": 1644.518887685204}, "geometry": {"type": "Polygon", "coordinates": [[[-73.5768041, 45.499723], [-73.576764, 45.4997044], [-73.5767479, 45.4996977], [-73.5767226, 45.4997232], [-73.5764399, 45.4995934], [-73.576452, 45.4995807], [-73.5764266, 45.4995686], [-73.5764208, 45.4995497], [-73.5763903, 45.4995474], [-73.5763725, 45.4995281], [-73.5763762, 45.499502], [-73.5764007, 45.49949], [-73.5763947, 45.499473], [-73.5764168, 45.4994524], [-73.5764027, 45.4994454], [-73.5765901, 45.49925529999998], [-73.5765974, 45.4992478], [-73.5766196, 45.4992248], [-73.5768188, 45.499326], [-73.5767985, 45.4993471], [-73.5767961, 45.4993496], [-73.5768126, 45.4993577], [-73.5770541, 45.499476], [-73.5770142, 45.499515399999986], [-73.5769178, 45.4996107], [-73.5768309, 45.4996967], [-73.5768041, 45.499723]]]}}, {"id": "148", "type": "Feature", "properties": {"building_id": "115784437", "area_m2": 621.9906774134638}, "geometry": {"type": "Polygon", "coordinates": [[[-73.57344060000001, 45.4996403], [-73.5735636, 45.4995128], [-73.5739491, 45.4996956], [-73.573826, 45.4998231], [-73.57344060000001, 45.4996403]]]}}, {"id": "149", "type": "Feature", "properties": {"building_id": "115784439", "area_m2": 523.7434275165707}, "geometry": {"type": "Polygon", "coordinates": [[[-73.5737434, 45.5003244], [-73.5739753, 45.5000915], [-73.5740538, 45.5001299], [-73.574067, 45.5001166], [-73.57415750000001, 45.50016089999998], [-73.5741361, 45.5001824], [-73.5739124, 45.5004071], [-73.5737434, 45.5003244]]]}}, {"id": "150", "type": "Feature", "properties": {"building_id": "115784440", "area_m2": 366.119785561311}, "geometry": {"type": "Polygon", "coordinates": [[[-73.5735636, 45.4995128], [-73.5736354, 45.49943779999999], [-73.5740224, 45.499621], [-73.5739491, 45.4996956], [-73.5735636, 45.4995128]]]}}, {"id": "151", "type": "Feature", "properties": {"building_id": "115784442", "area_m2": 1853.878400799825}, "geometry": {"type": "Polygon", "coordinates": [[[-73.5748887, 45.5004925], [-73.5743381, 45.5002257], [-73.5740793, 45.50048810000001], [-73.5746298, 45.5007549], [-73.5748887, 45.5004925]]]}}, {"id": "152", "type": "Feature", "properties": {"building_id": "115784445", "area_m2": 1912.9425303287949}, "geometry": {"type": "Polygon", "coordinates": [[[-73.5734919, 45.5002033], [-73.5730713, 45.4999977], [-73.5733621, 45.4997195], [-73.57344060000001, 45.4996403], [-73.573826, 45.4998231], [-73.5737483, 45.49990359999999], [-73.5737718, 45.4999149], [-73.5736654, 45.5000289], [-73.5736028, 45.5000888], [-73.5734919, 45.5002033]]]}}, {"id": "153", "type": "Feature", "properties": {"building_id": "115784447", "area_m2": 221.73591762676986}, "geometry": {"type": "Polygon", "coordinates": [[[-73.5739124, 45.5004071], [-73.5739885, 45.5004445], [-73.5742127, 45.5002199], [-73.5741361, 45.5001824], [-73.5739124, 45.5004071]]]}}, {"id": "154", "type": "Feature", "properties": {"building_id": "115784448", "area_m2": 202.9219984923622}, "geometry": {"type": "Polygon", "coordinates": [[[-73.5736204, 45.5002522], [-73.5737765, 45.5000898], [-73.5738494, 45.5000139], [-73.5737819, 45.4999821], [-73.5735529, 45.5002204], [-73.5736204, 45.5002522]]]}}, {"id": "155", "type": "Feature", "properties": {"building_id": "115784449", "area_m2": 302.01875083515495}, "geometry": {"type": "Polygon", "coordinates": [[[-73.5739885, 45.5004445], [-73.5740793, 45.50048810000001], [-73.5743381, 45.5002257], [-73.5742526, 45.5001819], [-73.5742127, 45.5002199], [-73.5739885, 45.5004445]]]}}, {"id": "156", "type": "Feature", "properties": {"building_id": "115790297", "area_m2": 1793.462164355106}, "geometry": {"type": "Polygon", "coordinates": [[[-73.5755816, 45.5007596], [-73.5754523, 45.5006979], [-73.57540810000002, 45.5007404], [-73.5751668, 45.5009866], [-73.5751503, 45.5009785], [-73.5751365, 45.50099189999999], [-73.5750237, 45.5009363], [-73.5750335, 45.5009248], [-73.5749876, 45.5009015], [-73.5750675, 45.5008188], [-73.5750757, 45.5008105], [-73.5750615, 45.5008034], [-73.5754836, 45.5003756], [-73.5755006, 45.500380600000014], [-73.57552, 45.5003579], [-73.5755687, 45.5003804], [-73.5755801, 45.5003695], [-73.57578380000001, 45.5004699], [-73.5758258, 45.5004906], [-73.5758145, 45.5005031], [-73.575828, 45.5005094], [-73.5755816, 45.5007596]]]}}, {"id": "157", "type": "Feature", "properties": {"building_id": "115790301", "area_m2": 3795.12464969061}, "geometry": {"type": "Polygon", "coordinates": [[[-73.5766425, 45.5004442], [-73.5766077, 45.500429], [-73.5765848, 45.500433], [-73.5764253, 45.5005985], [-73.5764263, 45.5006128], [-73.5765499, 45.500674], [-73.5765711, 45.5006736], [-73.5765979, 45.5006477], [-73.5766269, 45.500663], [-73.5766491, 45.5006604], [-73.5766753, 45.500634], [-73.5768112, 45.5007011], [-73.5768324, 45.5006991], [-73.5768578, 45.5006724], [-73.5768878, 45.5006878], [-73.5769091, 45.5006857], [-73.5769324, 45.5006595], [-73.5770094, 45.5006987], [-73.57687850000002, 45.5008282], [-73.5769297, 45.5008524], [-73.5769253, 45.5008577], [-73.5771714, 45.5009803], [-73.5772814, 45.5008571], [-73.5773036, 45.5008545], [-73.5773178, 45.5008377], [-73.5773162, 45.50082539999998], [-73.5773519, 45.5007913], [-73.5773671, 45.5007993], [-73.5776237, 45.5005443], [-73.5772559, 45.500371], [-73.5772089, 45.5003483], [-73.5773314, 45.5002226], [-73.5773289, 45.5002068], [-73.5772843, 45.500186], [-73.5772078, 45.5001502], [-73.5771935, 45.5001507], [-73.5771687, 45.5001746], [-73.5771354, 45.5001587], [-73.5771128, 45.5001591], [-73.5768262, 45.5004498], [-73.5767608, 45.5004159], [-73.5767435, 45.5004166], [-73.5767219, 45.5004396], [-73.5766836, 45.5004223], [-73.5766626, 45.500423799999986], [-73.5766425, 45.5004442]]]}}, {"id": "158", "type": "Feature", "properties": {"building_id": "115790302", "area_m2": 1607.0185608836628}, "geometry": {"type": "Polygon", "coordinates": [[[-73.575826, 45.50033040000001], [-73.5756164, 45.5002295], [-73.5761885, 45.499647899999985], [-73.576238, 45.4996739], [-73.5764253, 45.4997627], [-73.5763469, 45.4998422], [-73.5762881, 45.4998142], [-73.5762708, 45.499834], [-73.5762959, 45.49984760000001], [-73.5762079, 45.4999326], [-73.5761838, 45.4999229], [-73.576165, 45.4999393], [-73.5762216, 45.4999696], [-73.5761524, 45.5000461], [-73.5761279, 45.5000342], [-73.575826, 45.50033040000001]]]}}, {"id": "159", "type": "Feature", "properties": {"building_id": "115790303", "area_m2": 908.2451203304033}, "geometry": {"type": "Polygon", "coordinates": [[[-73.5769761, 45.5000805], [-73.5769402, 45.5000633], [-73.5769595, 45.5000435], [-73.5768737, 45.5000024], [-73.5767842, 45.4999595], [-73.5767671, 45.4999771], [-73.5767356, 45.499962], [-73.5764773, 45.50022709999999], [-73.5765064, 45.500241], [-73.5764861, 45.5002619], [-73.5766752, 45.5003525], [-73.5766928, 45.5003345], [-73.576717, 45.5003461], [-73.5769761, 45.5000805]]]}}, {"id": "160", "type": "Feature", "properties": {"building_id": "115790306", "area_m2": 634.2743021876546}, "geometry": {"type": "Polygon", "coordinates": [[[-73.5772559, 45.500371], [-73.5773877, 45.5002337], [-73.5777567, 45.500411], [-73.5776237, 45.5005443], [-73.5772559, 45.500371]]]}}, {"id": "161", "type": "Feature", "properties": {"building_id": "124401245", "area_m2": 219.06749751883538}, "geometry": {"type": "Polygon", "coordinates": [[[-73.5774282, 45.4988896], [-73.5775044, 45.4989255], [-73.5776271, 45.4987976], [-73.5777231, 45.49869739999998], [-73.577647, 45.4986615], [-73.5774282, 45.4988896]]]}}, {"id": "162", "type": "Feature", "properties": {"building_id": "124401248", "area_m2": 158.83498188911648}, "geometry": {"type": "Polygon", "coordinates": [[[-73.5775044, 45.4989255], [-73.5775842, 45.4989643], [-73.5777538, 45.4987933], [-73.5777067, 45.4987697], [-73.5776611, 45.4988172], [-73.5776271, 45.4987976], [-73.5775044, 45.4989255]]]}}, {"id": "163", "type": "Feature", "properties": {"building_id": "124401253", "area_m2": 264.2817392928639}, "geometry": {"type": "Polygon", "coordinates": [[[-73.5775632, 45.4996899], [-73.5776343, 45.4997257], [-73.5774407, 45.4999307], [-73.5773795, 45.4999954], [-73.5773366, 45.4999813], [-73.5772977, 45.4999569], [-73.5775632, 45.4996899]]]}}, {"id": "164", "type": "Feature", "properties": {"building_id": "124401256", "area_m2": 625.3462238753068}, "geometry": {"type": "Polygon", "coordinates": [[[-73.5775306, 45.4986619], [-73.5775681, 45.4986242], [-73.577647, 45.4986615], [-73.5774282, 45.4988896], [-73.5771837, 45.4987732], [-73.5773682, 45.4985825], [-73.5775306, 45.4986619]]]}}, {"id": "165", "type": "Feature", "properties": {"building_id": "124401259", "area_m2": 499.5874776613638}, "geometry": {"type": "Polygon", "coordinates": [[[-73.5773205, 45.499078900000015], [-73.5773983, 45.4991165], [-73.577413, 45.49911369999999], [-73.5774318, 45.4991241], [-73.5774318, 45.4991344], [-73.5774788, 45.4991551], [-73.5774723, 45.4991672], [-73.5773822, 45.4992481], [-73.5773433, 45.499234], [-73.5773191, 45.4992406], [-73.5772413, 45.4993177], [-73.5772413, 45.4993337], [-73.5772574, 45.4993299], [-73.5772789, 45.499344], [-73.5771837, 45.499439], [-73.5770294, 45.4993619], [-73.5771099, 45.4992801], [-73.5771367, 45.4992914], [-73.5772346, 45.4991927], [-73.5772132, 45.4991823], [-73.5773205, 45.499078900000015]]]}}, {"id": "166", "type": "Feature", "properties": {"building_id": "124401263", "area_m2": 390.01064893086647}, "geometry": {"type": "Polygon", "coordinates": [[[-73.5775887, 45.499642899999984], [-73.5774452, 45.4995734], [-73.5775317, 45.4994785], [-73.5775377, 45.4994719], [-73.5776008, 45.4994982], [-73.5776464, 45.4994502], [-73.577641, 45.4994371], [-73.5776598, 45.4994155], [-73.5776933, 45.4994089], [-73.5777469, 45.4993421], [-73.5777858, 45.4993318], [-73.57781, 45.4993431], [-73.5778113, 45.4993609], [-73.5778502, 45.4993816], [-73.5775887, 45.499642899999984]]]}}, {"id": "167", "type": "Feature", "properties": {"building_id": "124401267", "area_m2": 521.74579163796}, "geometry": {"type": "Polygon", "coordinates": [[[-73.57714530000001, 45.498996599999984], [-73.5771984, 45.4990235], [-73.5772253, 45.4990231], [-73.5772391, 45.4990294], [-73.5772528, 45.4990366], [-73.5772534, 45.499046], [-73.5773205, 45.499078900000015], [-73.5772132, 45.4991823], [-73.5771944, 45.4991739], [-73.5770925, 45.4992707], [-73.5771099, 45.4992801], [-73.5770294, 45.4993619], [-73.5768638, 45.49928040000001], [-73.5768851, 45.4992673], [-73.576965, 45.4991842], [-73.5769798, 45.4991927], [-73.5769704, 45.499203], [-73.577008, 45.4992218], [-73.5770938, 45.4991363], [-73.5770952, 45.4991147], [-73.5770498, 45.499096], [-73.57714530000001, 45.498996599999984]]]}}, {"id": "168", "type": "Feature", "properties": {"building_id": "124401272", "area_m2": 298.43602240513854}, "geometry": {"type": "Polygon", "coordinates": [[[-73.5769195, 45.4997341], [-73.57690740000001, 45.4997501], [-73.5769959, 45.4997924], [-73.5772467, 45.499543299999985], [-73.5771582, 45.49949629999998], [-73.5770978, 45.49955269999999], [-73.5769195, 45.4997341]]]}}, {"id": "169", "type": "Feature", "properties": {"building_id": "124401274", "area_m2": 170.95147586098767}, "geometry": {"type": "Polygon", "coordinates": [[[-73.577751, 45.4990413], [-73.5778355, 45.4990818], [-73.5779807, 45.4989318], [-73.5780567, 45.4988533], [-73.5780299, 45.4988364], [-73.5779179, 45.4989475], [-73.5778663, 45.4989229], [-73.577751, 45.4990413]]]}}, {"id": "170", "type": "Feature", "properties": {"building_id": "124401278", "area_m2": 245.90750604009202}, "geometry": {"type": "Polygon", "coordinates": [[[-73.5772266, 45.4994286], [-73.5773701, 45.4992876], [-73.5773527, 45.499281], [-73.5773822, 45.4992481], [-73.5774723, 45.4991672], [-73.5775457, 45.4991988], [-73.5775136, 45.4992378], [-73.5772993, 45.4994644], [-73.5772266, 45.4994286]]]}}, {"id": "171", "type": "Feature", "properties": {"building_id": "124401279", "area_m2": 194.23774444768253}, "geometry": {"type": "Polygon", "coordinates": [[[-73.5768309, 45.4996967], [-73.5769195, 45.4997341], [-73.5770978, 45.49955269999999], [-73.5770142, 45.499515399999986], [-73.5769178, 45.4996107], [-73.5768309, 45.4996967]]]}}, {"id": "172", "type": "Feature", "properties": {"building_id": "124401283", "area_m2": 261.0019383614915}, "geometry": {"type": "Polygon", "coordinates": [[[-73.5775842, 45.4989643], [-73.5776725, 45.4990073], [-73.5777896, 45.4988892], [-73.5779033, 45.4987746], [-73.5778387, 45.4987431], [-73.5778272, 45.4987548], [-73.5778035, 45.4987432], [-73.5777538, 45.4987933], [-73.5775842, 45.4989643]]]}}, {"id": "173", "type": "Feature", "properties": {"building_id": "124401287", "area_m2": 254.03175826823724}, "geometry": {"type": "Polygon", "coordinates": [[[-73.5772993, 45.4994644], [-73.5772722, 45.4994916], [-73.5773459, 45.4995292], [-73.5774373, 45.4994359], [-73.5775927, 45.49927730000001], [-73.5775941, 45.4992622], [-73.5775686, 45.4992472], [-73.5775525, 45.4992528], [-73.5775136, 45.4992378], [-73.5772993, 45.4994644]]]}}, {"id": "174", "type": "Feature", "properties": {"building_id": "124401290", "area_m2": 531.2424278221374}, "geometry": {"type": "Polygon", "coordinates": [[[-73.5779588, 45.4991993], [-73.5781184, 45.4992754], [-73.5783732, 45.4990141], [-73.5782163, 45.4989398], [-73.5781707, 45.4989802], [-73.5779588, 45.4991993]]]}}, {"id": "175", "type": "Feature", "properties": {"building_id": "124401297", "area_m2": 314.4843498887698}, "geometry": {"type": "Polygon", "coordinates": [[[-73.5775887, 45.499642899999984], [-73.5778502, 45.4993816], [-73.5778757, 45.4993769], [-73.5778985, 45.499391], [-73.5778985, 45.4994051], [-73.5779387, 45.49942389999998], [-73.5776987, 45.499677699999985], [-73.5776705, 45.4996646], [-73.5776584, 45.4996777], [-73.5775887, 45.499642899999984]]]}}, {"id": "176", "type": "Feature", "properties": {"building_id": "124401300", "area_m2": 186.13952713047007}, "geometry": {"type": "Polygon", "coordinates": [[[-73.5774373, 45.4994359], [-73.5775317, 45.4994785], [-73.5775377, 45.4994719], [-73.5776852, 45.4993224], [-73.5775927, 45.49927730000001], [-73.5774373, 45.4994359]]]}}, {"id": "177", "type": "Feature", "properties": {"building_id": "124401304", "area_m2": 113.82324056586893}, "geometry": {"type": "Polygon", "coordinates": [[[-73.5776725, 45.4990073], [-73.577751, 45.4990413], [-73.5778663, 45.4989229], [-73.5777896, 45.4988892], [-73.5776725, 45.4990073]]]}}, {"id": "178", "type": "Feature", "properties": {"building_id": "124401306", "area_m2": 172.81556598429665}, "geometry": {"type": "Polygon", "coordinates": [[[-73.5778355, 45.4990818], [-73.5778328, 45.4991137], [-73.5778529, 45.49912590000001], [-73.5778757, 45.4991203], [-73.57790120000001, 45.4991297], [-73.5780769, 45.498952], [-73.5780406, 45.4989323], [-73.5780232, 45.498952], [-73.5779807, 45.4989318], [-73.5778355, 45.4990818]]]}}, {"id": "179", "type": "Feature", "properties": {"building_id": "124401308", "area_m2": 234.50027442578394}, "geometry": {"type": "Polygon", "coordinates": [[[-73.57790120000001, 45.4991297], [-73.5778731, 45.4991608], [-73.5779588, 45.4991993], [-73.5781707, 45.4989802], [-73.5780943, 45.4989436], [-73.5780769, 45.498952], [-73.57790120000001, 45.4991297]]]}}, {"id": "180", "type": "Feature", "properties": {"building_id": "124401312", "area_m2": 1198.9859274779863}, "geometry": {"type": "Polygon", "coordinates": [[[-73.5769959, 45.4997924], [-73.5769517, 45.4998413], [-73.5772668, 45.4999879], [-73.5772977, 45.4999569], [-73.5775632, 45.4996899], [-73.5772467, 45.499543299999985], [-73.5769959, 45.4997924]]]}}, {"id": "181", "type": "Feature", "properties": {"building_id": "128366318", "area_m2": 969.0667517649133}, "geometry": {"type": "Polygon", "coordinates": [[[-73.573067, 45.5005227], [-73.5727397, 45.500361], [-73.5727853, 45.5003121], [-73.57278, 45.5003074], [-73.5729034, 45.5001796], [-73.5729168, 45.50018429999999], [-73.5729637, 45.5001382], [-73.5732896, 45.5002886], [-73.573067, 45.5005227]]]}}, {"id": "182", "type": "Feature", "properties": {"building_id": "128366319", "area_m2": 267.69708439029546}, "geometry": {"type": "Polygon", "coordinates": [[[-73.5716683, 45.5006392], [-73.5717267, 45.5005771], [-73.5720596, 45.50073539999999], [-73.5719956, 45.5008008], [-73.5716683, 45.5006392]]]}}, {"id": "183", "type": "Feature", "properties": {"building_id": "128366320", "area_m2": 1320.8825209344493}, "geometry": {"type": "Polygon", "coordinates": [[[-73.5746005, 45.50177160000001], [-73.5748544, 45.50151249999998], [-73.5744548, 45.5013214], [-73.574415, 45.5013614], [-73.5743882, 45.5013879], [-73.5742444, 45.5015317], [-73.5742533, 45.50153730000001], [-73.5742342, 45.5015561], [-73.5742127, 45.5015761], [-73.5742691, 45.5016041], [-73.57426, 45.5016122], [-73.5746005, 45.50177160000001]]]}}, {"id": "184", "type": "Feature", "properties": {"building_id": "128366321", "area_m2": 731.6218826316349}, "geometry": {"type": "Polygon", "coordinates": [[[-73.5744967, 45.5012735], [-73.5747323, 45.5010339], [-73.5749702, 45.5011492], [-73.5747351, 45.5013891], [-73.5744967, 45.5012735]]]}}, {"id": "185", "type": "Feature", "properties": {"building_id": "128366322", "area_m2": 239.02412996323136}, "geometry": {"type": "Polygon", "coordinates": [[[-73.5725614, 45.5005312], [-73.5726221, 45.5004757], [-73.5729493, 45.5006347], [-73.5728899, 45.5006891], [-73.5725614, 45.5005312]]]}}, {"id": "186", "type": "Feature", "properties": {"building_id": "128366324", "area_m2": 298.0855882317665}, "geometry": {"type": "Polygon", "coordinates": [[[-73.5713644, 45.5009527], [-73.57142970000001, 45.5008813], [-73.5717648, 45.5010434], [-73.5716946, 45.5011128], [-73.5713644, 45.5009527]]]}}, {"id": "187", "type": "Feature", "properties": {"building_id": "128366325", "area_m2": 242.1225775007408}, "geometry": {"type": "Polygon", "coordinates": [[[-73.5725064, 45.5005894], [-73.5725614, 45.5005312], [-73.5728899, 45.5006891], [-73.5728336, 45.5007474], [-73.5725064, 45.5005894]]]}}, {"id": "188", "type": "Feature", "properties": {"building_id": "128366326", "area_m2": 473.03017632561586}, "geometry": {"type": "Polygon", "coordinates": [[[-73.5727263, 45.50085919999999], [-73.5728336, 45.5007474], [-73.5725064, 45.5005894], [-73.5723937, 45.5007032], [-73.5727263, 45.50085919999999]]]}}, {"id": "189", "type": "Feature", "properties": {"building_id": "128366327", "area_m2": 1477.0828488568097}, "geometry": {"type": "Polygon", "coordinates": [[[-73.5772023, 45.501531], [-73.5772127, 45.5015212], [-73.5771996, 45.50151480000001], [-73.5773016, 45.5014126], [-73.5774004, 45.5013137], [-73.5774132, 45.5013205], [-73.5774228, 45.501311], [-73.577712, 45.5014508], [-73.5777046, 45.5014583], [-73.5777196, 45.501464700000014], [-73.5777581, 45.5014824], [-73.5778412, 45.5015205], [-73.5778744, 45.5015358], [-73.5776045, 45.501796], [-73.5773323, 45.5016669], [-73.5773835, 45.50162109999999], [-73.5772023, 45.501531]]]}}, {"id": "190", "type": "Feature", "properties": {"building_id": "128366328", "area_m2": 252.9639931179645}, "geometry": {"type": "Polygon", "coordinates": [[[-73.5727397, 45.500361], [-73.5726773, 45.5004214], [-73.573003, 45.5005773], [-73.5730106, 45.500581], [-73.573067, 45.5005227], [-73.5727397, 45.500361]]]}}, {"id": "191", "type": "Feature", "properties": {"building_id": "128366329", "area_m2": 270.6333896679107}, "geometry": {"type": "Polygon", "coordinates": [[[-73.5714834, 45.50082519999999], [-73.5715435, 45.5007607], [-73.57188180000001, 45.5009199], [-73.5718225, 45.5009835], [-73.5714834, 45.50082519999999]]]}}, {"id": "192", "type": "Feature", "properties": {"building_id": "128366330", "area_m2": 244.72321986552421}, "geometry": {"type": "Polygon", "coordinates": [[[-73.5712592, 45.50106789999999], [-73.5713153, 45.5010094], [-73.5716389, 45.5011715], [-73.5716172, 45.5011967], [-73.5716159, 45.5012126], [-73.5716052, 45.501223], [-73.5715851, 45.5012296], [-73.5715703, 45.5012277], [-73.5715515, 45.5012202], [-73.5715475, 45.5012098], [-73.5712592, 45.50106789999999]]]}}, {"id": "193", "type": "Feature", "properties": {"building_id": "128366331", "area_m2": 870.1515671718314}, "geometry": {"type": "Polygon", "coordinates": [[[-73.5772514, 45.5020601], [-73.5773359, 45.5019743], [-73.5774204, 45.5018884], [-73.5770257, 45.5016986], [-73.5769409, 45.5017808], [-73.5768523, 45.501866599999985], [-73.5772514, 45.5020601]]]}}, {"id": "194", "type": "Feature", "properties": {"building_id": "128366332", "area_m2": 232.73065687450122}, "geometry": {"type": "Polygon", "coordinates": [[[-73.5729493, 45.5006347], [-73.573003, 45.5005773], [-73.5726773, 45.5004214], [-73.5726221, 45.5004757], [-73.5729493, 45.5006347]]]}}, {"id": "195", "type": "Feature", "properties": {"building_id": "128366333", "area_m2": 260.9135470710454}, "geometry": {"type": "Polygon", "coordinates": [[[-73.5715435, 45.5007607], [-73.5716085, 45.5007002], [-73.5719396, 45.5008592], [-73.57188180000001, 45.5009199], [-73.5715435, 45.5007607]]]}}, {"id": "196", "type": "Feature", "properties": {"building_id": "128366334", "area_m2": 251.21621119589747}, "geometry": {"type": "Polygon", "coordinates": [[[-73.5716085, 45.5007002], [-73.5716683, 45.5006392], [-73.5719956, 45.5008008], [-73.5719396, 45.5008592], [-73.5716085, 45.5007002]]]}}, {"id": "197", "type": "Feature", "properties": {"building_id": "128366335", "area_m2": 247.23073131734117}, "geometry": {"type": "Polygon", "coordinates": [[[-73.57142970000001, 45.5008813], [-73.5714649, 45.5008445], [-73.5714834, 45.50082519999999], [-73.5718225, 45.5009835], [-73.5717648, 45.5010434], [-73.57142970000001, 45.5008813]]]}}, {"id": "198", "type": "Feature", "properties": {"building_id": "128540892", "area_m2": 698.4038952801872}, "geometry": {"type": "Polygon", "coordinates": [[[-73.5712997, 45.5015186], [-73.5714381, 45.5013743], [-73.5710593, 45.5011922], [-73.5708809, 45.5013749], [-73.5709124, 45.50139040000001], [-73.570956, 45.5013493], [-73.571009, 45.5013767], [-73.5710823, 45.5014128], [-73.5710972, 45.5014009], [-73.5711677, 45.5014461], [-73.5711614, 45.5014516], [-73.5712997, 45.5015186]]]}}, {"id": "199", "type": "Feature", "properties": {"building_id": "128540894", "area_m2": 1702.7864578851293}, "geometry": {"type": "Polygon", "coordinates": [[[-73.5705788, 45.5022362], [-73.570344, 45.5021232], [-73.5704258, 45.50204150000001], [-73.5704815, 45.5020661], [-73.5705116, 45.5020357], [-73.57040780000001, 45.5019842], [-73.5703322, 45.5020602], [-73.5703176, 45.502053], [-73.5699799, 45.501888], [-73.5700082, 45.5018607], [-73.570153, 45.501713], [-73.5701619, 45.501702899999984], [-73.5702042, 45.5016969], [-73.5705128, 45.5018473], [-73.5707919, 45.50198229999999], [-73.5708009, 45.502014], [-73.570795, 45.5020199], [-73.5705788, 45.5022362]]]}}, {"id": "200", "type": "Feature", "properties": {"building_id": "128540895", "area_m2": 262.7267825307758}, "geometry": {"type": "Polygon", "coordinates": [[[-73.5708212, 45.5015254], [-73.5709264, 45.501417], [-73.5709569, 45.5014314], [-73.5709091, 45.501481599999984], [-73.5711994, 45.5016211], [-73.5711405, 45.5016813], [-73.5708212, 45.5015254]]]}}, {"id": "201", "type": "Feature", "properties": {"building_id": "128540896", "area_m2": 1220.075748252377}, "geometry": {"type": "Polygon", "coordinates": [[[-73.5708062, 45.5010696], [-73.5710593, 45.5011922], [-73.5708809, 45.5013749], [-73.5709124, 45.50139040000001], [-73.5708204, 45.5014853], [-73.57075340000002, 45.5014543], [-73.5706632, 45.5015479], [-73.5704352, 45.50143889999999], [-73.5708062, 45.5010696]]]}}, {"id": "202", "type": "Feature", "properties": {"building_id": "128540897", "area_m2": 392.6530767100385}, "geometry": {"type": "Polygon", "coordinates": [[[-73.5711994, 45.5016211], [-73.5712997, 45.5015186], [-73.5711614, 45.5014516], [-73.5711677, 45.5014461], [-73.5710972, 45.5014009], [-73.5710823, 45.5014128], [-73.571009, 45.5013767], [-73.5709569, 45.5014314], [-73.5709091, 45.501481599999984], [-73.5711994, 45.5016211]]]}}, {"id": "203", "type": "Feature", "properties": {"building_id": "128540899", "area_m2": 373.8286029758369}, "geometry": {"type": "Polygon", "coordinates": [[[-73.5706632, 45.5015479], [-73.5710752, 45.501746899999986], [-73.5711405, 45.5016813], [-73.5708212, 45.5015254], [-73.5707924, 45.5015126], [-73.5708204, 45.5014853], [-73.57075340000002, 45.5014543], [-73.5706632, 45.5015479]]]}}, {"id": "204", "type": "Feature", "properties": {"building_id": "130296840", "area_m2": 564.2255673155857}, "geometry": {"type": "Polygon", "coordinates": [[[-73.576545, 45.5015393], [-73.576585, 45.5015569], [-73.5764923, 45.5016508], [-73.5760138, 45.5014202], [-73.5760983, 45.501331], [-73.5762672, 45.5014061], [-73.576545, 45.5015393]]]}}, {"id": "205", "type": "Feature", "properties": {"building_id": "130296841", "area_m2": 1339.1840945519657}, "geometry": {"type": "Polygon", "coordinates": [[[-73.5759756, 45.5013798], [-73.5756567, 45.50122660000001], [-73.57568620000002, 45.5011956], [-73.5756447, 45.5011796], [-73.5758928, 45.5009305], [-73.5759411, 45.5009531], [-73.5759571, 45.5009362], [-73.5762509, 45.5010762], [-73.5762549, 45.5011082], [-73.5759756, 45.5013798]]]}}, {"id": "206", "type": "Feature", "properties": {"building_id": "130296844", "area_m2": 1342.8235433643472}, "geometry": {"type": "Polygon", "coordinates": [[[-73.5767469, 45.5013297], [-73.5764712, 45.5011971], [-73.5763532, 45.5011376], [-73.5766099, 45.5008727], [-73.5770074, 45.5010675], [-73.5767469, 45.5013297]]]}}, {"id": "207", "type": "Feature", "properties": {"building_id": "130296846", "area_m2": 737.0734965617393}, "geometry": {"type": "Polygon", "coordinates": [[[-73.5767469, 45.5013297], [-73.576545, 45.5015393], [-73.5762672, 45.5014061], [-73.5764712, 45.5011971], [-73.5767469, 45.5013297]]]}}, {"id": "208", "type": "Feature", "properties": {"building_id": "310237140", "area_m2": 1367.2411057867366}, "geometry": {"type": "Polygon", "coordinates": [[[-73.5751205, 45.5020275], [-73.5752767, 45.5018686], [-73.5754677, 45.5019598], [-73.5754827, 45.5019457], [-73.5755956, 45.5020009], [-73.5755818, 45.5020159], [-73.575928, 45.502186], [-73.5757741, 45.5023487], [-73.5751205, 45.5020275]]]}}, {"id": "209", "type": "Feature", "properties": {"building_id": "339801583", "area_m2": 1139.9220348545784}, "geometry": {"type": "Polygon", "coordinates": [[[-73.57607880000002, 45.4990529], [-73.5761969, 45.49893380000001], [-73.5757169, 45.4987048], [-73.5756916, 45.498733], [-73.5756619, 45.4987623], [-73.5756023, 45.498823], [-73.575479, 45.4989438], [-73.5754675, 45.4989558], [-73.5755098, 45.4989761], [-73.575522, 45.4989631], [-73.5755278, 45.4989655], [-73.5755817, 45.4989086], [-73.5755906, 45.4989117], [-73.5756052, 45.498897], [-73.5759642, 45.499059], [-73.5758717, 45.4991542], [-73.5759429, 45.4991896], [-73.5760488, 45.4990841], [-73.57607880000002, 45.4990529]]]}}, {"id": "210", "type": "Feature", "properties": {"building_id": "340038472", "area_m2": 581.1824571957299}, "geometry": {"type": "Polygon", "coordinates": [[[-73.5752914, 45.5012896], [-73.5752977, 45.5012831], [-73.5755548, 45.5014053], [-73.5755351, 45.501425199999986], [-73.5753831, 45.5015824], [-73.5751222, 45.5014571], [-73.5751491, 45.5014299], [-73.5752914, 45.5012896]]]}}, {"id": "211", "type": "Feature", "properties": {"building_id": "340038473", "area_m2": 1118.385602247145}, "geometry": {"type": "Polygon", "coordinates": [[[-73.5755351, 45.501425199999986], [-73.5758969, 45.5015998], [-73.5756637, 45.5018443], [-73.5753023, 45.50166569999998], [-73.5753831, 45.5015824], [-73.5755351, 45.501425199999986]]]}}, {"id": "212", "type": "Feature", "properties": {"building_id": "340038474", "area_m2": 1586.926000930807}, "geometry": {"type": "Polygon", "coordinates": [[[-73.5761388, 45.5017223], [-73.5763085, 45.5018024], [-73.5760179, 45.5020994], [-73.5759833, 45.5021341], [-73.575928, 45.502186], [-73.5755818, 45.5020159], [-73.5755956, 45.5020009], [-73.575638, 45.5019584], [-73.5756778, 45.5019185], [-73.5757128, 45.5019369], [-73.5759921, 45.5016527], [-73.5761388, 45.5017223]]]}}, {"id": "213", "type": "Feature", "properties": {"building_id": "340038824", "area_m2": 754.1666827276895}, "geometry": {"type": "Polygon", "coordinates": [[[-73.5758928, 45.5009305], [-73.57569740000001, 45.5008428], [-73.5756571, 45.50085619999999], [-73.5753984, 45.5011198], [-73.5756076, 45.5012141], [-73.5758928, 45.5009305]]]}}, {"id": "214", "type": "Feature", "properties": {"building_id": "340038825", "area_m2": 538.022574354225}, "geometry": {"type": "Polygon", "coordinates": [[[-73.5753984, 45.5011198], [-73.5752388, 45.5010426], [-73.5754938, 45.500781], [-73.5756571, 45.50085619999999], [-73.5753984, 45.5011198]]]}}, {"id": "215", "type": "Feature", "properties": {"building_id": "340038826", "area_m2": 285.9912905542679}, "geometry": {"type": "Polygon", "coordinates": [[[-73.5752388, 45.5010426], [-73.5751531, 45.5010019], [-73.5751668, 45.5009866], [-73.57540810000002, 45.5007404], [-73.5754938, 45.500781], [-73.5752388, 45.5010426]]]}}, {"id": "216", "type": "Feature", "properties": {"building_id": "340038997", "area_m2": 874.2233743457804}, "geometry": {"type": "Polygon", "coordinates": [[[-73.576006, 45.5009035], [-73.5756949, 45.500755], [-73.575721, 45.5007288], [-73.5758839, 45.5005655], [-73.5759162, 45.5005331], [-73.5759798, 45.500565], [-73.5761579, 45.5006542], [-73.5762219, 45.5006863], [-73.5762115, 45.5006967], [-73.5761952, 45.5007132], [-73.5761244, 45.5007844], [-73.5760925, 45.500816499999985], [-73.5760336, 45.5008758], [-73.5760263, 45.5008831], [-73.576006, 45.5009035]]]}}, {"id": "217", "type": "Feature", "properties": {"building_id": "340250453", "area_m2": 277.5861230387637}, "geometry": {"type": "Polygon", "coordinates": [[[-73.5739874, 45.4968824], [-73.5737481, 45.4971301], [-73.5737333, 45.4971318], [-73.573714, 45.4971317], [-73.5736959, 45.4971232], [-73.5736886, 45.4971117], [-73.5736886, 45.4971014], [-73.5736606, 45.4970861], [-73.5738151, 45.4969312], [-73.5739036, 45.4968425], [-73.5739874, 45.4968824]]]}}, {"id": "218", "type": "Feature", "properties": {"building_id": "340251815", "area_m2": 1591.255969047069}, "geometry": {"type": "Polygon", "coordinates": [[[-73.5766556, 45.4998938], [-73.5764253, 45.4997627], [-73.5763469, 45.4998422], [-73.5763176, 45.499883400000016], [-73.5763538, 45.4999032], [-73.5763284, 45.4999004], [-73.57630420000001, 45.4999088], [-73.5762908, 45.4999229], [-73.5762908, 45.4999398], [-73.5762989, 45.499953], [-73.5762667, 45.4999389], [-73.5762216, 45.4999696], [-73.5761524, 45.5000461], [-73.57588910000001, 45.5003124], [-73.5761132, 45.5004223], [-73.5763299, 45.5002055], [-73.5766556, 45.4998938]]]}}, {"id": "219", "type": "Feature", "properties": {"building_id": "340251835", "area_m2": 506.7612218867606}, "geometry": {"type": "Polygon", "coordinates": [[[-73.57630180000001, 45.5005101], [-73.5764705, 45.500338099999986], [-73.5764678, 45.5003213], [-73.5764388, 45.5003083], [-73.576462, 45.5002844], [-73.5764585, 45.5002666], [-73.5763299, 45.5002055], [-73.5761132, 45.5004223], [-73.5761492, 45.5004388], [-73.5761486, 45.5004469], [-73.5762821, 45.500512], [-73.57630180000001, 45.5005101]]]}}, {"id": "220", "type": "Feature", "properties": {"building_id": "340252173", "area_m2": 251.65074906188605}, "geometry": {"type": "Polygon", "coordinates": [[[-73.5749921, 45.5011269], [-73.5750665, 45.5011612], [-73.5748109, 45.5014264], [-73.5747351, 45.5013891], [-73.5749702, 45.5011492], [-73.5749921, 45.5011269]]]}}, {"id": "221", "type": "Feature", "properties": {"building_id": "340252174", "area_m2": 273.56540831331756}, "geometry": {"type": "Polygon", "coordinates": [[[-73.5751471, 45.5012], [-73.5751235, 45.5012246], [-73.5748918, 45.50146629999998], [-73.5748109, 45.5014264], [-73.5750665, 45.5011612], [-73.5751471, 45.5012]]]}}, {"id": "222", "type": "Feature", "properties": {"building_id": "340252213", "area_m2": 154.68039576767364}, "geometry": {"type": "Polygon", "coordinates": [[[-73.5752914, 45.5012896], [-73.5752058, 45.5012484], [-73.5751954, 45.5012585], [-73.5750638, 45.5013905], [-73.5751491, 45.5014299], [-73.5752914, 45.5012896]]]}}, {"id": "223", "type": "Feature", "properties": {"building_id": "340252248", "area_m2": 329.4049331337579}, "geometry": {"type": "Polygon", "coordinates": [[[-73.5750516, 45.5015409], [-73.5748918, 45.50146629999998], [-73.5751235, 45.5012246], [-73.5751954, 45.5012585], [-73.5750638, 45.5013905], [-73.5751491, 45.5014299], [-73.5751222, 45.5014571], [-73.5750516, 45.5015409]]]}}, {"id": "224", "type": "Feature", "properties": {"building_id": "340252742", "area_m2": 317.70203715534706}, "geometry": {"type": "Polygon", "coordinates": [[[-73.5750109, 45.5019671], [-73.5752517, 45.50170809999999], [-73.5752561, 45.50170339999998], [-73.5751601, 45.5016591], [-73.574913, 45.5019211], [-73.5750109, 45.5019671]]]}}, {"id": "225", "type": "Feature", "properties": {"building_id": "340253667", "area_m2": 1049.1030724808554}, "geometry": {"type": "Polygon", "coordinates": [[[-73.5775797, 45.50112], [-73.5777067, 45.5011834], [-73.5776816, 45.5012109], [-73.5777937, 45.5012638], [-73.5778199, 45.5012391], [-73.5779451, 45.5013032], [-73.5780619, 45.5011854], [-73.5781003, 45.5012041], [-73.5781622, 45.5011408], [-73.5781243, 45.5011216], [-73.5781752, 45.50107], [-73.5780357, 45.5010023], [-73.5780087, 45.5010282], [-73.5779108, 45.5009756], [-73.5778853, 45.501], [-73.5777633, 45.5009402], [-73.5776719, 45.5010298], [-73.5775797, 45.50112]]]}}, {"id": "226", "type": "Feature", "properties": {"building_id": "340253780", "area_m2": 283.2655858344257}, "geometry": {"type": "Polygon", "coordinates": [[[-73.5781013, 45.5006028], [-73.5782825, 45.5006908], [-73.578165, 45.5008115], [-73.5779786, 45.5007195], [-73.5781013, 45.5006028]]]}}, {"id": "227", "type": "Feature", "properties": {"building_id": "340253897", "area_m2": 368.418782315917}, "geometry": {"type": "Polygon", "coordinates": [[[-73.5779626, 45.500742], [-73.578218, 45.50087139999999], [-73.578227, 45.5008864], [-73.5782238, 45.5009019], [-73.5782107, 45.5009138], [-73.5781923, 45.5009202], [-73.5781721, 45.5009201], [-73.5781543, 45.5009147], [-73.5780869, 45.50097929999998], [-73.57800690000002, 45.5009401], [-73.578015, 45.5009308], [-73.5778551, 45.50085], [-73.5779626, 45.500742]]]}}, {"id": "228", "type": "Feature", "properties": {"building_id": "342186249", "area_m2": 1390.456660723943}, "geometry": {"type": "Polygon", "coordinates": [[[-73.5699449, 45.5019313], [-73.5701958, 45.5020559], [-73.5702063, 45.5020882], [-73.5698446, 45.5024602], [-73.5695682, 45.5023241], [-73.5696161, 45.5022744], [-73.5697537, 45.5021315], [-73.5699449, 45.5019313]]]}}, {"id": "229", "type": "Feature", "properties": {"building_id": "343564763", "area_m2": 614.7653089888181}, "geometry": {"type": "Polygon", "coordinates": [[[-73.5780864, 45.5016304], [-73.5778222, 45.501899499999986], [-73.5776492, 45.5018156], [-73.577756, 45.5017122], [-73.5777192, 45.5016922], [-73.5777767, 45.5016374], [-73.5778102, 45.5016518], [-73.5779128, 45.5015498], [-73.5780864, 45.5016304]]]}}, {"id": "230", "type": "Feature", "properties": {"building_id": "343565499", "area_m2": 972.6339404653618}, "geometry": {"type": "Polygon", "coordinates": [[[-73.5779721, 45.5018796], [-73.5780405, 45.5018167], [-73.5781022, 45.5018467], [-73.5782108, 45.5017415], [-73.578243, 45.5017593], [-73.5782591, 45.5017377], [-73.5783369, 45.5017819], [-73.5783462, 45.5017725], [-73.5783878, 45.5017932], [-73.57839590000002, 45.5017866], [-73.5784911, 45.50183360000001], [-73.5783999, 45.5019219], [-73.5783744, 45.5019125], [-73.5783275, 45.5019642], [-73.57831, 45.5019595], [-73.5782966, 45.5019708], [-73.5782121, 45.5019285], [-73.5782027, 45.501936], [-73.5782188, 45.5019464], [-73.5781719, 45.5019962], [-73.5782765, 45.502046], [-73.5781947, 45.5021325], [-73.5780593, 45.5020704], [-73.5780807, 45.5020479], [-73.5778527, 45.50193979999999], [-73.5778715, 45.50192469999999], [-73.5778621, 45.5019182], [-73.577893, 45.5018881], [-73.5779171, 45.5018618], [-73.5779721, 45.5018796]]]}}, {"id": "231", "type": "Feature", "properties": {"building_id": "384533959", "area_m2": 849.045650064794}, "geometry": {"type": "Polygon", "coordinates": [[[-73.573065, 45.4983728], [-73.5731354, 45.498304], [-73.5730814, 45.498279299999986], [-73.5730382, 45.4982595], [-73.5730815, 45.4982125], [-73.5726826, 45.4980191], [-73.5725384, 45.4981694], [-73.5729403, 45.4983582], [-73.5729722, 45.4983279], [-73.5729893, 45.4983364], [-73.5729725, 45.4983528], [-73.5730302, 45.498381], [-73.5730469, 45.4983641], [-73.573065, 45.4983728]]]}}, {"id": "232", "type": "Feature", "properties": {"building_id": "430173857", "area_m2": 4548.707321804921}, "geometry": {"type": "Polygon", "coordinates": [[[-73.5714225, 45.4962968], [-73.5714044, 45.4963163], [-73.5712011, 45.4965289], [-73.5714232, 45.4966392], [-73.5713597, 45.4967058], [-73.5713051, 45.496763], [-73.5710655, 45.496646], [-73.5708359, 45.4968887], [-73.5708696, 45.49690469999999], [-73.5715047, 45.49720889999998], [-73.5717806, 45.4968985], [-73.57205540000001, 45.49660449999999], [-73.5714225, 45.4962968]]]}}, {"id": "233", "type": "Feature", "properties": {"building_id": "475816305", "area_m2": 1751.8058628579956}, "geometry": {"type": "Polygon", "coordinates": [[[-73.5719454, 45.4980364], [-73.571587, 45.4978742], [-73.5716362, 45.4978233], [-73.5714956, 45.4977559], [-73.5717195, 45.4975145], [-73.5720144, 45.4976497], [-73.5720252, 45.49763870000001], [-73.572068, 45.4976588], [-73.57209480000002, 45.4976711], [-73.572124, 45.497685], [-73.5721874, 45.4977149], [-73.5721748, 45.4977284], [-73.5722191, 45.4977492], [-73.5719454, 45.4980364]]]}}, {"id": "234", "type": "Feature", "properties": {"building_id": "477900636", "area_m2": 2297.114624772756}, "geometry": {"type": "Polygon", "coordinates": [[[-73.5766915, 45.4985759], [-73.576966, 45.4983029], [-73.5769764, 45.4982925], [-73.5767108, 45.4981665], [-73.5767004, 45.4981763], [-73.57634320000001, 45.4979993], [-73.5762621, 45.4980846], [-73.5761614, 45.4981905], [-73.5760774, 45.4982787], [-73.5760616, 45.4982946], [-73.5763068, 45.49841629999999], [-73.57631550000002, 45.49840660000001], [-73.5764171, 45.4984595], [-73.5764295, 45.4984468], [-73.5764624, 45.4984642], [-73.5764523, 45.4984764], [-73.5766915, 45.4985759]]]}}, {"id": "235", "type": "Feature", "properties": {"building_id": "709491466", "area_m2": 33.373202169951426}, "geometry": {"type": "Polygon", "coordinates": [[[-73.5714571, 45.4998375], [-73.5714387, 45.4998561], [-73.5714043, 45.4998607], [-73.5713908, 45.4998534], [-73.5713781, 45.49984649999998], [-73.5713724, 45.4998235], [-73.5713912, 45.4998047], [-73.5714214, 45.4997991], [-73.5714363, 45.4998056], [-73.5714516, 45.4998122], [-73.5714571, 45.4998375]]]}}, {"id": "236", "type": "Feature", "properties": {"building_id": "830868093", "area_m2": 2104.574498619829}, "geometry": {"type": "Polygon", "coordinates": [[[-73.5705759, 45.4981682], [-73.5702932, 45.49820359999999], [-73.5699355, 45.4982501], [-73.5697537, 45.4981632], [-73.5697522, 45.49815069999999], [-73.5700047, 45.4978932], [-73.5703279, 45.4978511], [-73.5706907, 45.49802420000001], [-73.5706999, 45.4980378], [-73.5706885, 45.4980498], [-73.5705759, 45.4981682]]]}}, {"id": "237", "type": "Feature", "properties": {"building_id": "952155940", "area_m2": 620.1834545585313}, "geometry": {"type": "Polygon", "coordinates": [[[-73.5769455, 45.4969808], [-73.57679, 45.4969009], [-73.5765781, 45.4971189], [-73.5768082, 45.4972289], [-73.5770086, 45.4970155], [-73.5769388, 45.4969864], [-73.5769455, 45.4969808]]]}}, {"id": "238", "type": "Feature", "properties": {"building_id": "1001939245", "area_m2": 214.432081731185}, "geometry": {"type": "Polygon", "coordinates": [[[-73.5755612, 45.4998609], [-73.5756794, 45.4997409], [-73.5755281, 45.4996765], [-73.5754301, 45.4997887], [-73.5754381, 45.499803], [-73.5755199, 45.4998459], [-73.5755612, 45.4998609]]]}}, {"id": "239", "type": "Feature", "properties": {"building_id": "1035771164", "area_m2": 237.0556390274897}, "geometry": {"type": "Polygon", "coordinates": [[[-73.5716389, 45.5011715], [-73.5716946, 45.5011128], [-73.5713644, 45.5009527], [-73.5713153, 45.5010094], [-73.5716389, 45.5011715]]]}}, {"id": "240", "type": "Feature", "properties": {"building_id": "1107865934", "area_m2": 252.83387848548085}, "geometry": {"type": "Polygon", "coordinates": [[[-73.56997, 45.4968955], [-73.5700197, 45.4968445], [-73.5700489, 45.4968134], [-73.5700736, 45.4967866], [-73.5702658, 45.496877], [-73.5706705, 45.4970648], [-73.5706518, 45.4970854], [-73.5702447, 45.4968984], [-73.5702237, 45.4969219], [-73.570077, 45.4968542], [-73.5700191, 45.4969179], [-73.5699851, 45.4969024], [-73.56997, 45.4968955]]]}}, {"id": "241", "type": "Feature", "properties": {"building_id": "1111889407", "area_m2": 156.28293150340653}, "geometry": {"type": "Polygon", "coordinates": [[[-73.5753781, 45.4994133], [-73.5752344, 45.4993441], [-73.5753185, 45.4992568], [-73.5754583, 45.499328], [-73.5753781, 45.4994133]]]}}, {"id": "242", "type": "Feature", "properties": {"building_id": "1111892886", "area_m2": 699.7880415831387}, "geometry": {"type": "Polygon", "coordinates": [[[-73.5762219, 45.5006863], [-73.5764493, 45.5007961], [-73.576438, 45.5008071], [-73.5765034, 45.5008389], [-73.5763205, 45.5010213], [-73.5760719, 45.5009045], [-73.5760263, 45.5008831], [-73.5760336, 45.5008758], [-73.5760925, 45.500816499999985], [-73.5761367, 45.50083690000001], [-73.5761542, 45.500845], [-73.5761844, 45.5008126], [-73.5761673, 45.5008045], [-73.5761244, 45.5007844], [-73.5761952, 45.5007132], [-73.5762115, 45.5006967], [-73.5762219, 45.5006863]]]}}, {"id": "243", "type": "Feature", "properties": {"building_id": "1185492395", "area_m2": 458.45257708858276}, "geometry": {"type": "Polygon", "coordinates": [[[-73.5749929, 45.4971972], [-73.575186, 45.4969995], [-73.5750022, 45.4969144], [-73.5748468, 45.4970651], [-73.5748092, 45.4971015], [-73.5749929, 45.4971972]]]}}, {"id": "244", "type": "Feature", "properties": {"building_id": "1267493226", "area_m2": 103.46995117840042}, "geometry": {"type": "Polygon", "coordinates": [[[-73.5703176, 45.502053], [-73.5702793, 45.5020924], [-73.570344, 45.5021232], [-73.5704258, 45.50204150000001], [-73.5704815, 45.5020661], [-73.5705116, 45.5020357], [-73.57040780000001, 45.5019842], [-73.5703322, 45.5020602], [-73.5703176, 45.502053]]]}}, {"id": "245", "type": "Feature", "properties": {"building_id": "1371767089", "area_m2": 203.13424466031296}, "geometry": {"type": "Polygon", "coordinates": [[[-73.5747752, 45.49981249999998], [-73.57486960000001, 45.4997133], [-73.5750308, 45.4997918], [-73.5749863, 45.4998406], [-73.5749361, 45.49989], [-73.5747752, 45.49981249999998]]]}}, {"id": "246", "type": "Feature", "properties": {"building_id": "1371767091", "area_m2": 282.20894204687875}, "geometry": {"type": "Polygon", "coordinates": [[[-73.5746174, 45.4992687], [-73.5745254, 45.4992267], [-73.5747767, 45.4989781], [-73.5748629, 45.49901910000001], [-73.5746174, 45.4992687]]]}}, {"id": "247", "type": "Feature", "properties": {"building_id": "1491758871", "area_m2": 1024.0318115867306}, "geometry": {"type": "Polygon", "coordinates": [[[-73.5712109, 45.5009576], [-73.5711988, 45.5009689], [-73.5711901, 45.50097489999999], [-73.571178, 45.5009764], [-73.5711619, 45.5009707], [-73.5706597, 45.5007241], [-73.5708048, 45.5005717], [-73.5713343, 45.5008323], [-73.5713017, 45.50086659999999], [-73.5712109, 45.5009576]]]}}, {"id": "248", "type": "Feature", "properties": {"building_id": "a03e1236-2666-4cfb-9ecc-dba1a5be526c", "area_m2": 786.0608816290475}, "geometry": {"type": "Polygon", "coordinates": [[[-73.57620660000002, 45.4968474], [-73.5763814, 45.4966712], [-73.5767523, 45.4968567], [-73.5766054, 45.4969997], [-73.57647140000002, 45.496932], [-73.5764403, 45.4969623], [-73.5762216, 45.496854], [-73.57620660000002, 45.4968474]]]}}, {"id": "249", "type": "Feature", "properties": {"building_id": "b9720299-7ef7-42b9-a051-cba84490ca43", "area_m2": 24.56300760580924}, "geometry": {"type": "Polygon", "coordinates": [[[-73.5762474, 45.4975929], [-73.5762056, 45.4975667], [-73.5761576, 45.4976044], [-73.5761994, 45.4976305], [-73.5762474, 45.4975929]]]}}, {"id": "250", "type": "Feature", "properties": {"building_id": "855032c1-460f-4bcd-a831-5ead1160e2ad", "area_m2": 169.4299357589927}, "geometry": {"type": "Polygon", "coordinates": [[[-73.5781049, 45.4980587], [-73.5781328, 45.4980722], [-73.5782258, 45.4979761], [-73.5782785, 45.4979985], [-73.578269, 45.4980072], [-73.5780852, 45.4982007], [-73.578001, 45.4981644], [-73.5780788, 45.4980852], [-73.5781049, 45.4980587]]]}}, {"id": "251", "type": "Feature", "properties": {"building_id": "538281e3-84d7-499c-9cb5-1ff1395964b9", "area_m2": 97.04636845764782}, "geometry": {"type": "Polygon", "coordinates": [[[-73.574312, 45.500147699999985], [-73.5743658, 45.5000928], [-73.5742276, 45.5000261], [-73.5741737, 45.5000809], [-73.574312, 45.500147699999985]]]}}, {"id": "252", "type": "Feature", "properties": {"building_id": "366c8234-3cc9-4be8-9d26-b18d875efbce", "area_m2": 1666.6551835703362}, "geometry": {"type": "Polygon", "coordinates": [[[-73.573894, 45.5019003], [-73.5738476, 45.5019448], [-73.5739567, 45.5019971], [-73.5743422, 45.5021819], [-73.5744375, 45.5022291], [-73.5744916, 45.5021749], [-73.5746026, 45.5020542], [-73.5746541, 45.502004], [-73.5745483, 45.501953399999984], [-73.5743973, 45.5018776], [-73.5741696, 45.5017719], [-73.5740742, 45.50172760000002], [-73.5740202, 45.5017794], [-73.5739609, 45.5018362], [-73.573894, 45.5019003]]]}}]}